Entry,0,1,2,3,4,5,6,7,8,9,10,11,12,13,14,15
A1254,-1.9074623648,-6.11297952114,5.05268893,-10.8695176787,-15.4225545241,2.30468795768,1.54723016554,-2.36720541141,3.39740998714,1.43269775129,-2.88686327585,0.735778748406,7.11010665281,5.49742881284,1.83460632153,8.09462130629
A1257,4.49750217462,5.56280771613,2.53352045938,-6.75620725673,5.49151658357,-2.77811608264,3.01726874872,-7.38306995544,-2.6015525589,-3.1234809476,0.0519406598105,1.34957863109,-0.103410427579,-2.77408695941,3.72337450195,-5.29981270226
A1258,4.23498678621,-2.27805944905,-12.4078384878,-14.1829767266,7.905207381,0.623332576739,0.83071629738,-5.68238772242,-12.8358450728,1.07381389104,-2.21425091289,-0.485290306597,2.9134008521,1.24755573805,-0.994471029803,0.155503302828
A1259,6.24290486073,25.3790413579,-10.3005516645,-9.2868242317,-5.27791870458,0.0746308076628,6.6938975238,-3.69065532802,1.30132325923,-6.12125693995,-5.24327981952,-1.03328644667,2.43427440835,1.7368720861,-1.10653205463,7.10013970344
A1260,-21.8470465101,-11.0174002514,-15.0005051467,4.86248026551,1.59723053587,-7.25303174915,3.255254677,7.55060106146,0.313734602999,-1.97112433532,5.64584183713,0.132224303539,1.83978989964,2.2748012232,1.64520978211,0.737482267355
A1261,-8.63871995003,-4.15832679476,2.43595139853,-2.06575718539,-1.75575884427,15.6621261075,10.8298917876,2.02479158794,2.57502704143,1.36384599471,-0.265186362134,7.34547658098,10.8095699953,-0.643817452542,0.360700011103,1.18945100521
A1262,1.93400103288,-0.704386939045,4.3841023168,17.4379496941,8.58616878443,4.31536540985,-4.92464820905,-2.5547430355,6.3700987447,-1.570013133,-5.50843631843,5.00347681742,9.45769254854,-5.04870297611,-5.37737505273,-0.336880277268
A1263,-0.368450966057,0.0011554107217,-4.40714467663,5.67952843564,-9.24348738618,-6.42397626349,-10.0398403468,3.85576383118,-1.37517615279,-3.02236085823,7.71041997025,9.77809881357,1.50581611864,-7.41018088211,-3.09530862985,4.69420529021
A1264,-1.64607856315,14.957766073,-9.58117286956,-3.14174793111,2.8994750826,5.79888961244,8.95284998356,-2.77750290076,-4.82007783839,-4.38515818129,-4.22225796997,2.87222232165,4.95199457704,-1.50577043238,-1.50056715658,-0.648128583067
A1265,-14.758943808,1.66080311857,-7.28008549942,9.49592027789,7.35824607548,-7.13387937596,10.7816325644,-3.0664292945,6.80547269107,1.42708546143,-3.43076984753,-2.39415286426,-3.24188606819,-3.39190253946,5.67023775613,-2.76342718707
A1266,9.51187698497,10.4043238084,6.23781502846,-7.51865005603,-2.90546280348,0.253097425826,3.01844031558,-7.33881620536,3.39282966816,-1.25476724777,2.270744805,-9.824589737,-0.604038132109,-0.401936945137,5.24689920785,-3.39726721587
A1267,-6.23841979728,-0.794060166563,-9.92140360965,0.173391366774,-12.6199964112,-2.49999774911,-1.01954624312,4.33183781888,5.93940223181,-5.9006611191,0.621087251507,-0.0122181152033,-5.06465135775,-0.32504912974,-2.03241085533,-3.44002905765
A1268,-12.7045236943,1.39264194146,-13.2857913015,-4.01038718787,-0.869724724922,-3.5499794822,3.59075835538,-3.08138037586,-2.10907610695,-4.24463391886,4.15427731071,-0.271398922605,8.65024378586,-4.76399392612,-7.99626066496,1.00885462592
A1269,-15.3615210209,-4.66714663504,-13.8150844857,-7.03137045043,-7.53322080195,3.84205390803,9.27042246144,-0.66839143802,-0.613344198124,0.552410131157,-1.10075924029,-7.59318060088,2.12219410162,-2.84987049777,-7.51174426697,2.06345937168
A1270,-13.4754254326,6.41527727119,-10.5630714734,-1.88111476488,-2.42299463442,12.6835800081,14.0998614085,3.56960705266,2.07100686994,7.28132195973,-3.03941295065,-4.27806902329,4.84339915308,-7.24014160283,-8.43195164367,3.71257191598
A1271,-1.74913492783,17.0094434854,-12.2684320863,-1.26462087418,5.84295494249,8.54030481801,6.59740964523,3.5592007483,-1.13370382382,-2.83039944492,-0.136005651287,3.26780783814,2.67139506555,-5.95676421977,-6.49281619242,1.85418632842
A1272,9.80065721498,10.1796247185,-14.1282966445,-9.78061922888,-0.0687943708809,-8.09088111993,1.21927907803,-6.6259925235,-6.84875404845,-1.85559348679,6.03542739156,2.0577482503,-1.70712107758,2.60501166746,-0.0959404440927,-4.92625479677
A1273,8.01310237325,-1.71675162906,-13.8136110501,-6.85353786688,1.98136384435,-1.40535353854,-4.45791928704,1.90270501914,1.89177222718,-4.44043187884,-2.76239130617,-1.34454261668,-1.91515458383,-0.323915941687,6.07360695169,2.78404494671
A1274,12.4348767517,10.1958632134,-12.3562950292,-12.0821737474,-2.3181168908,-2.5905864792,2.3957676245,-7.72304656626,-4.11182778093,0.392786278932,5.09980640008,3.32702767621,-5.48113417503,6.89686140037,0.701743629651,-1.44538886577
A1275,-16.4220883166,-3.00199480973,-9.46573933734,-3.65249654183,-0.596765099824,-1.19272807411,-6.23629975767,-2.20369590343,-5.30504984477,7.27889545208,4.40866515209,-5.70369855326,17.0935163855,1.91445483674,5.56167350289,2.65587199156
A1276,-12.6908116534,-4.86275767796,-12.2554785856,-2.60147178967,2.3773909088,-2.80804779247,-4.63672871153,-1.65996184436,-5.45089212351,5.44735245621,2.99157379809,-7.29226367711,9.96036804682,7.8668175071,8.06584308059,3.61972456204
A1277,-12.117574641,-4.93594966205,-6.81482933726,-5.19965718289,-2.60569876497,-1.26462545563,-5.6055666201,-3.22722792559,-1.95777147729,7.93571189242,3.29698698585,-2.98961269616,13.1014794116,-0.537043085558,9.39619824052,3.00256221428
A1278,9.42386622392,5.17109375067,-6.52957367356,-2.41526431638,12.1614655851,1.45955806975,3.12593274464,-1.31522915154,3.83120398246,2.47793147118,8.37799277375,6.10551972275,-2.80521366843,2.65429052196,0.207223914348,-5.50692396733
A1279,5.08525836853,-2.89163734487,-0.273058623676,-1.36360588074,14.2921882426,6.3739620562,1.50989692746,-3.24866510333,-0.831878656264,-2.1097912253,1.76375942525,7.92528237535,2.55956999217,6.74252422479,-1.91681630986,4.83048293007
A1280,-7.13624465406,6.84448111898,-12.1928337388,-7.71396099429,3.65065377102,-4.87967967557,0.0908837680264,0.528256123467,-9.47335863659,-9.59121866515,-3.27827263584,0.929528100579,2.47579690296,8.51536704051,0.983774286814,-6.73251675476
A1281,-4.96148296769,3.75508194005,3.49251584808,6.56329219957,-3.07079116648,11.4308474215,1.32386200863,3.3275975352,1.50644333549,4.51301817938,-3.7052615991,-1.37976323336,1.55741439624,5.00732367268,-1.81190579306,-4.12420434871
A1282,5.15102357344,-1.34533234188,3.14078178169,24.3513864818,-3.35666263035,12.8760499865,5.85922622499,2.00811868998,-3.39029994703,0.66453195532,0.668051034922,-1.32146329767,2.40684762338,-1.17974839188,-1.13798572092,6.69291441622
A1283,-14.2391956024,-11.915774706,-8.96480077637,8.64317610678,9.84454155437,-11.3434093848,3.18179166176,6.40355105703,8.01344129388,-9.40370403444,-4.86455507176,3.64147362811,-7.63868246047,1.58556601644,5.10165392071,1.16694055002
A1284,9.33947887829,3.70951989353,-3.82504585086,-14.5393905026,2.69672125282,-10.9731083353,-0.776755137475,-7.93875564093,-8.0242551608,6.80536596276,1.80436515479,1.64822642564,0.733707094924,6.58495427184,-6.42850958795,-0.0454659699067
A1285,2.60121642403,16.7476274195,12.790887784,-3.71837639763,0.244432990008,-10.7969933862,5.30882726454,-9.58922622718,-2.09462373919,-2.70779049639,-6.73301757402,-4.55228636314,-0.516777078323,4.76831845426,13.4608756698,-3.75837910572
A1286,9.89520568147,24.5598365871,3.24253550052,-4.16824335502,6.20425614916,-3.79770604481,6.54163604307,-4.70911639796,0.677331379817,0.776519120412,0.76601247755,0.983193638326,-4.90050591708,-4.96866169064,5.67031332607,-6.51900091855
A1288,6.32660413473,14.065843816,-5.19842858585,-9.7604671915,-5.10655727924,0.213194569998,13.1033284121,6.24231650236,-7.91005805008,7.96211502558,1.97661561696,-0.354901495312,2.43887200099,3.52657460563,0.0211946555534,-2.17171488887
A1289,9.00883917163,-5.69168928565,-6.18576847753,-14.3147085267,0.388023940711,-10.7829501428,2.6160358754,-2.18329883116,-5.20550097024,3.94238334951,1.28452237097,7.92445810764,3.52562622651,-2.64122865559,-1.80915496769,1.18831998257
A1290,-0.837276518372,15.2752507326,-10.5784667131,-11.2885858386,-7.84253730985,-9.07535300364,3.96471283974,-1.09492140262,-10.2668122813,1.25956440398,-4.5069383223,6.5340686451,3.74851185389,5.48611452507,3.97494808546,0.624572392292
A1291,-12.0051614387,-5.58315993187,-1.892570008,1.59063036378,-10.6606212004,1.66968591753,8.09398789882,-2.51720833581,-8.15021949329,-2.04078763459,-0.797743761429,1.35078830939,-8.60371980911,6.28703132257,7.77464128262,4.74022056428
A1292,-19.6055543908,-10.1007823943,-15.2889217438,3.18356571948,4.02526750954,-9.13845103478,7.41194280454,-0.517585848464,4.47063938254,0.792592224875,3.0706721997,-3.75235995839,-3.27670207084,0.525278020186,5.17745674629,-8.16227538189
A1293,2.75042995878,17.0798617848,12.7141663555,-3.86298630021,0.120158338633,-10.2642762911,5.82870651708,-9.81156161563,-1.63328457072,-2.78966633179,-6.58840150287,-4.80252582665,-0.568261060653,4.85802623877,13.3387800037,-3.59281714229
A1294,10.3421913431,4.5618246351,-5.68464739457,2.88291355396,-3.84244943348,0.483880194938,-10.2346257026,-11.9366440987,3.991926203,6.81304402541,11.4975668983,5.19475036545,-7.36202411063,-2.38747046564,-9.47262906229,-1.06069210054
A1295,-12.3458918715,-1.20341001074,-5.47453139884,7.05597645889,-0.0476395851007,-9.34580544744,-0.0798107032926,-11.9214431571,-2.05244869728,-3.51095105778,0.308377737066,0.5891218982,-1.24926190999,-5.64254003947,-0.887011740302,-3.19101812921
A1296,-15.0112175729,2.06336185983,-11.4461421041,-6.89804806909,2.7935314125,-9.07881842337,5.99915344495,7.41487641527,-11.76655802,-6.24239494617,2.4875566511,-0.314380766452,-1.29420797816,8.7870770924,0.947938591682,-5.31454143517
A1297,-13.1371000511,-3.60149105479,-17.6187099906,2.52580470446,3.81379395402,-5.93847977888,0.595150975701,1.81122489586,2.94614891954,-7.38678245156,7.88887367745,-3.27144585601,1.8153902205,-1.14668136379,-4.29985695842,-8.55335154446
A1302,1.46930078396,-13.5027510485,-5.00936604758,3.59364493921,13.4867880714,0.544299939119,-3.38320005338,-13.0400413922,-10.7062905814,10.7273103097,-0.132350441909,4.40534479789,-3.31143540323,-9.02146551489,-2.81266206793,-1.0064596913
A1304,10.578949142,-9.35615018414,-7.76794822709,-3.94097081554,13.2853951532,2.6907208092,-5.62502113746,-2.93435716197,-2.86583397976,-1.45341578358,-1.64020448558,0.395108613896,-3.0019342338,-4.21203062688,5.011459048,-7.35877563046
A1307,-9.07315791381,-12.1684783275,6.04751566926,-8.76049296736,-6.90428829897,13.945609174,0.855563396937,2.34215759769,-5.80683138199,-8.72710231959,0.22948886763,15.266374768,4.87646869546,4.29355278364,-3.05350757919,-3.31715673084
A1309,-8.02768522056,-11.7859382842,6.19226486836,-9.11113453744,-7.09233229641,14.0300180959,0.959983204267,1.51860184629,-5.69353660163,-8.73597784925,0.212055739473,15.2631461244,5.25725348145,4.46600803044,-3.5308680595,-3.49086050574
A1310,-9.08995892712,-12.4404901722,5.79505144939,-8.99274961455,-7.33083341306,14.023734337,1.60140105264,1.78550066088,-6.38917285458,-8.06628246263,0.792661937336,16.2290005378,5.28382408737,4.26778098349,-3.13905289579,-3.39136453748
A1311,1.334509703,-9.59955660379,-6.94210950467,3.60322703933,13.6489554341,-0.307322231205,-0.219596562971,-10.9512119712,-10.6072483538,0.656145509108,0.61048419925,9.45936676739,-3.07841866794,-3.46884936685,-0.413833076242,0.659224918196
A1312,-9.40355822934,-12.2544371749,6.52890876513,-8.37727895493,-8.35392856357,12.0670743592,0.528932062249,1.27280541506,-4.54563736414,-6.37046994814,-0.423850697928,14.6750232145,6.86268321045,7.72132807921,-3.86919301407,-3.01934366466
A1313,-12.3382881662,-4.49384961007,1.13888436694,-8.95239506012,-0.342910958659,1.29948293715,2.92504882259,-1.29836180357,-8.78709051195,-7.67173092963,3.369209282,12.8478957246,2.41177906409,-1.16417205901,-1.70021664119,-1.39492681907
A1314,-8.67693604904,-0.134861931895,-5.63833949596,10.6056383252,-6.38394598224,-3.85367608775,-11.3711806598,5.21803037806,-14.887405454,-2.80547201538,10.6535144607,1.45232305383,-1.30579420059,0.6744213763,-7.21124698378,-0.269677051241
A1316,4.41832062862,14.3556490237,11.5906031299,-8.4176088089,4.82825205433,-10.9591546662,2.15615971799,1.54498211767,-0.73035942782,0.83917478473,6.77697224387,3.29900465046,-4.53625630895,3.88243541514,-2.7605336199,-3.88049802043
A1317,-2.38133512508,-7.43134055707,-6.2779221148,1.86777418103,11.639323567,-12.4945259696,-7.76454226144e-05,7.30042321684,3.38319410049,-6.39375692094,0.622855494947,4.98857816836,-1.52355393676,-8.90159161371,2.31198761515,1.80447155501
A1318,-11.4517645003,-9.76062754934,-11.603944092,8.96605851431,12.5824406422,-11.0757842624,10.3881358125,1.83976139624,11.3214702372,-6.47867828095,0.828574203608,2.43466496956,-9.94862031505,-3.1314647241,4.04780672941,0.847410559179
A1319,-9.42912232186,-12.6958678994,-6.22703447578,10.5524278931,11.7394426158,-10.5142780947,8.51744094788,4.73127319683,7.61520973477,-5.30127477537,-2.6995223264,5.44944201163,-9.72535555237,-4.49527916593,6.53237583627,1.75354229393
A1320,-15.3178221895,-6.39176825661,-15.3327322462,0.638281050717,7.37663213983,1.61199438597,9.18175076696,0.39467932716,1.91696380598,12.5088155743,13.7704611749,-5.98801979085,0.781207976963,4.03216940803,0.14170862045,7.13047075256
A1321,8.08226424268,5.04324476998,-7.84617045017,7.09324101315,1.85937366716,2.62738597514,6.83539683727,-3.69525851721,8.48384468491,12.9562446051,9.02846714665,6.05121446007,0.290167011022,-10.7364752704,-2.47693601045,-1.27302435677
A1322,-3.62890073596,-0.0241390271373,-5.66678829866,18.0342218401,2.91983935612,0.564050389302,-9.40975126716,-7.73738667949,1.91683877712,-1.81861579833,2.28867878553,-0.861515735195,0.252050457801,-7.81373016173,-3.53022799298,-2.26199639665
A1323,-11.0089852398,11.4279871457,20.799354592,7.34177571163,16.6736667088,-2.56767342386,-5.85822240149,3.37819365147,0.682577827285,-0.857613659755,-2.97113195264,-6.02919212706,-8.1171580268,-5.11796555734,-3.03551935975,6.42817125363
A1324,6.77448081927,16.621607185,0.800063762556,3.10056158624,-2.60497843567,-7.40046800586,5.13128295393,-3.77649927856,0.663606221591,-7.00430825715,-7.80662478413,1.81216575368,-5.70555510189,4.96751969583,6.38944394385,5.80952252163
A1325,1.59881204572,-2.50014311345,-12.1776402213,-10.9208956408,-8.30801957981,-8.48681337692,9.3514805615,-0.235150227029,-1.64739275851,6.53505289154,-0.0852062278129,-2.98213985764,-4.48657812389,-1.1627889972,0.403428678898,-3.16127766918
A1326,-7.10688108082,2.08872283944,-15.1770917684,-10.1194268087,-3.39779167123,6.33511780605,11.7540814312,-2.91813370031,-6.33734295211,3.89774939001,-1.16715023746,0.788506269042,-9.00970478116,-3.60638130598,-1.67825373118,0.205743521995
A1328,1.91325631505,-5.28849587374,-8.89585033693,-12.153122909,6.87796504251,-2.51732619691,0.771002521534,-9.918852313,-11.1625570278,2.13019457091,-2.55371401012,-0.298401812398,1.11729941193,-6.36263853698,-0.723199054705,2.44695721271
A1329,9.93693213831,-0.2869562697,-2.1675109331,-15.8172146635,-3.73502882977,-2.47015305787,1.41421443244,1.53137751482,-15.2263001638,2.50533116143,-5.18243185997,-2.41738034651,-9.2957579348,6.10068083416,-1.24928293573,-2.31408562338
A1330,-1.76439096141,7.1236065366,0.279695578172,1.06465104362,-0.160713563329,-2.15545881465,2.67588136277,-3.75107648235,-7.72928561751,-2.99317270637,-9.3892879472,-7.8612444717,-11.0671598193,-0.918720571881,4.36552601264,-8.26111969973
A1331,-0.780445617659,-10.1620668925,-5.54368797181,5.27910852589,4.99962137882,-0.743229276712,-4.76720602804,-6.7008356705,-4.11242559435,-6.58489683844,-4.58781940492,-2.19476975604,9.4940813585,-1.8924367149,2.83644146506,-0.259561455155
A1332,0.177247300176,-11.0763193538,-1.69698675632,12.4153771324,-3.04669789405,0.669485387463,-1.72609632606,-7.5015850924,-2.09173078468,-6.33474626622,-8.71553464522,-3.41308714675,-3.42186487486,-5.66557573838,5.50575202781,2.03364979146
A1333,1.70973377111,-0.767920326744,-0.598597334382,-1.92514123084,5.07650389801,11.376358904,4.23466069063,3.23958945375,3.92469797475,3.63601626503,-13.9741324441,-6.93929191388,4.09480196877,-8.83172024045,9.94808339677,-1.99872645061
A1335,7.09224349789,17.0478357814,-11.5542483186,-8.09685676894,0.746558453884,0.719818552547,8.91255934193,-2.53271204509,-0.0974275218832,1.33259469587,1.90096905338,5.06826983167,2.29139888742,-1.33465729593,1.11569052376,2.26446393048
A1336,13.7947740127,-6.47561998778,0.00833723377242,3.86405821709,13.646765204,18.308442216,1.77818140325,3.34738091447,1.95716820858,3.15703480397,-0.520276388556,1.71196261811,-1.85563116464,-1.15384175238,1.10056517869,-1.36534367178
A1337,7.22957205181,19.0529411964,0.437188737566,10.5675988809,-15.3920138137,6.06821583762,-1.66278739109,12.3944808432,-7.83768650154,-0.35888504903,6.26330321585,2.03323995777,-1.78744723632,-3.16986376453,-1.72405142896,-0.763118097313
A1338,5.91551708889,22.1349867928,0.263017963402,7.06730902327,-11.5031729741,4.58524219364,0.726466293507,10.2125011072,-8.31680702692,0.141668970678,5.15896156537,3.40639869597,-5.18482878349,-3.69973952753,-1.71644212875,-2.60824726763
A1339,7.47357349675,18.0265712826,2.45838182701,11.8381668119,-11.6396472772,3.41918169049,-0.568637732674,14.2224929339,-9.15406263047,0.771680510797,7.66067509988,-2.52714417277,-3.9292612907,-1.58396007722,2.6581327657,4.96635393924
A1340,-4.48888670211,-9.7952377903,6.276020748,-5.67333857198,6.77440875512,7.97117484766,2.71263618428,-0.385372478592,-4.06216240154,13.3134018331,-1.26596924612,-7.62636474924,-7.67555087515,0.68915779104,-11.2266728152,8.01427159308
A1341,-6.29461046058,6.90667476749,-6.19331729827,3.11044419136,-0.557394640806,12.2718632759,1.81931443723,5.65484442321,-2.20669570201,0.35084974056,-3.28326196625,-2.14650565891,-2.79813746682,-6.10089946622,-1.26239208793,-9.42511399064
A1342,-13.9373813326,-2.54722093943,12.1782201603,-0.736014328191,2.40701042516,10.8218774273,3.27583609367,0.244394953398,-1.19969282494,8.56682929952,-6.49103512491,-1.64963305267,0.0199569225832,-1.60049155858,-7.12165642727,13.6140823299
A1343,-15.0774872547,-6.53570502088,3.59734563095,-1.32108749825,-0.788875125098,8.76673322605,0.971029398106,4.1764750887,-3.6208051952,9.08340995907,-1.70562502357,-8.30492157178,-0.0462661061864,0.283899079588,2.6083598149,15.813139691
B1005,3.71921799762,19.4310342244,-6.73413999171,-4.32269183444,-3.37276530886,1.02463686126,4.78995708421,-1.15245324575,3.01477487302,-0.895185287682,-3.38792695969,-0.289098635793,3.42259132581,2.75447371167,-1.3376155182,2.09447325536
B1007,2.94251430177,4.62012713372,-1.44986781308,14.0428296349,-13.8544592368,3.68153337066,0.581120729497,-2.20001962628,0.410634513501,2.7108882268,11.3219008735,-3.63227574343,0.496585981451,3.78124503501,-0.101872753353,0.0314332434154
B1008,1.32745941557,12.5139015152,10.3781963172,9.58578448012,3.53756902137,-11.2291977471,-3.71997739624,-7.39260078862,10.9574740492,-2.22010244687,5.34539082232,-1.21537225204,5.21168562019,-4.93092202288,0.454439887115,0.334462930836
B1009,-1.30480692814,12.6632642706,15.5712066761,2.87611952445,1.53107906685,-8.91119584861,5.40198413667,-1.62106896134,2.1021365461,4.92240266351,0.580093011323,1.74837263553,7.3879614132,-4.27194348501,7.24695861551,3.61296212995
B1010,-22.0389427222,-7.55529396278,-17.205007633,-4.69391086812,-2.22389706423,-4.57496029317,8.21707576026,2.99212467319,5.10753835287,0.332626994482,1.23080089998,-5.49877165418,-2.24531044686,0.682878880381,-1.61997836281,-3.18102801131
B1011,-13.9933336168,-6.89280479733,-10.5131088917,4.39271506934,-2.60479753365,-2.94498541995,-4.92998625471,3.02467738104,-10.5480969941,0.536218074107,2.94500972774,-0.966329679449,3.89441544528,2.78950653376,3.81396604778,5.43317344368
B1012,7.79055172012,24.273386219,-2.02266897872,-10.9711302205,-5.17050145288,3.03177360833,7.67273691612,-3.3529682798,-0.568614127742,-2.37720324511,-4.10668448038,2.55132306511,6.98506982528,-0.916215259734,4.92610300913,3.57663014971
B1014,-12.2482777943,-3.85653168065,-10.8542459331,-10.7515775203,-7.00889168972,0.231475059514,6.75919097514,-0.643687539827,-1.85007719426,2.34442483739,-3.39275057993,-6.22136704417,-2.70342829657,-0.653111310209,-5.11351946353,-7.53635845275
B1016,15.517550217,0.0447426658383,-8.61412236125,-6.06405305417,13.7718628468,14.8817599044,-0.981392792498,11.3416586842,5.32052215205,3.81935296977,-8.78550612567,-2.42764808659,-6.08148380356,-7.98811473084,6.0908672814,-0.878066254613
B1017,6.62341738975,17.5069977254,-0.762650718041,4.9840631921,-11.1423489293,1.58123951194,2.51569883767,6.23066082036,-6.13093243052,2.31658518982,-2.73752406495,-1.4069529024,-2.9658742897,6.19051623789,3.16089859673,-2.62550007905
B1018,-17.5700565981,-7.42489122584,13.3928152164,-9.6973448765,-3.88171012259,4.28368483435,-3.24535359006,-3.18899321766,-2.38243033063,-1.61671419042,-1.64203134389,-3.11668703567,-0.452814133683,-2.01804980322,-1.49695169389,1.92471355418
B1019,-14.4024792036,-6.49347985824,-11.067297694,5.85049165373,7.68715353751,-9.41625331793,2.60960607021,-4.53170102596,5.91534644122,-7.73398875869,1.74805768259,-0.401977629769,-5.73128821666,1.06685256742,-0.159178940422,5.63575051481
B1022,-6.45168233588,9.35518162106,15.6815144957,-3.72253707318,2.21104289285,-12.5109976742,0.35397812952,0.650105382307,-0.0637465941388,6.17189030636,0.247262685936,-0.290218076868,-1.64699786735,-0.912487426404,1.76175591467,-3.1538853658
B1024,-0.808212276978,0.146463405735,7.59897074121,1.35061770666,-8.94432653461,-12.4497935718,-2.54571800212,-15.097614851,12.405524399,3.77045894287,-6.35291737623,3.70087306971,3.57017974829,3.91551120983,-2.72436940974,-1.4203397366
B1025,9.47806732395,7.60963001597,-4.76974670278,-9.44076905809,-1.11783150602,-9.82225120723,-0.481131010819,-3.05297733787,-2.33428748325,-0.939245753381,0.527816068103,10.6796687176,-4.24493795363,13.7159388312,-1.25228888721,-0.696758674058
B1026,-0.227572902818,-2.39306684047,9.04954298984,0.437600000365,-14.0178947036,-7.61705783965,-1.29567447288,-13.9189499584,14.725587242,4.40184213781,-6.34027379045,2.2189134185,0.3961863402,6.84282654125,-3.31021532054,-3.64381684635
B1027,-2.03343734752,-0.693644579584,10.4103249006,-1.24198888007,-7.79315055167,-11.594488848,-3.28275170714,-16.7747193239,14.9149401947,4.6472409776,-3.28672255299,7.40662776294,2.81635480649,10.2000608208,-3.01811742398,-0.394203967776
B1028,10.0092621718,8.52724424704,-3.56765192948,8.11840205118,0.8760080481,10.3373264498,7.26012795407,-0.0663034614514,2.02576831927,4.94235464973,4.37349893016,0.891774527258,-3.04590179631,-0.00793584998985,-3.71439822633,-4.58274082639
B1029,5.19708798643,6.9581255561,6.86908304408,14.8425530335,11.9634284078,3.33328332983,4.9045823046,-0.986575580023,-2.7138109775,0.753383336609,-0.954929694289,5.56083505105,0.128282419045,0.356568327047,-4.99432681956,-2.17719109615
B1030,-0.292526367153,1.97281532278,3.46779029741,1.11199993036,13.3438059932,4.34636957383,3.58769290138,1.86433225529,-6.85921019083,4.9559827931,1.16287355343,4.54516278516,4.49269332662,-1.045090203,0.240415907902,-4.67137907025
B1031,1.41442914823e-17,1.46442032447e-17,7.46058620032e-17,6.53932749692e-18,-3.89317958247e-17,-5.00693275136e-17,6.9451198109e-18,1.47268023061e-17,-5.5693336106e-17,-2.78600111037e-17,-4.67070733983e-18,-1.60808629879e-17,4.44250217384e-18,4.33245736628e-17,7.83530357457e-19,6.15494834373e-17
B1032,-11.8784330497,2.8840096378,-2.36859057432,11.6082796706,6.62984394915,-5.29697529751,1.96603210673,-2.9278219495,6.75389594295,-4.84248051549,2.79297381653,2.41433764759,-9.33339553815,1.22825675918,3.01333454344,-2.52164027709
B1033,-7.42352799444,-8.98975474524,5.05846649529,7.77797211748,5.40862375505,-4.68446071822,-3.00802823935,-10.9707411193,-3.84790615775,0.501634511467,-9.24530210138,7.73159891949,-0.476045305539,-0.954383274977,-5.22393843861,6.92323557302
B1034,7.20891624269,14.9051733671,-5.43772429855,-2.14138420819,-9.40799561249,2.4378425671,-8.28876868107,-5.31280591157,7.16482761888,-4.60484482387,0.887446015253,2.22566868627,0.623676153897,1.39890337817,-8.09841383972,6.90569377148
B1035,5.22516869135,8.33079863886,-4.94257287988,-0.333905130954,11.1605200131,3.40415195696,7.75908853379,-9.84400434566,-3.25743916355,7.41638713494,6.98238888841,-2.14629121461,-1.13921042803,1.76940761342,3.52096342348,-0.840877655145
B1036,15.7730120264,12.0538246144,-11.6076289133,-3.19518132672,5.99669181734,4.2947842958,1.436335006,-3.02484443326,4.7330976944,4.73375889672,5.09305154166,-4.01113570294,1.77864748318,3.62860815183,2.66205789314,0.563484949412
B1037,13.5259250422,6.85058061656,-3.443983146,-5.65315132001,9.6236330764,6.45485145283,4.60731116695,-7.81574948973,1.21107533395,2.68264366661,6.21896661241,-9.06677428058,6.04712492895,3.05980217333,-2.33628965974,-2.6521962062
B1038,9.221533165,2.49459061229,-11.0176888537,-0.278610964825,10.9451790625,6.92441592198,-1.46706501969,-6.86362303002,1.86065511423,1.48310888338,6.7969484895,-5.43281714616,-1.82757100046,5.18366086339,2.18542281441,-4.02992489824
B1039,6.81410467547,-12.1498377113,9.33078491193,-19.8556370732,-6.63646130331,7.5037163287,-0.227401369876,-3.06947766196,12.3861431492,2.4641605922,12.8732923388,5.190458543,-6.41644049239,-1.9147732963,11.7340401807,1.16069201677
B1040,6.90474579938,-11.843934116,9.21960131866,-20.0416701398,-6.39996500823,7.37118102065,-0.716718683208,-3.12697754121,12.6610132923,2.57735535241,12.9254648382,5.18761748647,-6.57876251799,-2.17212632963,11.7988146014,1.31453350243
B1041,-9.26079201849,10.7906891921,18.5118024396,-0.734750461672,3.90068791236,-10.2830853926,6.66013625617,4.42849986133,-4.15234774429,9.76419855126,-2.84235940521,2.84651304956,-2.2421281425,1.47587456087,-3.01538400466,8.0300673898
B1042,-16.3451611222,-11.3818537613,-10.1164490136,5.1971307088,-9.48356107273,1.03458224372,1.76798356104,8.90333418371,-5.35730518927,7.15020651088,0.486865653593,-8.21574780722,-0.975974037227,6.90048767898,9.32224376655,3.74094598
B1043,-5.45338021143,-11.8726956439,0.860454084564,11.7386386796,-11.0678433145,4.22093459866,-7.97323592521,0.232380081309,-8.88049347867,11.1081748023,-1.39339982467,-8.57620274563,5.14347636296,4.52552821586,13.8065950776,4.88885320323
B1044,1.0661586234,1.02012973518,-8.04997000958,8.63481492456,-14.321492939,0.426784796308,-5.02608227649,3.351781957,3.5536931563,-2.03274136218,7.43007374556,2.19561633879,-3.64165256232,-5.06274144669,-6.76251045058,6.96714234399
B1045,-23.2874231119,1.39884325472,4.28658270977,1.27348591223,8.68378437461,-6.3136507706,3.64377945399,0.709712030561,7.60986678114,7.84745977806,6.23767422872,-6.6168560063,-7.51411394412,3.59633910565,-2.19820755233,0.522174855174
B1047,8.31099225198,19.8939748363,-0.314002986245,-3.59711886006,1.61743998645,-1.69049512462,4.27898159754,-2.4205634815,0.857013368875,-0.115912844995,3.17710592333,-3.27337127648,-3.6237837296,6.70362062586,-1.0967883007,3.05768334322
B1051,-0.666711567325,3.69234167233,-7.79394185421,2.40948945036,0.472924636332,2.83165521186,-7.09939441985,-6.39904742044,-0.874800929278,-10.2601733198,-4.29217754095,-2.09475941624,-0.638875847419,0.179676436735,1.12624867941,-1.38010284163
B1053,6.31811227337,10.5347516624,-4.62794149719,-3.43558364535,-11.8001545409,-2.99829153106,-13.8750584125,-8.30382280924,9.55992634707,-5.86997496067,1.69121161758,2.22315935205,0.611352793341,2.13636788632,-7.29558938071,5.87358546926
B1054,-1.30421944715,0.927365884078,-1.7130692533,0.394765728046,0.331263784834,-0.177771160362,-1.28232546403,-0.885434439466,-0.663708527311,-2.94409708158,-1.17739315037,0.943179647005,0.722630074597,0.95166968909,-1.03748753579,0.130615141178
B1055,-21.4268730845,-8.55981083499,-14.834255423,-3.57037511263,1.83407279736,-7.57882286473,5.80024921771,10.2280012922,-0.843588712345,-2.41752264716,3.65314132862,1.06222951355,0.0344235527721,1.73876525285,-0.839647947332,5.3303735624
B1056,1.41442914823e-17,1.46442032447e-17,7.46058620032e-17,6.53932749692e-18,-3.89317958247e-17,-5.00693275136e-17,6.9451198109e-18,1.47268023061e-17,-5.5693336106e-17,-2.78600111037e-17,-4.67070733983e-18,-1.60808629879e-17,4.44250217384e-18,4.33245736628e-17,7.83530357457e-19,6.15494834373e-17
B1057,-0.336408864812,4.5317662588,2.15098929765,11.4143634339,7.21704901963,8.51225932514,-3.39474642876,4.12040175153,-1.89162272817,-3.88430827382,-2.93355496345,8.0955481973,11.9964913073,-1.19716071697,-0.943723263304,-3.82756694341
B1058,2.89020519998,4.22266380598,-0.200454251599,10.8818742416,-7.95594255988,9.03333957776,-9.85188155134,1.74841898031,-5.58368892784,-5.21665315814,4.20559288233,-2.07263443903,-1.62437875236,1.20690595374,4.25441705129,-4.0482529992
B1059,-3.92429125895,1.5336765907,-5.77021331561,-3.63425723535,0.594755412788,-2.03958118752,-2.1908797869,-0.663348183092,-1.13699662784,-6.88281543214,-4.93282482661,0.489490549507,-0.0419587582074,-0.479987149992,0.0593375538568,-2.29883104663
B1060,-10.0722409275,-4.62330329697,-11.0334202315,-3.43871819027,-15.4986754948,-3.85022198097,-0.888919368533,12.4326952279,3.17600253049,2.43102989587,-1.33038918484,-6.22793566648,-1.30717031408,-1.15088726554,4.37142476578,-1.81116386462
B1061,-3.0610943098,-2.78083308346,-4.233597378,9.93120255641,-13.2834638619,-2.25229685208,-8.74571325503,10.9470958469,8.48154344478,2.00016477053,2.09792439999,-4.90443843299,-4.55204383883,2.40670909054,-4.59128303012,-3.66861524061
B1062,-7.07962662425,-0.206475838525,18.8104358084,-9.99489321024,-9.89806500777,-5.89014126275,-0.984846656966,-0.819423335986,-0.6166208857,-3.52847801746,4.84006859768,-3.73086905231,-5.53803486815,-2.64098867282,4.59211674235,-0.792930402104
B1064,-17.2495273336,-8.83123931479,8.26819913999,-4.71871976731,2.62357476048,1.24522840398,-2.49270706635,-0.678352373717,-6.3733272043,3.54922172171,3.87346927723,4.48175674831,2.83354266884,1.53699008358,-4.12723325931,4.54414758564
B1065,-15.3207705203,-7.52080110114,8.5746665977,-7.8453224101,-5.02210330942,9.10519821,-1.40814846421,-1.35029955606,-5.86187289884,4.10622971425,-4.79027371036,-0.839251485023,-2.88172726763,3.99947141478,-3.32447139418,2.24818627443
B1066,-12.7816575248,7.42741041824,14.3799965874,12.9113735422,11.9954914713,1.90694967694,-1.67152564194,0.773414040664,12.1415626678,-3.26941000164,-6.13923421984,-1.89701390423,1.80335145904,10.9777469466,-5.15983901237,-5.39357180883
B1067,-10.8100221873,5.99308148555,14.9777215139,11.464588965,4.16390009764,10.3493068807,-0.78944767726,1.36137362908,13.1831027749,-3.37967686535,-9.24989820166,-4.9286110312,-2.49215477607,11.4086946941,-4.75757391229,-4.63822062377
B1068,-18.9378629254,9.53361314358,18.6187040956,-0.579560936659,11.6947470262,-1.45797181357,-1.75806611079,7.16373944918,-0.232803885761,3.97860349098,-0.50927197145,-4.12037278114,1.82564709068,7.46637179254,-9.91547126392,-1.22314621563
B1069,-2.71738190581,2.788511668,14.8679936346,-7.39036351451,4.00384581489,-7.73304278931,-5.10015409888,7.02402165009,2.58000806575,8.24245497025,0.994113446567,1.13091822296,7.75778178784,5.30910064661,-3.97527796768,-5.23535254918
B1070,-11.5827467327,7.57341086741,15.5181964801,3.72876766998,3.62881438166,10.4808670236,-4.03865625439,2.57437315176,7.58300602794,-3.47784081229,-6.00615792727,-6.28587587079,-4.45076174372,3.25929148569,-7.96963744338,-0.949754012691
B1071,-18.3809370407,6.54114826297,20.8671587381,2.5460991296,11.5369163469,-0.906052162767,0.673357112421,-0.767268861576,3.33070153672,5.60453148556,-2.43717187196,-4.09355454401,-4.76052657918,-0.252380860321,-6.06109438472,1.38764216918
B1072,-17.2365417151,-7.66072283198,19.0640250914,-12.6499612969,-2.81896678666,5.71792076372,-4.12462129218,0.462244911998,0.761274303432,-7.32547356332,9.89176608747,-6.31868543188,-3.49207567693,-5.18015491249,2.47689220216,2.534810077
B1073,-16.8256064544,1.1764187202,22.0550247796,-13.6205033551,1.7035554903,12.4667313105,2.52857145559,2.03182776301,1.09444882412,-2.87474311779,10.9723544037,-1.11225060738,-5.89746292668,-4.36099893666,3.15901139949,4.78603808296
B1074,-15.8540426254,1.7139270834,22.4545728752,-12.4956700653,1.88516236575,10.0956606616,0.111070591867,2.01033150927,0.992610449657,-3.5285508494,8.87239625934,-3.91357053294,-7.33966463937,-5.70672882495,2.84267183936,4.87711343999
B1075,-24.417469027,-4.48247011604,-2.87267714616,-7.4553932602,7.98701791338,-8.42089153254,3.44712807973,1.39904779428,3.88288684947,-1.69006088852,4.82882108347,-9.24456397089,-4.96688026732,-0.181682502266,-3.7412645464,1.45955864843
B1076,-2.41359332816,-2.28371079347,12.3693850617,-9.88100541836,8.28657604381,-2.92081567342,-7.55758270377,-0.188918323918,-5.18750869671,-4.68109876852,11.9773823749,-1.14805927461,-4.1677942723,-2.1295853525,-4.06712395907,-5.40337543144
B1078,5.44116363637,-5.53518884665,-0.19712010236,-2.72458825347,16.5177253246,5.09905830645,0.810970398859,-5.07146168534,-1.65483521023,10.7393642764,6.14050465245,-2.07688757717,6.18774374405,-0.857951444898,2.69005139195,-6.14436232077
B1080,-7.57828485219,-1.88420151653,-6.65464147214,-5.47640742031,-3.90766984383,5.63825023354,-10.2475615638,4.93399939483,-4.17338452675,-0.640364519732,-8.82837148665,-8.34897155034,-1.34940087668,8.76231922576,-2.7789300862,0.986643548058
B1082,-6.66848315046,0.664848968682,-5.16326161801,1.00394817139,0.474060121999,-3.89256903232,-6.1483603431,-16.2981962014,-10.9275348319,-6.42733928402,-3.79894339961,1.43089732905,4.25744025831,-8.56633591054,-7.09666041988,2.07814596373
B1083,-12.5145754114,-4.23978395548,-12.6937375654,-0.40725689358,1.8620625269,-5.5256136393,2.3774810605,-4.10824429549,1.18179487386,-1.10714137945,0.983221338987,3.46071818129,-0.386341949874,1.57914316123,0.637013320218,-5.41298138571
B1084,-4.56552316265,0.732782767101,-1.35107900811,3.73605965221,2.28175088613,-10.303367583,12.5475102043,3.21370739892,9.21823785474,12.1657644035,-5.70771904584,9.03926195513,1.35888087321,2.08807928906,8.40394544805,6.79903467467
B1085,2.02933935408,-13.9335046589,-7.52306715903,-3.23281063197,2.77553493326,8.66262322748,-1.83979913324,-8.53116596567,-6.64701618736,10.8385909112,-2.46400074065,-3.50746862759,-3.3265039393,-7.18972559018,3.70149058077,-8.72352617764
B1086,-1.61401064751,-0.658482444654,10.3187208669,-13.8062122765,0.0925919389398,-13.9570923717,-16.7694813344,12.8371143732,1.41393566823,0.424418160883,-2.26395057769,-0.447352772153,10.1749315732,-3.8937290982,2.97164006366,-6.3663762325
B1088,-12.7884768141,6.24073365815,16.5427295163,0.406491950466,3.43566445344,7.11203473096,6.43046218919,0.276178938022,1.78896641655,5.46325255947,-14.2069817179,-2.41478048636,-4.84161381272,-3.42404697207,6.09071670914,2.93003639729
B1091,-19.856723183,-1.85509256302,1.39630281091,-1.64570959539,0.938048725517,9.44727904092,9.06051832679,3.03426106399,5.00398507644,9.20114868284,-0.86813428617,-5.54610455199,-2.72313326923,-3.87832094086,-10.8172162506,11.7959785709
B1093,5.13287877747,21.2162826947,-7.17601081321,-7.99398819616,-2.11066197225,-0.655652991192,4.02399672694,3.21218469665,-0.435706905155,3.44353494672,-0.994284761301,-1.21395680257,-2.23100195158,3.50030179977,-3.58350433354,7.02665780744
B1094,-1.90007058844,8.04539853438,-5.05134559768,-1.22193645274,-0.528322986024,0.24758477826,-9.03163766537,-8.54430021277,1.5805917489,-11.116387501,-9.23364011279,-6.61205208932,2.18035551299,-0.675151177095,-7.60193652381,-6.75782624723
B1102,-10.8148606548,4.39802061328,-9.24521344711,3.03401880269,-2.25439112427,-18.0731894961,0.0501155273933,10.1179892064,2.89192999399,-5.70160992367,9.88071034278,-1.6652785799,-8.8928867075,-1.50811910104,-3.88942593879,0.199205046703
B1103,-3.36088130288,-4.33870396326,0.319349533035,4.78288715523,-5.50759161361,6.57598285569,0.72704719618,-6.74356173254,-2.37523533831,-6.82020647176,0.975107292195,1.56043400072,-0.445540916692,-1.8992508156,2.15819638829,-8.63197843539
B1104,-6.36809880597,-6.53553853851,-9.40789902257,6.62033819041,-5.76956669278,4.31365858904,-4.47271282205,7.52665964148,-2.07271864592,-8.02670122034,-2.66887475254,-0.12295189107,-3.82094664718,2.99052141446,-1.2724800877,-4.30296739341
B1105,-5.01233340193,-7.19854238177,-7.95270819122,14.5187100315,-5.88841194257,3.69981813827,-7.08050835094,6.15766227782,0.19116936476,-6.80532104936,1.01844083671,1.0845590811,-3.05735194687,2.7082775733,4.13914891934,-6.35391701291
B1106,-12.3079524738,3.45778283141,-8.11709438167,-7.16402351842,-2.7410696784,-15.4709607506,1.72302272265,5.08141412229,-0.868652911089,0.167464016976,5.02886616947,2.60966991605,0.998001660689,-0.762039777273,2.78700902216,-4.87438534287
B1107,3.44045034664,-9.01676143772,6.45862500489,11.1063825717,-15.0954936036,-4.40035569578,-4.91107328009,5.87771319553,-7.26218372369,8.60629065217,-3.02510214083,0.884404507097,0.801458267324,0.710565920142,2.31399120514,-10.1094905302
B1108,2.63077112638,-0.0642341857667,4.34415656975,6.4330461178,-0.0389485053626,2.69750411899,0.164940398449,-1.25154984105,0.0249063156284,2.83999008611,4.53050980891,1.4850545514,1.83823369114,3.09424005412,-2.5258623785,3.49627774402
B1110,7.03155086297,14.4324098472,-0.695017992112,13.7053066898,-15.2663054722,5.15950069104,-3.4006112421,-0.156646306981,1.83294392991,4.92731316031,11.1462062393,-7.94057608419,6.10028953555,-3.28249270792,-3.78615178288,-3.56516114773
B1111,7.51627446345,14.9833223694,-1.28822222074,15.4680503016,-9.2287352896,0.00863283956609,-3.71111677193,-2.55035402963,4.5139866525,3.80826949369,8.94514125533,-6.40684284819,6.80808233454,-4.65039807874,-3.00238995859,-2.54825394626
B1112,-7.82302509755,-2.32637277858,3.19865107253,-3.25762133083,0.566597351565,-8.83812530803,-10.7222387528,0.527459838957,-4.86660318254,2.92109149943,-8.22482799309,0.787361445494,1.59645966703,-1.55520447362,4.66444344587,-4.53769296803
B1113,-17.555071276,11.7552516049,24.9374578672,-8.46101312733,12.2517113735,-6.7078021417,-4.47165958232,4.00756196349,-9.07995317632,0.201316259164,5.4858973508,-6.62578335357,-6.19061816763,0.525361651541,-3.67923855056,0.608817400078
B1114,-10.1082370424,15.3420788816,23.9337432171,-9.4902358955,5.92318285392,-14.4163896826,-5.64191013428,6.9838035063,-5.33994391411,4.55532030481,5.4955330343,-4.76304004554,-6.6396747531,-1.72014898301,0.347483978173,-0.876419668839
B1116,-11.3011204214,14.0761662392,24.2995023495,-3.04267558647,8.01004286877,-11.248328895,-1.89560746242,0.768873874726,-8.0350875595,-1.29091084406,0.239710259134,-4.26080456831,-6.00614016965,-2.5576701377,6.31916556033,-2.81613224414
B1117,7.56295667717,-7.73761012168,1.15445421138,5.13321449284,10.4516613707,-1.07802368127,-7.5628099212,-3.80706811234,-6.57094934916,-13.4708382656,0.690741919894,-5.76763755021,15.3649868182,9.40970621038,7.10508562563,14.3842391507
B1118,-0.929661471079,21.3936763178,-0.12417356252,-10.2889246853,0.44270393025,-4.39348468962,-1.32400292456,-2.15664432858,2.39435131638,-4.89520030983,-1.60139361891,-9.80544187974,-5.71604949449,-5.11407965584,-1.86531628859,8.01078543667
B1119,-13.1158944513,3.85240029398,-0.433232490272,-7.12646521358,-4.87946249123,2.08260458921,-4.24011395347,-7.83241344307,-6.96345409165,0.320538575305,-3.86968480569,-8.31978824698,-6.22621001171,-3.06956905392,-8.36528984891,2.67894452287
B1120,-14.8886130341,7.82116915767,17.7507930682,-3.04579648728,4.482281921,9.25863833664,-0.716182511246,4.13261807884,1.98210680717,1.79363321337,-2.42056534169,-9.01441695522,1.07411438342,7.08893372148,-6.54549846753,-5.44188835763
B1121,-7.38924311017,14.6853440417,17.7481745288,8.01466167603,10.4283464874,-2.7552726996,-0.4277755019,0.873715847983,-4.64192123111,-6.87764980768,-3.36350644876,5.21651239406,-5.89249941951,-9.62022503859,-3.59398154561,2.00999252776
B1122,-6.04617396299,-15.025805642,-15.7898842112,-7.00863121811,10.7120571642,0.064087075649,5.12943522062,-0.442046010555,0.339827282786,6.60817590646,3.86697591669,-0.35141081724,-0.277685620245,-7.92711893963,2.00551765101,-7.3356885451
B1124,-10.0982863482,15.5104955906,23.9178266976,-9.7387559625,5.87717554136,-14.1999539919,-5.64158605405,6.63177803857,-5.51092661302,4.08334015031,5.37953739172,-4.84002567201,-6.64549473707,-1.3299409481,0.331548708329,-0.791085266495
B1125,-5.87296694868,5.21950474709,15.5713505219,-2.08719040171,8.93563691961,-0.598100484893,-3.32502311054,-0.161646724621,-5.05848482317,-4.41768944794,5.14041006642,2.07120564656,2.33112001252,3.00005981152,2.69998443862,-0.877084159339
B1126,4.06009940897,-4.50504542574,-5.42666815484,1.15107082947,16.5740594256,2.35854673002,-6.7672820534,10.8692374561,2.96610577933,4.86033623584,4.49939759287,4.34168344665,-5.8642352952,-1.77264649002,-5.5459835208,-8.68227875689
B1128,-1.07856765249,14.0728420088,14.7016253431,-0.760122268113,3.49607035499,0.438246114988,-2.19362193121,2.52702571928,-3.51920177002,-0.802087126771,-1.48134452981,1.72079589627,-6.04435296091,-6.04749825922,-0.00317898883528,-4.23098256571
B1129,-15.5480984204,-4.27666325282,-2.47672989474,-4.30556037717,1.32517530419,-0.633032190699,-1.88345356967,-10.9390833987,-0.992946700387,5.24699414442,2.00720187615,0.678209472884,1.8339208258,2.27541463511,-2.37764823353,13.0396124561
B1130,6.90494816701,6.49029846385,-7.43880733044,4.31729587316,-10.6844714908,-3.07758724075,3.94345311166,-8.33663314627,-0.3440754391,-1.27570616822,-6.60450276945,7.34929500113,-7.98039590615,-0.730630394388,8.00367528002,-0.902914951311
B1131,14.5927198913,0.951554904118,6.9477141285,6.20897665059,10.2686602374,-3.44287842035,2.79792945933,-11.1986704436,7.5593898626,9.23438483797,0.967323056094,8.36342997775,-2.96199227847,-3.92556884177,-4.67641262464,9.54727643423
B1133,14.015212978,-6.55125890964,8.11351579318,-2.37195243192,-2.0645749274,-1.98862835997,5.21404901172,-13.4578049655,0.393725687994,0.792483287821,-4.80222916374,2.08331040183,-7.61112052678,0.660382959219,0.742497699837,-4.30243682043
B1135,15.9032240692,-11.4968982529,5.09004525761,5.55993525083,10.0055161394,1.31551975821,-2.91910780964,-12.0934857722,2.90000155484,-6.29188225467,2.82466301699,-5.95723812886,-2.01931713161,11.4701737953,4.81578189085,-0.0675899002917
B1136,12.6195350801,-5.16949508106,3.31786014803,-1.67145976854,12.6036894909,12.4829810371,-0.239107230605,-11.4404198465,5.89118132889,-5.235324994,3.16503830059,-10.3487646277,-0.855989887988,9.72729927423,3.78732212464,1.24373289405
B1137,7.42204220367,-8.09238393503,1.43118449115,5.11034410078,10.3388943648,-0.982293736003,-7.78252676316,-3.73402662128,-6.43819457249,-13.5208040464,1.07923283409,-6.23452751112,15.7037018188,9.42354425481,7.06443393783,14.5506643543
B1138,14.3383078141,-6.79082881764,4.70479739879,3.37571896494,13.0170084311,13.9777699706,-1.47403359783,-4.56451146598,-1.28020412957,-6.25116521269,3.22713594593,-6.59737337969,1.12219057801,11.3426811757,3.33485646109,0.3188035824
B1139,8.48605544227,15.5643864972,-1.7656416487,-12.834957208,-6.25410556837,7.67967944516,9.82008210729,-0.0612789136727,-2.14452096049,-7.99559509203,-5.45245341373,-1.57661874586,2.42942559785,-3.41165772345,0.842437139954,-0.697125673912
B1140,8.23166572425,10.4025773396,-9.59581480597,-12.8047255715,-6.39607566759,-2.78646091156,4.89425659753,-6.08047802619,-0.667755010748,-13.5042471076,-3.50161041023,0.389482968517,1.68911002835,-2.02992050075,0.701993020361,4.85963711045
B1141,2.81504407845,11.1136498591,-2.28376629751,-9.71123301061,-2.47628207318,15.3987406889,9.10557618677,-3.25768045779,-1.80049843452,-13.980716115,-3.46355423486,-3.97455828659,5.12898050603,-5.75581838078,1.65042008547,1.93001598189
B1142,5.82717279203,19.2433249466,-2.48748590933,-8.55621885305,-7.68962375698,3.83568415651,9.75968835331,-0.468525940791,5.11154780315,-11.7760184729,3.38186976156,-2.92842501238,0.882786451381,-8.66561041504,4.69305087914,-1.96937192772
B1143,5.48077948205,16.0473177669,1.66149245483,-12.8440560245,-9.61977216484,5.37933336239,9.80421238703,1.39391086948,3.88160990336,-8.73798269822,-1.35656287081,-2.29512147668,2.5489589673,-3.89780458582,4.23391199408,-1.02140033479
B1144,8.2455288359,17.4941771088,1.05067547324,-12.1933755247,-8.70501780793,4.54267713501,9.17731078711,2.42233404815,2.5266034325,-10.2240875153,-2.60500430802,-2.47855983349,1.47779456352,-5.81832851995,3.89305657287,-0.943400394369
B1145,16.2474529615,-14.3057608774,-5.03041194696,-11.121409393,6.36618921263,9.1097386351,-14.5971315037,9.13107000078,3.15832905025,-0.499131584308,-9.01603107217,1.15120651337,-7.57937856427,1.03285795938,-0.517975566146,-2.88936206537
B1146,9.8078493568,-15.9468119489,-1.72297699057,-12.1539149514,4.08585711606,10.7824673923,-9.45137677625,7.13270942796,0.637825457595,5.19817926891,-7.58090187153,3.95730245554,-6.2939603625,3.36128621291,2.32244798637,-3.7008585375
B1147,-1.72615561923,-8.90236949287,-1.82018759026,2.04045889355,-16.3363457546,4.4834101671,-1.2604624575,2.67980201097,-12.019593271,9.14027006723,2.24993024827,3.79115819549,2.19085070447,5.44429505478,5.0033440759,0.137244002181
B1151,12.9370178054,2.89583502815,-2.26236449727,-10.1859512337,-7.32519586379,-4.40790731536,-10.5533710802,0.105878634016,8.74850392238,-5.09202137389,-10.9250032761,-0.262297088888,-1.61338604602,0.491259486633,-3.42171585287,-0.164970320208
B1152,-16.7308323041,-10.1809008299,-18.3236103923,-1.08075786055,3.4385769358,-4.94892573081,2.21045494474,11.0094090335,5.36235794825,-2.7765991007,2.60231875462,1.4223767932,0.842688524544,-2.58092450117,4.57893664893,0.349724738357
B1153,-14.7314995686,-16.6176168612,0.72456735541,2.7667349264,-4.0926461679,0.859586154478,7.20152177304,3.46176582833,-0.762741069626,1.36011259954,-5.87739112183,-2.83793303118,-5.48182892321,1.84685212887,4.04263468621,4.43352109337
B1155,2.92798144729,-3.36953334174,5.45726536584,16.5154960474,-17.5723823313,-3.89958611693,-8.49190964178,3.65579715497,3.71556075607,-0.640479013437,-3.40156393018,-0.545953154504,-3.00949695782,-7.49863754273,2.95550472431,-7.21058661239
B1157,-0.899234492017,0.645081745823,-15.3426796798,-7.14332021372,0.0957952972306,2.07275669655,-2.88396185984,-4.52076887524,-9.68572377907,6.09878090117,-5.11260060856,-10.5737635122,-0.12362945286,0.0505732967088,1.02422825675,-1.89202332932
B1158,-5.54771697035,6.2307591463,3.56548610659,8.80215708195,-1.34659926906,-5.61129317767,-11.5911459009,8.29670855871,-7.55633549898,-6.58994705627,6.48947831667,7.76503624614,0.596275595864,3.8457240662,-5.39723638201,-4.8288942834
B1159,2.96694320091,0.568952267435,0.405017198397,18.9211256272,-13.5278232138,2.80065840653,-10.9650477128,-5.20816255347,-9.20768961944,-4.97799820442,2.74403188184,-3.12742518284,-8.2474289521,2.36074863204,8.14056322788,-1.67845737498
B1160,0.927519314789,-0.0730634827777,-4.28046531446,19.2889657796,-9.664904723,3.71320168759,-4.44424097607,-4.92092160404,-1.61490317898,-2.92725177687,-7.81135319807,-1.32109953883,-5.26937986504,-3.83807550395,2.47443636306,-5.50632448344
B1161,1.23933176262,-3.85623124353,5.01995105995,3.53861633995,-17.9112987193,-0.372635596051,-7.718525944,-6.82421311542,-0.336489929712,8.37060580448,1.75531441135,-3.52304432505,6.45973822391,-8.84541484767,-2.77642894469,-7.3321550175
B1162,0.164208981874,-13.2251676604,-9.24184330108,-8.35922001043,9.08690847928,-1.56495027778,-7.0397534758,5.48946529834,-6.06545889526,9.84818428112,-5.83685018467,-2.46833378761,5.721371564,-1.86327160614,2.05523175179,-3.95107840354
B1163,1.84707009004,3.38720372568,3.51693691134,11.079638949,-1.51002529545,13.1874242872,-1.80375309746,-6.20707330133,8.80629811507,-0.169692776945,-0.837833686193,3.08119449492,-1.32297290342,-9.28251042264,-10.5706568914,5.84603815767
B1164,-1.14632041134,13.8169865482,-3.77556504963,-6.63165502172,-1.08846401098,-6.5220470546,-2.2710616618,-1.03957319732,-0.0616714419409,-5.69197592377,-1.87168440134,-11.5610685292,1.88408119702,-1.70409180659,-4.46258191084,2.38088052616
B1165,4.52968423826,-2.18486117305,3.70293117157,13.5850731069,1.65238894691,-7.36052373093,-7.43779603097,2.98396913091,2.17319211879,1.87076980118,1.43195550021,3.5895513397,8.75702867734,4.3658347832,-1.53492918383,2.29469478804
B1166,-6.66270908093,-2.78957205559,-8.60109645288,4.57856219151,2.99213991949,-1.73091773169,-7.09059848255,-15.3949242167,-12.9243987461,-4.16908134568,-4.22589845912,3.1703724441,4.24024471612,-10.7223242681,-7.01620914745,8.67922452457
B1167,-9.49102081456,-3.29257824703,-3.18472560919,-1.26278606064,4.20100459434,-1.530648164,-5.44826893313,-5.10560486428,-7.63203492448,-2.09496634984,-8.51987104151,2.75393152251,3.97059672367,-2.3606364619,-6.63313631565,4.83726676489
B1168,7.82084412096,-2.97229962628,4.88569335177,-4.61064268004,-1.86301694046,-11.2331939238,-3.1685973736,-15.9874781398,-6.28986844564,11.8668539884,4.54399188399,4.11711246076,-3.0116478332,6.33006996593,-3.58314877581,8.39541895982
B1169,2.98947613836,-10.4781133839,1.87850589408,-1.55877144998,-2.17873954094,0.851974728212,0.585872995583,-13.6672380854,-4.89967957134,12.4166034906,-3.29943452776,-2.98170020513,-7.27525903206,1.94084082959,-4.8879360579,3.99680033892
B1170,9.13842490227,-13.5473896503,-1.83549968724,-1.752409126,8.72912761319,-2.10671958193,-3.15579271846,-6.23106681773,-3.04785105736,-3.14593386087,6.08840664049,-0.502290327403,4.27708823995,-1.18225957586,-1.77133229272,-0.9632011335
B1171,-22.6762946754,-10.9674120706,-4.57641874057,-3.12783140587,1.06323975937,-4.00470151377,5.88783756305,-6.29056276786,4.59888720067,1.67325526069,0.97879666669,3.20184169262,5.30210492549,-7.384782912,-1.65811889777,-2.91902607062
B1172,6.69756950196,3.61178037816,-6.14854414909,15.793486196,-13.1321463163,0.683939815165,-10.7495352765,7.99794789839,-7.43420585208,-1.47219603661,8.55741185319,-3.76225789882,3.86404800643,2.32199769537,4.45430689273,0.796606356401
B1173,4.75771176363,-9.84649436821,1.07316044375,11.1419871567,8.92706832751,-7.64513713049,-2.81189888227,-0.0345104194825,-0.138346739699,-7.9438481318,-5.89824550477,5.45354594099,-1.91052625259,-12.1249276219,3.403433199,2.7318791258
B1174,6.6365265221,-2.99779042661,1.00644786714,-2.14916013927,9.09326946182,0.479771534271,-4.10708919696,4.65203166307,-7.79497588301,-4.48645773979,-1.51671809413,5.40634474563,-6.19963300613,3.81826585227,-8.68901344862,-6.46343673056
B1175,4.95790562297,1.06919573309,-0.72921314373,-2.75034527368,12.1758244303,0.578198186722,-1.73306508393,-3.63934456708,-7.50328223717,-3.69049271221,1.13964755248,1.92018606903,-11.0529349901,0.133052242628,-5.09745590937,-8.5378336201
B1176,12.7572190982,-4.59496704637,1.25468777058,3.18986784743,11.31200421,5.09053728022,2.28832109668,-3.95886596262,-6.51793948607,-3.09540251546,7.75186665517,-5.94358107759,-0.560578912873,-0.413106799648,1.26958064135,-4.55603879417
B1177,3.82146947183,-5.54495710789,-0.297017145062,7.71978932955,14.5528014697,2.06510662577,-5.87505078638,-2.974536415,-1.0741223516,-6.34793368954,2.53172927682,-5.0923830081,7.4403443019,-4.17006294064,3.20314588774,2.24590750793
B1179,19.0899636348,5.57446843382,5.92965821697,3.60325400988,14.9461256193,-0.373242424914,2.60838715965,-1.77515384289,2.96917455898,2.24688445122,7.96197117121,-5.16047831045,11.8409155967,-1.12515291576,1.43764232259,-5.44397763205
B1180,6.50245054984,16.5480866104,-9.72227771324,9.08873081838,-4.36930101948,1.47846750565,-1.25860898433,0.948420357717,-1.16188299529,-1.34104567598,0.357775248118,-1.76010602717,-2.10226246943,-4.96336192998,0.367213433299,2.29230840506
B1181,6.65587175702,14.8240496195,-2.79469072957,15.6509991147,-6.33852340447,-4.61535155678,-0.514860778131,3.67394377499,-5.09218826694,1.71085142357,-8.39297752318,4.45731914996,-3.87832881184,5.96061958028,6.49176266026,9.12628574227
B1183,17.9175202307,-6.97517113201,-6.48367692982,-11.387691031,0.535096701552,1.77790005194,-11.292547008,6.03955290725,4.4492520473,-1.68895206323,-5.7417361158,-3.44865764082,-11.0360001889,9.20577657554,-6.26657904053,1.0317269526
B1184,18.0826974155,-6.96252307766,-6.58032008203,-11.4548452024,0.701149264698,2.10103304634,-11.5475248022,5.8527190471,4.46481706349,-1.19925017065,-5.96844073321,-3.00076980342,-11.0239296174,9.30027262963,-6.48782098769,0.705335901989
B1185,16.1310090652,-2.80123139324,-3.19168921854,-9.07522952106,0.288535613999,6.42307203412,-16.6321732202,3.17374054727,3.20197065201,-4.99752216525,-2.96905675992,-3.24008230181,-8.43503951388,3.2486624753,-8.65575190504,-2.18164038642
B1186,10.8702560446,5.71486019378,-10.8894915722,-2.48993503782,11.6669662929,7.63837993199,-4.29333868071,-8.67699850643,0.679191706541,-0.234257660472,4.37516489565,-4.51580612082,-1.67520717951,9.20378935747,0.488526320425,-1.49332547447
B1187,13.8588987469,-4.40187436651,-8.98011701625,-11.2849822286,-1.30732438318,2.2539306573,-9.84244963977,-1.60243849927,10.4288922305,1.61084198869,1.88627429047,-5.47381899853,-8.07813672123,1.01713765404,-6.68588666465,9.32329581605
B1188,1.59556979078,-5.26237735694,-6.14812572997,-6.30026227451,11.7202234468,2.2826193,-1.82574970672,-6.32748993841,-2.54325781047,-2.32792682746,4.9217777837,7.2021423234,-4.39736429701,-4.09565909718,-5.70083946884,8.42222551022
B1189,8.53683808867,-13.4729069931,-0.846885111007,-14.1899367235,-1.29854827467,3.46054006011,-3.54814622146,4.2879822244,5.33067681965,12.0361036886,-7.24837377914,-0.473149486878,-7.72623967313,1.78114077126,-1.55108602123,1.61215752708
B1190,23.6535844515,-12.4304651829,-3.7072220762,-12.5489299863,1.3459850639,3.22543035617,-12.5181710197,10.6292468799,8.36032014769,0.858215780416,-7.86766807436,4.64791269121,-5.63089098858,-0.39820088407,1.84350535416,2.51033698192
B1191,-3.40367708937,-12.5930935208,4.08352815815,-10.5905588084,-3.33008549283,6.71974251027,-10.4003834933,8.6932831846,-1.79022828128,0.615257968956,-12.6692595142,0.398937161422,0.396845279107,-2.47302314414,-2.46892241009,10.7253413021
B1192,10.893377721,-14.5154833222,-1.2336174133,-10.1886290977,2.90692039204,8.70567794472,-7.56157099891,6.45844072577,4.37967338726,-5.06964606502,2.50029926678,4.62478320395,-9.91595496462,2.21510924289,-1.9980820844,1.91060502091
B1193,1.75159201325,-8.21515779359,9.39640029046,-14.7938358271,-10.434056319,8.84533482692,-5.2710740955,-0.854634396555,6.36336778373,-3.37975494816,3.03551414361,8.43122364644,0.164872472325,2.26271499275,11.0454767678,7.45450306869
B1194,19.1730855052,1.52476740336,-2.68296265704,1.02565407945,15.312566728,3.61295057481,-1.03031032892,-3.40895648001,2.68072253095,2.15567375984,4.82985586121,-1.44020821789,6.91104667263,-0.0447225047902,8.01358653031,-1.72208187209
B1195,15.4305941216,6.43335259143,-8.10658490078,-6.30593957955,3.58593652878,4.26635219741,5.09891073225,0.777806915582,3.89603535495,2.08521547575,3.21745785696,-4.15220182663,4.32680288168,2.05187274375,-3.68991328052,0.949921946613
B1196,-4.25818258434,-5.2063635907,-2.88818737017,6.85569771934,-13.3144126592,3.99956328169,-10.5293637564,-8.93351759322,3.78039989101,-1.86475898096,5.75945385361,0.5674083843,0.287429931516,-9.77290474585,-8.80628199973,-4.28757463807
B1197,0.631937072609,-5.14172435445,-0.334775589731,14.3218918858,-17.0388639457,-3.46855362942,-6.73993744644,-9.94585179949,7.88508256224,3.47253538431,4.69877176679,-0.702600542878,-2.62090216644,-4.49440074839,-1.56773980121,-1.66197712622
B1201,14.0957531872,-13.7276882218,-3.86108992636,6.25019913845,10.4122152918,4.11088160585,-0.999041654018,-6.1140268987,0.550810158906,-2.69535784757,-3.08592352072,-0.768402706143,-2.43135731677,1.09542844573,4.0815779631,-4.96805863695
B1202,13.6598140569,-1.13403372121,-1.22912304017,22.724142678,-8.70068488051,3.94292761026,-4.84220704819,5.57061367149,-4.41352793791,6.2992870599,14.5500198709,-1.17219281161,-7.18598447086,5.93815240809,6.77774179689,-2.0991110379
B1203,11.023030669,0.83187219141,-4.19922209627,21.4791831412,9.98374409912,4.51682077538,2.76932205113,-3.9431769782,-4.092794991,9.96784288143,6.70398939943,2.53679229081,-3.96660565388,2.51975245758,8.80277074489,0.75018629104
B1204,8.48154367348,13.0996053491,-0.414261247354,3.23092622775,-8.36084760013,9.86243984841,1.4394724516,4.11763382513,2.65308902101,0.237727262655,1.46343680801,2.5826966795,1.59417383935,1.76030749567,-10.3178165684,-2.55670040484
B1205,18.6351794841,3.80319028289,-13.6106431928,-10.6500040997,5.12026310058,-7.51993417336,-3.55061075567,9.64910860709,-2.32873620791,2.45233704728,-1.57338742276,6.53170469583,2.12754421548,1.42877378212,-0.0764409087575,0.883506798477
B1206,16.5435861335,-8.21678000102,-3.27035338331,-7.9276059321,2.61047713687,-2.59382094256,-11.150427076,7.30242807834,3.46231445583,3.00109725176,-2.18619023287,2.20913187322,-2.9386078154,-0.091870958889,1.1687943484,-0.642838023785
B1207,-2.55461177822,0.916176963027,-16.1480336184,-0.615493569186,-0.419433101621,3.45861808988,-9.10403387055,-3.41236259028,-3.87082997537,-6.29486547834,-5.3328594549,-4.11092797281,1.10125751197,-2.86674353322,1.4603082379,2.83365275645
B1208,7.37366280281,-1.49109814396,2.40777196505,-3.89936921979,-3.66049280914,0.996786623935,-5.80996332214,8.50085643262,8.315125096,4.06510064793,-5.6935048043,-2.40623655826,1.28916404163,-1.13255453351,3.88748498852,-4.11214645886
B1209,3.59956380644,5.41770054249,-5.05612365216,-6.01207793605,-6.99553599732,-4.15708605194,-2.50276356192,1.72909016701,2.78921749787,-1.33213605719,-4.05856136383,1.70400793921,0.263397337553,1.98306629575,0.413392933241,-1.67078741549
B1210,6.95403010476,2.6862184142,0.79517267497,17.9482116835,-17.9982778785,1.11258509569,-12.7890843552,-7.22667448814,-0.159493660817,3.95711193546,11.4899055607,-3.65308362587,0.186741688868,-10.1894992883,-4.98845791967,-0.715450290283
B1211,-0.37462215551,-9.89072997706,-4.97973240681,-5.79313489544,8.63942092358,-1.66424932794,-4.40672610056,-5.88824163552,-9.57719934567,10.2769328123,-3.44550854639,-1.37283418611,7.30686570213,0.349509866118,3.24979766058,-2.2669769182
B1216,-3.06407707831,-5.62794378567,-0.817190658099,-6.70619280846,-3.24819735007,-10.4221467904,-8.98156618544,-1.08625029543,2.64349975326,7.79322347388,-6.28202034609,-4.82919616462,13.0993101215,-5.96302787208,1.78363947385,-7.41729843744
B1217,17.5362139436,-7.75315354651,-1.72880295199,-14.7913933784,0.856454339817,-5.00981304921,-14.2418572055,6.90618080587,12.2440363622,4.46548475786,-3.68544533196,2.8782121428,0.740486271443,-0.76517694823,-2.6954277657,0.811106506164
B1218,-8.00150995891,1.09373775759,2.56447404896,-3.04347439648,-1.50879421789,16.6993966386,5.04573496823,-4.1586058585,-1.0296085509,3.0791004271,-1.10856487231,4.05618877953,1.75104879659,-1.41602059859,-4.03033466558,-10.9450560166
B1219,-8.5902584639,-3.7210505135,7.61942134315,-2.57445639291,-5.13372408957,17.4949705424,6.71694380066,-0.071220316636,-0.301659788682,6.82420391346,-0.102051017659,6.59988715784,5.00094071259,-1.76930666632,-0.465836285738,-9.918357127
B1220,-1.39355123788,-6.23226388054,8.29994563275,-8.10302888987,4.1382275473,7.80319342976,-2.56277045092,-1.40965773167,-9.09742287471,-0.439217908007,1.78940700893,1.6428624308,-9.35873795614,8.44204929025,-6.66011205571,-8.37819060163
B1222,-16.9148528205,14.4449552202,12.5862647256,-6.12484917503,9.0464840092,-1.47508745799,1.50338238008,9.02615383296,-6.57704201378,3.11112277964,-1.35977781141,-3.15158877105,-1.51774638992,-4.14225283433,-2.14870057632,-1.2112229247
B1223,6.53416638762,1.55045282378,-5.08212345172,11.7654031912,-3.16326807802,-6.84263216801,-5.98475878812,5.39787553005,-6.66489960119,6.55945372375,19.7247974949,1.67365163924,-2.36349441815,12.7995921654,4.31472074319,3.87324212639
B1224,19.7817091679,6.30895038056,-6.2190783609,-1.69405072038,5.45894899075,4.36538471455,2.2219469995,8.38152132632,4.73640450004,13.3115750668,-1.50393602976,12.9413951275,-4.18534676283,-5.19045565458,3.70913142398,5.486364249
B1225,-8.10776610636,3.2108717376,10.3632969886,-2.93502707664,-1.23494388762,-13.1786109996,-6.50088527462,-3.43408909635,4.01267971079,6.76685468947,-0.3003386869,-1.70488923961,5.71929155766,-6.8233506087,-0.142556991178,-10.5906919007
B1227,-7.80071779486,-6.52901951315,-0.192588490177,-0.985890612646,8.00401543199,2.96706449813,-6.84662762305,9.45400640842,-4.05118138956,8.46741421018,-4.92367182341,1.90552465787,9.45398212381,-12.611616604,0.00794098250629,-1.74991393215
B1228,-1.63526741525,-1.7787702288,11.9252006373,-12.9640851061,-0.512531960253,-13.8158284472,-16.49860068,12.5412944421,1.22610084744,0.431950535446,-1.05323816753,-0.336754486778,10.7564804376,-5.00212251704,2.24673043019,-5.78595141443
B1229,3.92067001967,9.0949791551,5.35286584198,-3.80561175212,6.37152468254,-9.08326364691,-12.0232339105,12.8044145037,3.78223745181,-0.478486869943,1.19602749771,3.28013827271,1.89955222108,-2.09311002259,0.236805566524,7.44405374478
B1230,3.77936092478,4.12927137202,5.24038062521,-5.99328859494,6.04843274294,-7.18104886453,-12.7439070528,9.19241782477,2.7691065943,-0.795940024474,2.23172955683,0.275458567235,6.51492206978,-7.47066660777,4.76006989661,3.20930448593
B1231,4.41524556997,0.40408602419,4.75455120649,-8.27201167195,2.50743572099,-12.9420056962,-16.2040915403,8.30681861894,10.2668633064,-7.42094404382,-2.29612755589,1.24196254317,11.7127466675,-3.65837040598,4.30171824292,3.84947897662
B1232,-3.98960384145,10.4012351009,-13.4419215554,10.813563725,-2.44084291592,-2.09647861901,2.99884121297,3.51076995501,11.2982410481,7.14426529658,7.77287803889,-1.99928399496,5.01010687572,-11.2101143468,-5.72972941103,6.30927749661
B1233,0.595938557453,3.34581385083,7.73633479373,21.3362521525,-1.63042893621,8.3923243078,-10.9698079056,3.20727839794,-7.34608293239,-2.7468362737,-1.20589571959,-7.47030336609,-10.1893999188,5.17440380121,3.60643074552,5.16218585012
B1234,-11.4290517565,6.87833300721,7.34314856174,2.06482528327,7.18404276256,-3.43813049054,-7.17828338107,-1.80133612274,-2.89526266077,-4.4894987896,-1.57517591109,-1.93784653071,0.593832909533,-1.14288361035,-2.64858531219,-0.608119316179
B1235,20.0013611882,6.73449368603,-6.37674591892,-2.24042792452,5.60902444368,4.71117152455,2.02303775969,8.58265068788,4.26079115884,13.014132398,-2.14524619635,13.3385960581,-4.48410487548,-5.56455427291,3.95913723982,5.44818925537
B1236,-12.3550003932,-2.34847755151,5.97956494616,7.66183072881,6.28527625339,-3.35225117148,-2.91941065831,-8.07025026133,-10.0050313442,2.5615453438,-6.83768397503,6.05138518312,-3.82765150457,1.50064049511,-6.7070708295,10.5323285504
B1237,-14.967720982,-12.2822850328,-0.0214439716728,-0.601262248397,-1.0969010738,-3.17889974527,5.07022689841,-9.85628750402,9.54349556753,3.58928683263,-2.11648094567,-0.490575049319,-0.143286177007,8.96189039017,-3.26944656096,5.73414949304
B1238,-0.0252390503134,-2.57149578877,5.45291103297,15.7769914623,-2.86908951347,8.8892844856,-0.720263215004,6.01418350526,-5.35422829839,12.1381668258,-14.1949812633,1.11472082434,1.24125077429,-3.31972212743,9.6272826206,11.7374204181
B1239,-8.11796847494,-0.282802703147,-16.9480305888,-1.15620440322,-7.9337950247,-0.92755982625,-2.37885934219,5.74434624334,-1.22758597293,-4.65351778727,-3.02090677398,-0.94350076747,-0.398592258429,0.631682469961,-4.47382307118,7.27735789128
B1240,-16.4039819836,-9.12677757048,-12.7369808443,-1.78858895365,-7.25019648158,0.177091943897,3.94071896936,0.353879221184,6.38433887067,2.19041105067,-2.62560215941,-6.85337071686,-4.53882399443,0.46437539806,1.11275275335,-0.185628799533
B1241,-5.3900299465,-9.94096302646,0.538790749665,-3.06551867217,-14.3747572016,-7.54801916734,3.30023859669,-1.26330857989,15.5001771898,5.88628545915,-1.63566316911,-3.48062547732,-0.440734839139,6.05977558751,2.09496629988,1.3909903383
B1242,-3.74134073218,-9.5539840907,1.65262767499,-3.18303714286,-14.9647990374,-7.25422939902,1.800162334,-1.20856583811,14.7519912702,5.94409901124,-3.12352121581,-2.98621088192,0.776878180468,5.9516068884,2.12902162509,1.01809039964
B1243,-4.90807897048,-2.57728742756,4.36865477958,-8.55160923669,-8.66490428228,-3.28879547709,-4.13303138367,-11.2930402961,4.14037472915,0.562665441749,-1.36900346944,6.11225481326,10.317394538,-1.98689202372,0.385902767263,-2.72276920227
B1244,-5.28192823032,-6.08285099409,-3.78097030188,4.57258621456,-0.257353571846,4.27795350207,-8.35895094074,-9.83416180493,0.828357463074,-4.6532912097,-11.9970172426,-8.05167246269,-3.51337983786,-6.70374802856,4.44015287992,-1.16430196707
B1245,-0.536812738419,-3.53697174902,-4.90394579659,19.8307244352,-6.91042480076,3.72369383088,-9.13263436059,-8.97326035483,-10.9111523983,-5.01989273862,-0.901030410814,-2.63224119492,-8.3055074811,-6.14260334035,-2.91611491144,6.08236961446
B1246,1.89901463534,-1.86262807192,-0.388003685938,15.3666414637,-12.0664998962,-0.844039912032,-3.21420535638,4.14228444757,-6.70863125207,6.70250619083,-4.62666048621,-4.538879018,-1.08683964787,1.32399018871,12.2678206632,4.35599081949
B1247,0.253191037381,11.3516964163,2.41597957327,1.67142284884,-3.79316358496,-2.31457767483,3.65602604384,5.48207658405,-3.69756197887,10.7812152495,-5.36760398893,0.588544447786,3.00332768042,0.663418327157,7.81710586887,3.28375784002
B1251,6.05821233233,-5.63048103333,-15.2333766157,-4.79754804652,9.41206184037,-2.23318221424,0.835072184002,-0.029828235064,-1.28206239775,-1.25285475922,3.00397262119,1.63527568,-4.23430163453,-5.83329852423,1.02876255174,-4.35457708891
B1252,10.9540703777,18.6108322528,6.24372413178,9.38911680035,-4.60762920148,-0.541627014511,-6.90535178765,-9.6754720102,11.1915162919,-2.12996923531,-6.93461172336,5.22834108437,-2.37306943309,1.29845914156,-1.95321147429,3.96463816443
BLANK,1.4351929716,0.27529640206,2.25530986914,4.44730844469,0.106321211597,1.93134792519,-0.328453682098,-1.12720440563,-0.214107239797,0.960880528797,2.65837579209,1.4547262615,1.41179325864,2.33797074163,-2.02887934771,2.32888525024
M1345,12.9831495738,-15.6282299364,6.36237265764,-0.102993922011,-9.08437634613,-1.54592728785,1.32190103367,2.71086812254,-0.750336179294,11.9033890847,2.86579210644,3.98180161746,-1.03258207726,6.31103567954,-0.384814843828,-3.35032845258
M1347,4.55438419304,-6.22874416664,9.27295838403,-3.50116171826,-14.1688458676,-0.253583482901,4.21600520315,-5.23963089793,2.14106495864,-5.5457644085,2.11587930031,11.6168599874,-6.26275002328,0.655080571011,7.31837520678,7.45521711855
M1351,25.4084910964,-23.7917287153,12.9302251862,3.78427363167,-7.85544786934,-11.4758002152,18.3611704027,4.36394863458,-5.47941771608,-5.28068683428,-0.354457617394,-5.36233972143,1.50635035935,-2.93376848699,-7.50376819345,0.0732910349322
M1352,25.2486223492,-23.5108256493,12.7480813144,3.80740870789,-7.76070567918,-11.2541959401,18.4859685386,4.23718848659,-5.17055965489,-5.41176448822,-0.530883885131,-4.98534922919,1.63043903255,-2.75757061457,-7.33416866629,-0.10232196412
M1353,25.5762213067,-23.8102795413,12.9122731893,3.94821346647,-7.71300608856,-11.3678047398,18.430419859,4.39871566815,-5.44608581535,-5.59673224425,-0.410998938252,-5.33959441936,1.73539689202,-3.02714544809,-7.37548882252,-0.144858914251
M1354,25.5588021288,-23.5544780441,12.848865228,3.6986694401,-7.76959891282,-11.1335643843,18.3909738739,4.38278608191,-5.22100247526,-5.57069903431,-0.662269217746,-4.89727567125,1.52222411243,-3.10069355712,-7.09295131003,-0.0848281113268
M1356,25.6357605139,-23.6201795187,12.7069333161,3.87319480146,-7.88225701423,-11.3159068543,18.1643311394,4.43829602586,-5.28039747032,-5.38661730021,-0.470901276792,-5.11025199344,1.38238855037,-3.06360354738,-7.19302622042,-0.220074475728
M1357,25.4229928005,-23.7134580684,12.8660128984,3.86818060912,-7.89893002907,-11.3362812519,18.1858283049,4.30652856857,-5.14991268888,-5.43842769419,-0.340605149997,-5.19558921077,1.55148761208,-2.83073583838,-7.35965526951,-0.1773568791
M1358,13.7339964441,3.14336457816,-3.22776916516,-3.34517413091,7.89453857095,-4.08842979065,-4.16891926466,8.01149718916,6.8874189893,14.0545974308,4.97661023897,4.44161901047,4.28165423147,-0.166915856808,-6.022385298,7.25701214651
M1359,22.4161450015,-9.12114214136,12.7478278939,5.76264642953,2.00437487158,-5.30049627049,16.1234917938,6.09523204043,2.15530665294,3.99341107001,0.921451471927,-1.14210306716,5.50473486214,-2.2872172454,-5.88477634292,6.28811260818
M1360,17.601784527,-18.5483720236,9.47911697537,6.19625719722,-5.10829895997,-6.72154064378,8.659437762,0.798497801917,-2.61739230014,0.325688148531,0.875992262748,-4.71737947135,-0.797403942768,1.16763032264,-2.37296325821,0.697454150347
M1361,25.2433289019,-23.8322093414,13.0075456203,3.76799818753,-7.89299945613,-11.0301294952,18.1874395198,4.38729124276,-5.602571885,-5.23616534932,-0.242179526747,-4.99302472083,1.54941884238,-3.10764947611,-7.40638189403,-0.356322710518
M1362,-4.7906247357,-1.23677285053,11.8909808321,2.11325482473,-1.22342366134,6.177000642,4.79623027593,-2.09154237542,-2.02671500647,1.15360679772,-6.65853484629,13.9335032079,7.72352397539,11.1182724308,-0.251510791169,-4.11335209645
M1363,-4.25858036097,-10.4989497136,7.57910058429,-5.963946295,-10.0387951727,6.61869296106,-4.73970588967,-3.00594287841,0.513062490446,4.20539482248,-4.74626573033,-2.03686575988,6.07903285173,4.05883627121,-7.09228453062,-8.20591334893
M1364,3.74252524448,6.13788381074,-3.78561595607,0.153418300357,-11.5133725086,-8.07717035733,1.84786076483,-5.01907627179,-4.51528599226,-3.32284816056,-6.78531211769,6.19233455627,-3.05971963462,9.43683866149,4.44848023544,4.46138978191
M1365,10.2564592225,6.05934348361,0.192710795045,-0.932436737635,-3.79247708013,6.76300607488,12.5087086281,-2.24174605375,-0.323323150068,9.03540856412,7.14787469354,3.33554574768,1.04408411134,-5.97921236421,2.16457264162,-3.75276592975
M1366,-6.26995326816,-1.89845882201,-1.23280221703,8.56203368612,12.1193962948,-5.11623208214,5.22778875738,-6.04008375298,8.57535157824,-2.81328424871,1.47009708652,-3.37694351293,-1.05192689532,4.18440553241,1.57515249382,7.50694787367
M1367,-14.5588797656,4.33136174977,-10.8281372139,5.88620650816,6.56131892674,2.32444131351,11.6757143151,2.3249179681,7.25775119816,-0.986598114685,7.30105576017,0.780832202409,4.27228767613,-2.04416008838,-4.6761336447,3.58335620167
M1368,-4.41576747025,-2.16191826382,1.15709945367,5.6509709097,-9.7671067514,-11.1778461295,0.316645225632,-7.67925563514,9.68576226794,3.84062600528,-7.63357229967,4.98465062648,-2.14539206773,0.676590440287,2.86006738035,-7.98930047417
M1370,-3.67712365009,-7.49113720511,8.98816812298,4.09721961057,-17.918203112,-2.28746063638,-7.9502382616,-13.9388654469,11.3440214918,11.2419262108,-5.61410570587,1.64787585135,0.348066601827,-3.60301160035,-0.490875131928,-7.9218517971
M1371,3.84656854137,12.1674663586,3.19965458281,8.63734348541,-4.98907410366,2.53512875002,11.2036602321,-0.286959289649,-3.1942785941,4.56616091484,-5.42259987359,9.46891251594,-3.5818630807,1.23056738531,5.64102266432,-0.638048918393
M1378,3.63915267925,3.60757152041,-4.96124972588,-1.47985075539,5.48553867702,15.0596738304,-2.455538103,5.99895681435,4.14657802016,3.87018436759,-14.1128678603,-5.62456048997,0.13873794138,-9.00586178127,7.87298391028,-2.17238225614
M1379,1.57212892195,24.172926252,4.09334829385,-5.13866115757,1.46131711508,-7.78810298136,4.81235832535,3.99428761826,-5.2172180037,0.501020061735,-0.320179975824,2.80751266654,0.37190972565,-6.36665549467,6.45308244759,0.447336719914
M1380,-18.2614023822,-7.42784397,-9.00916787743,-2.96062098851,2.00536307519,-2.90738993838,3.83359469421,-1.25222570897,-0.595244778978,-3.06109650506,2.75838618506,-1.54473145586,2.95460177123,2.17260536546,-0.9772475538,1.16455446598
M1383,6.87941386409,20.5081146919,-7.85766183485,-5.5368512247,-5.20165302568,-1.27434541468,6.77192394177,4.94026705198,0.19540411856,-5.5223118397,-4.19053743402,5.75036574267,4.9912766391,1.56489725011,-3.66827063721,6.59355798614
M1385,9.3190017244,14.3065705808,-1.11198920055,-5.72512675007,0.806486975126,3.32347629096,-1.42658539427,3.36976948259,7.62844868221,4.38867112212,-0.0888489112333,6.18171794609,6.63308031395,12.0391744623,-6.92250876496,2.38202168664
M1396,9.15895916632,1.20278731668,-1.93781708325,13.8497820133,1.28278993792,0.36600891489,-4.90944172999,4.15083280336,-5.26591858651,3.76498821827,5.35065177059,8.35084076826,-1.12265905874,-3.20211470864,1.56892196298,-3.11507066103
M1404,2.75912605706,8.18131170083,4.54859668339,16.1340353888,1.96186124126,10.3262208398,1.8004292969,-4.71095127878,2.03731003054,-5.12623709458,-3.20069186363,4.52002875111,1.57856167093,-0.255223460997,-7.37193852526,0.24063057894
M1405,-7.13458833516,2.1369164784,5.19000715431,-2.49587609043,-9.05168922053,7.40427294895,2.00412166425,5.09260381878,-1.96205077858,-5.07587090302,10.3170960678,3.17089325058,-1.86782112151,-4.00443636134,2.14908574906,0.426442579067
M1406,-15.3641054663,-11.6054355428,15.4687596662,-14.6880668308,-7.60768203505,14.5098320884,0.678967049766,-4.36885263509,6.91353122572,-10.4662012046,16.1062124388,6.12256470136,-0.938372019197,-4.73281352586,11.5300308114,2.59641693572
M1407,-15.0354760097,-11.6929626299,15.4444485018,-14.5810757336,-7.68180822551,14.5444752032,0.79044979137,-4.387112534,6.91346828288,-10.6524525813,16.4081492552,6.20095530665,-0.837411089012,-4.5807468557,11.2500122752,2.65022375023
M1408,-15.3007014571,-11.7808115537,15.276386437,-14.6829258343,-7.60278247575,14.3697020511,1.02198741508,-4.39723405874,6.94135991246,-10.7714731595,16.1060817796,6.16458949409,-0.577332732031,-4.6358777611,11.3919835064,2.72795460553
M1410,4.09432961779,-0.241499576726,-5.27925051185,-3.2902007708,8.71012519181,5.07427304848,-4.73787524331,6.92732756499,1.92487490209,-1.8847300627,-2.08713233491,-2.00034548733,-0.793133337739,-2.97484115644,1.80492607671,-0.52433324125
M1412,13.120712607,-14.1375116943,4.89674953544,5.13073912936,16.2996424113,-10.7790860149,0.941314020617,1.12826163469,2.53772915621,-4.81618479334,-4.15293251131,9.07413137011,-5.36121496439,-9.78882604752,5.69167441325,0.392756574409
M1413,-9.14576009847,-5.56412658446,0.370419055095,-0.16859800257,-6.62803962987,0.807328998053,1.18064871957,-10.205091272,0.388978130439,3.42282412454,-6.33092078794,-9.95616216654,4.91679666059,-2.32814190243,5.62397096508,-9.1027858639
M1414,-4.24257962807,3.29682483311,8.821314745,3.37988668111,0.455317459918,7.1501518216,3.77708278724,0.803675065916,3.64291806119,-2.5326227055,-10.1186238236,4.08798864581,13.5731986682,-0.651117281586,1.40911095988,-3.1020741766
M1417,-0.340882557069,3.12253051987,-7.49844303458,-0.0525274090121,4.2865323811,4.56179485798,-0.876611105051,17.1356504697,4.26870697732,-7.7773517163,-6.72234004426,1.44684518683,3.75465748487,-3.93007193321,-2.94248329921,9.09137580603
M1419,-3.0500359345,-8.35472095918,5.16725586239,-7.42833898079,-1.74753357574,9.38471170028,5.34769996935,0.32699537059,-9.79214960811,1.47054083301,2.29090145504,-0.883460117368,-2.83665927984,3.73956451601,-5.68048240905,-3.181361083
M1420,3.95580770681,-7.60172900206,-0.50208055883,4.85242926406,-3.66820672724,-4.52365048823,-11.3329227156,6.74437391256,0.941336982024,0.725063123535,7.07161409544,4.11390966486,9.26850684219,7.03823679983,0.128546869731,4.04498420244
M1425,-5.05214786787,11.4156927388,8.69635255657,1.57968773479,6.02571942047,-5.22836227132,-3.10074380618,-4.97172606237,0.0297405495709,-2.73497762241,1.14626909741,-3.43823283385,7.41645338855,-0.93382402662,-2.32997709161,-2.50810123928
M1428,-21.952753342,-11.349696189,-6.56306128275,8.88252551219,1.06482694644,-8.71244688711,11.0408985887,-2.14556465755,3.74665339697,1.41723724064,1.85316080957,4.36892823891,-7.40913456977,2.76715291593,2.89757230846,-1.77706697504
M1429,17.3314434994,-7.53274208718,12.60087341,7.59645862205,6.71683973987,7.05450967091,6.42198214839,6.4682323393,4.81504786317,-4.64817430909,4.79258361384,-13.8412451488,4.65662346069,1.68086321415,0.804355496676,-2.80441459798
M1430,17.8494391206,-7.73741918125,6.67291617318,7.75450964262,19.617022478,1.83171937079,4.43457593699,3.75788406348,2.65286459562,-4.61740635803,6.82614296084,-8.57763586533,11.5020355116,6.79971856359,5.25106726247,2.06241803992
M1431,20.5141890798,3.43608307563,-5.04026379281,-9.36425915575,-0.869674200041,3.4862288965,1.13413628581,-3.12494843435,1.97957451381,1.66948520905,2.39249929556,-13.0255996256,3.67508370133,2.98212500674,-1.46516894988,-1.45936470365
M1432,20.6751158214,2.51251877103,-2.70868096686,-11.6771062744,1.75910173827,3.27522737262,-0.476305449419,-2.24562790565,9.22953967102,-1.63923328412,4.493281756,-14.7344130945,4.26883813999,0.721956346954,0.638064391038,-3.33980852558
M1433,19.3388083694,-13.6360549885,6.74940301999,6.70986033557,9.07225068008,4.04935339512,8.10015265072,3.6746651199,0.88014314223,-6.21940123088,3.11789166282,-11.1535606624,0.794790765483,2.65267195551,0.989576291415,0.733526152312
M1438,-3.95720311837,7.79916943918,-6.16068072268,-4.5037259986,-3.5913667664,-12.3335072721,-1.30447901792,-1.19521950348,2.03884065706,0.204914146035,-0.638439436536,0.218193615311,4.07425850118,-0.527587821723,-0.917151972639,-7.46606329915
M1463,0.914268575154,5.83190834265,-1.82399976655,22.8679419206,10.3745785088,2.95986771989,-2.61362587643,3.29347290829,-3.43174167669,-2.29642731248,-4.52414114093,2.84861046621,3.62756814135,1.70458260473,4.2377176993,2.88815676855
M1464,-4.14257238632,3.61285810206,3.83724025137,2.10944631404,-3.55111482071,15.684323179,9.23781801887,5.72771833961,-7.59273593763,4.2042719992,-4.43151467036,8.14645182275,3.97996364188,-5.78680260944,-1.38810642724,-6.72041250151
M1465,-2.87357364222,13.9334556044,16.7208169093,7.81892848206,3.45453602526,-10.9772973641,4.18886064611,8.18050930887,-7.33590926173,7.03745584838,-4.2567211308,9.45721160514,0.385457980394,4.90388651906,2.85599589221,-6.97641114619
M1466,12.9067835637,-12.5191381186,10.5083140855,4.12152830924,-12.1686518082,-9.38530313324,14.0130627531,1.73986550513,0.179189402436,-10.0359617406,-7.69639772784,-1.0641395714,3.69402473775,0.65983779164,-0.962851249725,4.63868462327
M1467,2.26357102407,-13.033473459,-0.947934358146,-6.66043026725,-13.5910964669,-8.0192426717,7.52086648437,13.2112212766,0.560256351426,-2.78390605393,-2.23366107268,-5.77781326953,7.9193546478,-2.59512102334,-7.43947064891,1.44510015012
M1469,-11.3502337202,-3.23408737556,-4.01041533095,12.205940819,-2.56825854459,3.30952152774,3.49177135993,6.83515018825,7.24958634746,-8.68043343587,-0.0281722224586,0.0686512174082,-6.29265314307,8.7555965559,1.00960493657,2.0381569491
M1470,1.6175766987,-1.24932205991,-21.4291004119,-6.8922617766,0.0153904854593,-10.8037282898,1.99324087589,2.51826330907,5.05926900215,0.792195389509,3.64144452704,2.34709890387,-1.71563738245,-1.29160256672,-1.9513372506,0.499357941379
M1471,8.16940588549,-3.99411820369,1.49113706293,1.47107662011,0.289714517893,-8.30728870247,-9.20216415605,7.34575007671,-3.11438672764,-6.56878156075,4.89476936945,6.00727967478,4.73195591291,3.28769173007,-3.56650197054,-2.94169637767
M1472,13.1437484378,-14.4372110637,4.97868315074,5.271304502,16.5398123019,-10.8788163936,0.645702494643,1.04993513567,2.26701187283,-4.83600609784,-4.04713937379,9.42196993408,-5.51891066648,-9.37199221704,5.63514775001,0.146031943123
M1473,-6.66732480321,2.48420153428,-3.19905977484,20.5709655066,10.1896119218,1.2039712024,2.80816650143,3.5132951589,5.13262289969,-3.04396722239,-3.84442636843,5.91091491646,3.23744375342,8.97077441545,1.83573457486,-3.31054838061
M1474,-13.9631582096,1.41530193476,-3.31597806019,19.1020612405,10.1107389711,1.11446618636,9.06460740632,3.83664315679,14.2648795824,-3.96308125557,-2.51960803325,7.51624913767,4.43553203618,12.4289446297,-3.01321712808,-8.80998424975
M1475,-15.4783200369,-2.30712527431,-0.323097245475,14.3191479274,0.974208293782,9.20549375189,13.2077092231,5.86791047828,8.27244562087,2.04022244502,-8.57078839286,2.88727488863,0.168361493686,11.2315376603,-0.408672582658,-9.80460374027
M1476,-16.7565665633,5.45117635746,-10.8706821143,9.90574698549,10.9460546287,2.528914458,6.64163632921,7.07219196016,12.29937195,-5.64989226995,5.40955281209,0.896530044352,6.77926945174,9.20258919371,-8.02432316789,-6.19889613704
M1478,1.21994077248,2.01302875183,-5.46185185316,4.18882066942,-3.81634170114,7.69591849924,-0.873170253614,10.926974178,6.21035383115,-3.59309693178,-1.09332477634,-6.7321035089,-0.175777296592,-11.3957561582,0.373416992792,0.423000683428
M1479,-15.1134807668,-2.95731441687,-12.4755199907,-5.31435608402,-2.61990712158,-0.997832606734,1.66102229398,7.5034850845,-2.18618074342,-3.17376261672,-3.48675543877,-2.44268135627,-0.231276465216,3.53257847963,1.48744340678,-3.65379379115
M1480,8.18390924807,20.2203232659,-8.83158467064,-0.188784555422,-8.77545273659,2.60701469464,6.59193723362,-0.0687472598543,-0.836194455129,-2.48063859736,-1.59743294677,0.130368990244,-4.87971851631,2.24053190716,0.791713765585,0.244214477774
