GHID,YEAR,SEASON,REP,PLOTNO,FL,MAT,PLTHGT,TILLER,LDG,Plot_Yld,Kg_ha
A1256,2012,2,1,27,92,122,116,23,0,2933,4974
A1256,2012,2,2,75,90,120,120,22,0,3952,6832
A1256,2012,2,3,119,92,122,131,16,0,3929,6548
M1463,2012,2,1,1,83,113,90,9,0,3385,5766
M1463,2012,2,2,91,83,113,93,15,0,3112,5247
M1463,2012,2,3,132,82,112,97,12,0,3316,5636
A1257,2012,2,1,795,92,122,115,15,0,2904,4840
A1257,2012,2,2,848,90,120,123,24,0,3521,6046
A1257,2012,2,3,887,89,119,131,9,0,2646,4477
A1258,2012,2,1,170,88,118,130,15,0,3012,5032
A1258,2012,2,2,220,90,120,123,11,0,3283,5472
A1258,2012,2,3,299,88,118,137,14,0,3112,5343
A1302,2012,2,1,1248,94,124,115,12,0,3314,5690
A1302,2012,2,2,1284,96,126,107,13,0,3358,5805
A1302,2012,2,3,1314,96,126,124,13,0,2469,4249
M1464,2012,2,1,13,90,120,125,12,0,2104,3543
M1464,2012,2,2,61,86,116,126,11,0,2653,4447
M1464,2012,2,3,104,91,121,123,13,0,2944,4912
A1261,2012,2,1,1208,90,120,113,13,0,2781,4694
A1261,2012,2,2,1290,93,123,107,12,0,3037,5179
A1261,2012,2,3,1337,89,119,102,14,0,2886,4844
A1262,2012,2,1,763,94,124,116,14,0,3093,5269
A1262,2012,2,2,818,94,124,109,16,0,3265,5473
A1262,2012,2,3,860,94,124,115,9,0,3801,6342
M1467,2012,2,1,20,87,117,116,16,0,2884,4829
M1467,2012,2,2,69,88,118,124,16,0,2812,4687
M1467,2012,2,3,112,89,119,118,12,0,3008,5031
B1053,2012,2,1,616,93,123,125,14,0,3073,5235
B1053,2012,2,2,690,94,124,117,15,0,3229,5532
B1053,2012,2,3,707,94,124,117,12,0,2977,5083
A1260,2012,2,1,751,95,125,128,14,0,2670,4476
A1260,2012,2,2,819,93,123,122,13,0,3391,5855
A1260,2012,2,3,895,95,125,120,13,0,3191,5522
M1465,2012,2,1,195,90,120,125,11,0,2706,4589
M1465,2012,2,2,216,93,123,121,12,0,2749,4651
M1465,2012,2,3,287,93,123,126,10,0,2525,4336
M1466,2012,2,1,22,86,116,120,16,0,1694,2827
M1466,2012,2,2,78,86,116,120,11,0,1935,3236
M1466,2012,2,3,131,81,111,122,11,0,1935,3233
M1468,2012,2,1,479,90,120,111,16,0,2595,4370
M1468,2012,2,2,513,91,121,117,15,0,2685,4631
M1468,2012,2,3,591,91,121,118,22,0,3245,5591
M1469,2012,2,1,11,87,117,118,16,0,2956,4984
M1469,2012,2,2,96,91,121,115,18,0,3635,6094
M1469,2012,2,3,146,88,118,115,13,0,3107,5305
A1304,2012,2,1,941,95,125,125,15,0,3384,5771
A1304,2012,2,2,974,95,125,125,15,0,2502,4272
A1304,2012,2,3,1029,96,126,125,15,0,3275,5598
M1471,2012,2,1,943,95,125,129,11,0,3233,5558
M1471,2012,2,2,1000,97,127,127,10,0,2763,4755
M1471,2012,2,3,1036,96,126,112,10,0,3135,5340
A1263,2012,2,1,343,92,122,115,13,0,3036,5289
A1263,2012,2,2,396,97,127,116,11,0,2894,4986
A1263,2012,2,3,418,93,123,118,11,0,3045,5282
B1201,2012,2,1,1373,104,134,135,16,0,2410,4129
B1201,2012,2,2,1423,108,138,125,9,0,2566,4406
B1201,2012,2,3,1468,108,138,120,13,0,2446,4157
B1202,2012,2,1,1392,97,127,120,9,0,2764,4816
B1202,2012,2,2,1440,95,125,102,12,0,3168,5391
B1202,2012,2,3,1469,96,126,127,14,0,2553,4389
B1203,2012,2,1,1089,96,126,120,20,0,3321,5715
B1203,2012,2,2,1138,96,126,112,13,0,2850,4921
B1203,2012,2,3,1177,97,127,115,14,0,3383,5684
B1203,2012,2,1,1089,96,126,120,20,0,3321,5715
B1203,2012,2,2,1138,96,126,112,13,0,2850,4921
B1203,2012,2,3,1177,97,127,115,14,0,3383,5684
B1204,2012,2,1,1390,97,127,132,10,0,2430,4210
B1204,2012,2,2,1432,100,130,123,11,0,3179,5440
B1204,2012,2,3,1473,100,130,132,13,5,2218,3770
B1102,2012,2,1,620,92,122,118,18,0,2999,5109
B1102,2012,2,2,693,93,123,126,14,0,2906,4911
B1102,2012,2,3,742,94,124,127,10,0,2913,4878
B1205,2012,2,1,1362,95,125,127,10,0,2681,4635
B1205,2012,2,2,1422,100,130,133,13,0,3155,5387
B1205,2012,2,3,1492,100,130,128,14,0,2670,4626
B1151,2012,2,1,1235,90,120,126,9,0,3285,5615
B1151,2012,2,2,1292,94,124,120,9,0,3193,5445
B1151,2012,2,3,1325,93,123,124,11,7,2311,3879
B1206,2012,2,1,949,97,127,135,12,0,3352,5749
B1206,2012,2,2,973,97,127,133,9,0,2943,4968
B1206,2012,2,3,1020,100,130,135,13,0,2973,5111
B1152,2012,2,1,644,97,127,127,12,0,2776,4713
B1152,2012,2,2,698,97,127,119,14,0,3560,6092
B1152,2012,2,3,719,95,125,123,13,0,3162,5319
B1207,2012,2,1,1226,94,124,115,11,0,3706,6356
B1207,2012,2,2,1274,95,125,127,9,0,3110,5304
B1207,2012,2,3,1322,94,124,125,13,0,2428,4160
B1208,2012,2,1,920,94,124,124,12,0,2869,4904
B1208,2012,2,2,990,97,127,117,10,0,2446,4167
B1208,2012,2,3,1037,95,125,114,13,0,2891,5009
A1307,2012,2,1,796,90,120,120,18,0,2912,4910
A1307,2012,2,2,842,93,123,115,23,0,2939,4898
A1307,2012,2,3,868,91,121,122,18,0,2950,5105
A1309,2012,2,1,910,92,122,117,14,0,3200,5439
A1309,2012,2,2,983,94,124,123,14,9,3054,5273
A1309,2012,2,3,1015,93,123,124,16,0,3368,5927
A1310,2012,2,1,1062,94,124,118,15,0,3614,6233
A1310,2012,2,2,1113,92,122,117,16,0,2978,5050
A1310,2012,2,3,1182,93,123,114,13,7,3296,5576
A1313,2012,2,1,921,86,116,108,12,0,2148,3755
A1313,2012,2,2,975,91,121,113,12,0,2678,4531
A1313,2012,2,3,1007,90,120,102,11,0,2084,3619
A1314,2012,2,1,785,90,120,123,14,0,3217,5505
A1314,2012,2,2,826,93,123,115,17,0,3528,5887
A1314,2012,2,3,872,89,119,116,13,0,3130,5241
A1311,2012,2,1,31,82,112,122,10,0,2417,4038
A1311,2012,2,2,86,,,125,10,0,2866,4849
A1311,2012,2,3,125,81,111,132,17,0,2932,5012
A1312,2012,2,1,799,89,119,124,23,9,2459,4132
A1312,2012,2,2,829,89,119,120,12,5,2847,4811
A1312,2012,2,3,879,89,119,118,10,0,2870,4917
M1345,2012,2,1,1361,101,131,117,9,0,1893,3250
M1345,2012,2,2,1431,100,130,112,12,0,2520,4263
M1345,2012,2,3,1493,100,130,123,9,0,1493,2540
M1351,2012,2,1,312,90,120,119,15,0,3062,5115
M1351,2012,2,2,389,94,124,128,12,0,2161,3744
M1351,2012,2,3,403,94,124,131,14,0,2665,4586
M1352,2012,2,1,1369,100,130,139,12,0,2576,4378
M1352,2012,2,2,1441,97,127,117,9,0,2805,4838
M1352,2012,2,3,1481,101,131,137,11,0,3229,5607
M1353,2012,2,1,194,91,121,130,9,0,3103,5334
M1353,2012,2,2,235,94,124,132,12,5,3197,5390
M1353,2012,2,3,251,94,124,124,13,0,3479,5893
M1354,2012,2,1,303,92,122,134,13,7,3190,5366
M1354,2012,2,2,365,88,118,126,16,0,2755,4747
M1354,2012,2,3,410,93,123,128,15,0,2578,4487
M1356,2012,2,1,328,94,124,126,11,0,2810,4852
M1356,2012,2,2,352,93,123,134,17,0,2899,5000
M1356,2012,2,3,439,93,123,132,7,3,2645,4444
M1357,2012,2,1,643,93,123,127,10,0,3384,5725
M1357,2012,2,2,655,91,121,112,11,0,3261,5479
M1357,2012,2,3,724,94,124,120,13,0,3457,5809
M1358,2012,2,1,1363,95,125,134,12,0,2344,4111
M1358,2012,2,2,1435,95,125,116,11,0,2409,4211
M1358,2012,2,3,1471,97,127,113,10,0,2920,5002
M1359,2012,2,1,789,93,123,121,22,9,2446,4077
M1359,2012,2,2,820,94,124,130,12,0,2393,4109
M1359,2012,2,3,858,94,124,139,10,0,2423,4038
M1360,2012,2,1,458,94,124,122,10,0,2871,4996
M1360,2012,2,2,543,94,124,112,12,0,2696,4645
M1360,2012,2,3,582,94,124,112,12,0,3417,5867
M1361,2012,2,1,335,96,126,127,17,0,2791,4684
M1361,2012,2,2,395,97,127,122,20,0,3174,5425
M1361,2012,2,3,433,95,125,123,12,0,2598,4431
B1209,2012,2,1,1082,97,127,116,15,0,2971,4963
B1209,2012,2,2,1134,89,119,133,15,7,2185,3722
B1209,2012,2,3,1160,96,126,127,18,5,2633,4434
B1210,2012,2,1,1099,94,124,125,19,0,2929,4984
B1210,2012,2,2,1105,90,120,114,13,0,2924,4970
B1210,2012,2,3,1170,92,122,120,12,7,3199,5363
B1103,2012,2,1,34,86,116,114,11,0,2338,3901
B1103,2012,2,2,98,90,120,100,13,0,3284,5575
B1103,2012,2,3,116,85,115,126,17,0,3193,5464
B1153,2012,2,1,942,94,124,129,11,0,2815,4850
B1153,2012,2,2,995,96,126,128,13,0,2734,4790
B1153,2012,2,3,1010,95,125,127,11,0,2994,5158
B1005,2012,2,1,306,86,116,113,16,0,3318,5588
B1005,2012,2,2,379,89,119,112,14,9,3171,5297
B1005,2012,2,3,407,88,118,114,19,0,2962,5017
B1104,2012,2,1,157,90,120,131,14,0,2816,4819
B1104,2012,2,2,237,92,122,137,18,0,2875,4948
B1104,2012,2,3,278,94,124,126,13,0,2830,4898
B1105,2012,2,1,193,90,120,131,11,0,2785,4804
B1105,2012,2,2,202,93,123,125,22,0,2706,4683
B1105,2012,2,3,295,94,124,125,12,0,2910,4946
B1055,2012,2,1,464,93,123,115,14,0,3167,5284
B1055,2012,2,2,514,94,124,130,16,0,2729,4675
B1055,2012,2,3,556,94,124,130,15,0,3022,5043
B1106,2012,2,1,339,93,123,115,13,0,3452,5773
B1106,2012,2,2,361,94,124,113,12,0,2919,4916
B1106,2012,2,3,402,94,124,118,18,0,2677,4685
B1006,2012,2,1,43,91,121,110,15,0,3094,5373
B1006,2012,2,2,94,93,123,109,21,0,2668,4488
B1006,2012,2,3,124,92,122,119,21,0,3354,5733
B1107,2012,2,1,771,94,124,133,11,0,2976,4966
B1107,2012,2,2,849,93,123,125,11,0,3478,5911
B1107,2012,2,3,864,94,124,148,14,0,2858,4880
B1211,2012,2,1,903,94,124,120,9,0,3182,5488
B1211,2012,2,2,992,94,124,128,14,0,2735,4754
B1211,2012,2,3,1034,95,125,120,16,0,2671,4560
A1264,2012,2,1,50,87,117,106,12,0,3229,5382
A1264,2012,2,2,66,89,119,104,16,0,2174,3724
A1264,2012,2,3,114,86,116,114,18,0,3578,6019
A1265,2012,2,1,451,95,125,124,15,0,3550,6054
A1265,2012,2,2,539,94,124,125,15,0,2494,4321
A1265,2012,2,3,566,95,125,122,15,0,3146,5365
A1316,2012,2,1,341,87,117,136,10,0,2650,4463
A1316,2012,2,2,351,88,118,119,18,0,3556,5989
A1316,2012,2,3,414,86,116,120,15,0,3354,5688
A1269,2012,2,1,301,94,124,132,17,0,2849,4853
A1269,2012,2,2,380,94,124,133,15,0,3208,5552
A1269,2012,2,3,448,93,123,133,17,0,2723,4644
A1273,2012,2,1,197,87,117,121,16,0,3052,5199
A1273,2012,2,2,233,91,121,127,17,0,2750,4669
A1273,2012,2,3,272,92,122,125,15,0,3026,5155
A1274,2012,2,1,28,87,117,106,13,0,3333,5587
A1274,2012,2,2,72,86,116,105,18,0,3654,6182
A1274,2012,2,3,136,85,115,110,15,0,3209,5479
A1275,2012,2,1,307,89,119,111,15,0,3121,5244
A1275,2012,2,2,382,90,120,118,16,0,2748,4612
A1275,2012,2,3,447,90,120,124,15,0,3057,5208
A1276,2012,2,1,153,92,122,126,12,9,2900,4839
A1276,2012,2,2,205,91,121,125,14,0,3253,5441
A1276,2012,2,3,257,91,121,135,13,3,3545,5956
A1279,2012,2,1,766,91,121,111,17,0,2379,3970
A1279,2012,2,2,832,90,120,105,15,0,2467,4183
A1279,2012,2,3,862,91,121,113,19,0,2760,4616
M1367,2012,2,1,478,101,131,130,12,0,2908,5010
M1367,2012,2,2,509,102,132,123,12,0,2822,4774
M1367,2012,2,3,562,103,133,127,14,0,2861,4924
B1155,2012,2,1,475,89,119,114,12,0,3208,5396
B1155,2012,2,2,511,91,121,116,16,0,2452,4196
B1155,2012,2,3,552,94,124,119,12,0,2618,4521
B1057,2012,2,1,9,90,120,134,11,0,2247,3867
B1057,2012,2,2,52,92,122,126,10,0,2539,4389
B1057,2012,2,3,142,90,120,127,13,0,2387,4080
B1157,2012,2,1,760,92,122,128,21,0,2944,5038
B1157,2012,2,2,845,94,124,129,12,0,3465,5835
B1157,2012,2,3,869,92,122,133,14,0,3090,5150
B1011,2012,2,1,1374,101,131,129,13,0,2962,5063
B1011,2012,2,2,1404,97,127,115,15,0,2508,4336
B1011,2012,2,3,1467,100,130,128,11,0,2660,4614
A1267,2012,2,1,29,89,119,122,12,0,3259,5520
A1267,2012,2,2,93,91,121,125,17,0,3183,5305
A1267,2012,2,3,120,88,118,129,16,0,3130,5235
A1272,2012,2,1,42,89,119,110,13,0,3030,5179
A1272,2012,2,2,89,89,119,100,21,0,2943,4922
A1272,2012,2,3,130,87,117,110,13,0,2962,4977
A1270,2012,2,1,472,93,123,125,11,0,3176,5484
A1270,2012,2,2,522,94,124,124,14,0,3039,5212
A1270,2012,2,3,553,94,124,129,17,0,2890,5035
A1277,2012,2,1,309,87,117,124,13,0,3184,5387
A1277,2012,2,2,392,90,120,128,14,0,3231,5404
A1277,2012,2,3,429,90,120,132,16,0,2585,4338
A1321,2012,2,1,1207,96,126,123,12,0,2564,4308
A1321,2012,2,2,1262,95,125,128,13,0,2193,3732
A1321,2012,2,3,1330,97,127,123,18,0,2398,4136
A1317,2012,2,1,1058,95,125,132,17,0,3505,6045
A1317,2012,2,2,1103,94,124,127,17,0,3514,6041
A1317,2012,2,3,1200,97,127,124,12,0,3523,5933
A1318,2012,2,1,632,97,127,144,15,0,2672,4593
A1318,2012,2,2,652,96,126,134,15,0,3391,5711
A1318,2012,2,3,703,94,124,115,15,0,2264,3896
A1319,2012,2,1,609,97,127,136,10,0,2936,5127
A1319,2012,2,2,665,96,126,137,14,0,2542,4404
A1319,2012,2,3,715,95,125,127,13,0,2975,5033
A1320,2012,2,1,1356,100,130,128,13,0,2572,4406
A1320,2012,2,2,1410,100,130,114,13,0,2276,3917
A1320,2012,2,3,1470,105,135,125,10,0,2502,4369
A1268,2012,2,1,167,88,118,122,15,0,3026,5178
A1268,2012,2,2,234,91,121,120,23,0,2906,5069
A1268,2012,2,3,259,91,121,120,15,0,3401,5774
M1362,2012,2,1,648,90,120,138,11,0,2353,4036
M1362,2012,2,2,691,96,126,115,9,0,2413,4125
M1362,2012,2,3,708,96,126,118,13,0,2313,3949
M1363,2012,2,1,1066,96,126,124,15,0,2558,4362
M1363,2012,2,2,1149,96,126,122,11,0,2944,5044
M1363,2012,2,3,1175,96,126,124,14,0,3018,5083
M1347,2012,2,1,633,94,124,108,13,0,2237,3884
M1347,2012,2,2,654,93,123,114,16,0,2582,4378
M1347,2012,2,3,722,92,122,113,16,0,2441,4187
M1364,2012,2,1,162,86,116,121,11,0,2487,4294
M1364,2012,2,2,206,91,121,123,14,0,2597,4439
M1364,2012,2,3,267,89,119,124,12,0,2531,4375
M1365,2012,2,1,173,82,112,113,12,0,3301,5578
M1365,2012,2,2,214,84,114,113,12,0,3339,5591
M1365,2012,2,3,291,85,115,111,11,0,3148,5356
M1368,2012,2,1,187,89,119,117,18,0,2860,4833
M1368,2012,2,2,208,86,116,113,12,5,2872,4931
M1368,2012,2,3,286,89,119,115,13,0,2417,4094
M1366,2012,2,1,901,96,126,133,10,0,3203,5500
M1366,2012,2,2,989,97,127,139,10,0,3546,6102
M1366,2012,2,3,1009,95,125,134,9,0,3111,5336
B1216,2012,2,1,605,93,123,115,12,0,2569,4391
B1216,2012,2,2,651,93,123,117,13,0,2681,4531
B1216,2012,2,3,712,94,124,115,9,0,2579,4328
B1007,2012,2,1,8,85,115,130,12,0,3122,5300
B1007,2012,2,2,95,86,116,120,13,5,2905,4943
B1007,2012,2,3,102,86,116,125,11,7,3050,5113
B1008,2012,2,1,17,85,115,97,14,0,2472,4154
B1008,2012,2,2,90,87,117,91,19,0,3174,5321
B1008,2012,2,3,149,92,122,96,16,0,2719,4605
B1009,2012,2,1,18,85,115,103,12,0,2681,4494
B1009,2012,2,2,56,89,119,107,21,0,2873,4816
B1009,2012,2,3,101,91,121,109,13,0,2720,4554
B1158,2012,2,1,774,95,125,136,14,0,2918,5107
B1158,2012,2,2,811,94,124,125,17,3,3160,5377
B1158,2012,2,3,867,94,124,121,19,0,3623,6193
B1159,2012,2,1,1053,93,123,121,12,0,2610,4451
B1159,2012,2,2,1115,93,123,126,12,0,2789,4800
B1159,2012,2,3,1152,91,121,123,12,0,2407,4114
B1160,2012,2,1,10,89,119,127,9,0,2630,4434
B1160,2012,2,2,74,87,117,123,16,0,2887,4834
B1160,2012,2,3,105,91,121,113,10,0,2537,4278
B1110,2012,2,1,761,93,123,135,9,0,2483,4153
B1110,2012,2,2,805,94,124,126,21,7,2833,4908
B1110,2012,2,3,874,96,126,127,15,0,3758,6445
B1111,2012,2,1,939,95,125,122,13,0,3213,5529
B1111,2012,2,2,970,95,125,120,13,5,2672,4547
B1111,2012,2,3,1024,95,125,123,13,0,3170,5406
B1161,2012,2,1,617,94,124,133,11,0,2421,4087
B1161,2012,2,2,660,93,123,117,9,0,2074,3573
B1161,2012,2,3,705,103,133,120,11,0,2700,4636
B1062,2012,2,1,459,90,120,114,13,0,2514,4307
B1062,2012,2,2,505,91,121,110,20,0,3321,5844
B1062,2012,2,3,593,94,124,109,19,0,3442,5950
B1010,2012,2,1,165,91,121,119,16,0,3256,5509
B1010,2012,2,2,228,95,125,115,10,0,3178,5488
B1010,2012,2,3,252,94,124,123,11,0,3330,5653
B1217,2012,2,1,1381,104,134,130,12,0,2594,4479
B1217,2012,2,2,1418,100,130,122,12,0,3094,5205
B1217,2012,2,3,1476,100,130,125,9,0,3338,5751
B1218,2012,2,1,912,89,119,106,13,0,2460,4229
B1218,2012,2,2,952,89,119,110,10,0,3330,5718
B1218,2012,2,3,1031,89,119,113,10,0,3126,5349
B1219,2012,2,1,911,88,118,124,10,0,2749,4726
B1219,2012,2,2,978,89,119,124,11,0,2407,4124
B1219,2012,2,3,1044,88,118,130,14,0,2965,4999
B1220,2012,2,1,305,87,117,131,15,0,2965,5034
B1220,2012,2,2,399,92,122,123,18,0,2902,4977
B1220,2012,2,3,428,93,123,124,12,0,2663,4619
B1058,2012,2,1,327,93,123,118,11,0,2767,4687
B1058,2012,2,2,390,93,123,126,10,0,3240,5607
B1058,2012,2,3,427,93,123,126,10,0,2612,4525
B1060,2012,2,1,906,98,128,130,10,0,2714,4571
B1060,2012,2,2,999,100,130,131,17,0,2578,4392
B1060,2012,2,3,1019,99,129,135,10,0,2970,5082
B1061,2012,2,1,781,93,123,125,13,0,2752,4715
B1061,2012,2,2,831,94,124,119,15,0,3143,5391
B1061,2012,2,3,885,93,123,123,13,0,2795,4778
B1012,2012,2,1,198,88,118,119,14,0,2787,4748
B1012,2012,2,2,207,90,120,119,14,0,2644,4499
B1012,2012,2,3,260,88,118,125,18,0,2642,4455
B1019,2012,2,1,178,84,114,120,14,0,3547,6063
B1019,2012,2,2,226,86,116,123,15,0,3195,5350
B1019,2012,2,3,263,86,116,120,20,0,3208,5452
B1075,2012,2,1,783,98,128,116,15,0,2137,3657
B1075,2012,2,2,843,96,126,130,12,0,2976,5000
B1075,2012,2,3,889,96,126,136,13,0,2524,4349
M1476,2012,2,1,49,90,120,125,17,0,3202,5479
M1476,2012,2,2,68,88,118,115,17,0,2712,4552
M1476,2012,2,3,133,88,118,112,12,0,2975,4970
A1323,2012,2,1,1396,101,131,122,17,0,2889,4966
A1323,2012,2,2,1439,100,130,108,10,0,3516,6037
A1323,2012,2,3,1499,101,131,117,15,0,2641,4555
A1322,2012,2,1,639,93,123,105,14,0,3123,5362
A1322,2012,2,2,656,93,123,112,13,0,3422,5843
A1322,2012,2,3,737,94,124,114,11,0,2877,4840
A1282,2012,2,1,166,92,122,145,10,9,2028,3392
A1282,2012,2,2,232,91,121,142,15,7,1983,3340
A1282,2012,2,3,285,91,121,145,13,9,2187,3700
A1288,2012,2,1,320,85,115,125,12,0,3266,5513
A1288,2012,2,2,375,86,116,126,19,9,2723,4596
A1288,2012,2,3,416,84,114,130,15,9,2670,4548
A1286,2012,2,1,45,91,121,130,14,0,3262,5475
A1286,2012,2,2,92,91,121,124,19,3,,
A1286,2012,2,3,107,91,121,120,23,5,3022,5054
A1285,2012,2,1,14,87,117,130,10,0,2724,4614
A1285,2012,2,2,82,87,117,127,10,3,2833,4974
A1285,2012,2,3,121,88,118,116,16,0,3063,5200
A1330,2012,2,1,1385,101,131,127,10,0,2681,4593
A1330,2012,2,2,1409,101,131,122,10,0,2826,4830
A1330,2012,2,3,1485,101,131,131,9,0,2921,4982
A1326,2012,2,1,455,90,120,129,12,0,3357,5686
A1326,2012,2,2,531,90,120,123,14,0,2513,4325
A1326,2012,2,3,574,93,123,123,12,0,3349,5737
A1266,2012,2,1,36,83,113,105,15,0,2412,4053
A1266,2012,2,2,60,86,116,99,14,0,2883,5023
A1266,2012,2,3,137,84,114,99,16,0,2897,4890
A1324,2012,2,1,1244,87,117,140,11,9,3221,5431
A1324,2012,2,2,1291,90,120,114,18,9,2637,4564
A1324,2012,2,3,1324,87,117,132,18,9,1804,3101
A1281,2012,2,1,23,86,116,125,12,5,3109,5260
A1281,2012,2,2,80,87,117,139,12,7,3421,5814
A1281,2012,2,3,108,86,116,142,15,9,3226,5464
A1292,2012,2,1,641,97,127,105,11,0,2520,4312
A1292,2012,2,2,673,94,124,106,14,0,2941,5038
A1292,2012,2,3,726,101,131,117,11,0,3083,5324
A1280,2012,2,1,16,89,119,121,13,0,2686,4497
A1280,2012,2,2,97,90,120,120,14,0,3204,5352
A1280,2012,2,3,135,87,117,120,15,0,2753,4599
A1289,2012,2,1,171,86,116,124,14,5,2487,4285
A1289,2012,2,2,236,91,121,120,15,7,2415,4044
A1289,2012,2,3,266,87,117,129,10,9,2308,3896
A1287,2012,2,1,1246,97,127,124,9,0,1422,2442
A1287,2012,2,2,1285,97,127,109,10,0,1609,2788
A1287,2012,2,3,1335,97,127,127,9,0,1602,2741
A1293,2012,2,1,151,86,116,128,12,9,3058,5138
A1293,2012,2,2,221,87,117,115,16,0,2897,4890
A1293,2012,2,3,282,88,118,116,12,0,2913,4911
M1428,2012,2,1,21,89,119,113,12,0,2940,4940
M1428,2012,2,2,64,86,116,118,17,0,2465,4132
M1428,2012,2,3,118,91,121,115,15,0,3618,6030
A1291,2012,2,1,454,92,122,128,11,0,2572,4346
A1291,2012,2,2,546,93,123,121,15,0,3037,5179
A1291,2012,2,3,586,93,123,123,14,5,2501,4226
A1290,2012,2,1,174,85,115,119,17,0,2785,4669
A1290,2012,2,2,224,85,115,120,12,0,2818,4795
A1290,2012,2,3,274,86,116,125,14,0,2228,3774
A1284,2012,2,1,490,87,117,125,14,0,3242,5410
A1284,2012,2,2,538,88,118,124,12,0,2402,4073
A1284,2012,2,3,560,92,122,132,13,0,3204,5415
A1329,2012,2,1,1231,94,124,126,13,0,2469,4254
A1329,2012,2,2,1273,96,126,130,11,3,3430,5909
A1329,2012,2,3,1303,95,125,118,13,0,3317,5721
A1328,2012,2,1,1056,94,124,122,13,0,3285,5679
A1328,2012,2,2,1140,94,124,123,9,0,2960,5042
A1328,2012,2,3,1172,95,125,120,10,0,3038,5216
A1271,2012,2,1,30,85,115,103,12,0,3517,5950
A1271,2012,2,2,63,92,122,113,15,0,3196,5413
A1271,2012,2,3,113,86,116,114,16,0,3732,6328
A1278,2012,2,1,184,93,123,115,14,0,2693,4671
A1278,2012,2,2,227,93,123,125,11,0,3346,5706
A1278,2012,2,3,254,93,123,118,12,0,3172,5410
A1325,2012,2,1,604,103,133,125,11,0,2154,3736
A1325,2012,2,2,661,102,132,119,10,0,2895,4948
A1325,2012,2,3,723,103,133,121,13,0,2336,4029
A1283,2012,2,1,485,93,123,127,11,0,2754,4697
A1283,2012,2,2,520,92,122,123,14,0,3191,5504
A1283,2012,2,3,576,95,125,122,14,0,3154,5367
M1377,2012,2,1,778,90,120,116,10,0,2079,3550
M1377,2012,2,2,808,93,123,129,14,0,2140,3625
M1377,2012,2,3,897,93,123,123,12,0,2424,4167
M1376,2012,2,1,940,89,119,138,11,0,2069,3625
M1376,2012,2,2,957,87,117,131,13,0,1840,3159
M1376,2012,2,3,1001,91,121,131,9,0,2096,3599
M1375,2012,2,1,905,92,122,112,12,0,2181,3681
M1375,2012,2,2,956,91,121,116,12,0,2334,4003
M1375,2012,2,3,1047,92,122,114,9,0,2364,4000
M1373,2012,2,1,1076,92,122,130,12,0,2916,4990
M1373,2012,2,2,1132,93,123,129,9,0,2334,3971
M1373,2012,2,3,1184,92,122,125,14,0,2612,4394
M1379,2012,2,1,790,95,125,123,14,0,2032,3493
M1379,2012,2,2,802,94,124,111,14,0,2268,3820
M1379,2012,2,3,878,95,125,118,11,0,1927,3286
M1422,2012,2,1,640,94,124,110,13,0,3039,5177
M1422,2012,2,2,662,93,123,102,14,0,2731,4636
M1422,2012,2,3,732,94,124,115,9,0,2652,4569
M1421,2012,2,1,186,87,117,118,10,0,2202,3717
M1421,2012,2,2,229,86,116,124,11,0,2093,3610
M1421,2012,2,3,275,86,116,118,12,0,2641,4514
M1410,2012,2,1,773,96,126,138,18,0,2388,4036
M1410,2012,2,2,847,96,126,117,11,0,2619,4502
M1410,2012,2,3,877,98,128,123,17,0,2556,4354
B1037,2012,2,1,164,91,121,150,13,9,2482,4146
B1037,2012,2,2,241,94,124,136,12,7,2686,4524
B1037,2012,2,3,270,94,124,147,16,7,3048,5121
B1035,2012,2,1,332,89,119,123,10,0,3159,5345
B1035,2012,2,2,386,89,119,134,10,9,2751,4670
B1035,2012,2,3,421,87,117,126,11,0,3135,5328
B1034,2012,2,1,154,86,116,135,14,7,3039,5112
B1034,2012,2,2,240,88,118,132,13,3,2938,4988
B1034,2012,2,3,280,88,118,128,11,0,2965,5011
B1227,2012,2,1,1378,100,130,126,15,0,2805,4844
B1227,2012,2,2,1449,95,125,115,13,0,3123,5326
B1227,2012,2,3,1472,97,127,117,14,0,2867,4789
B1085,2012,2,1,784,94,124,119,18,0,2279,3971
B1085,2012,2,2,833,94,124,117,17,0,2854,4779
B1085,2012,2,3,881,94,124,116,14,0,2445,4175
B1032,2012,2,1,462,88,118,117,15,0,2505,4209
B1032,2012,2,2,524,89,119,126,12,0,2388,4086
B1032,2012,2,3,599,92,122,150,16,0,2488,4229
B1028,2012,2,1,156,87,117,153,12,9,1627,2715
B1028,2012,2,2,201,89,119,145,15,9,1587,2667
B1028,2012,2,3,288,90,120,152,14,7,2037,3450
B1165,2012,2,1,779,95,125,125,18,0,2759,4748
B1165,2012,2,2,806,95,125,131,10,5,2306,3852
B1165,2012,2,3,882,94,124,133,9,0,2424,4261
B1122,2012,2,1,935,94,124,120,13,0,2662,4493
B1122,2012,2,2,953,94,124,114,14,0,3180,5343
B1122,2012,2,3,1050,95,125,124,20,0,2835,4868
B1163,2012,2,1,1397,93,123,130,9,0,2761,4693
B1163,2012,2,2,1416,93,123,127,10,0,2625,4528
B1163,2012,2,3,1465,93,123,127,10,0,2641,4427
B1036,2012,2,1,323,88,118,127,10,0,2958,4964
B1036,2012,2,2,393,93,123,132,17,0,2907,5065
B1036,2012,2,3,442,91,121,127,8,0,2541,4363
M1372,2012,2,1,1220,94,124,143,11,0,2704,4742
M1372,2012,2,2,1260,94,124,134,10,0,2311,3995
M1372,2012,2,3,1317,96,126,151,17,0,2437,4246
B1080,2012,2,1,627,95,125,124,15,0,2880,4956
B1080,2012,2,2,696,95,125,120,10,0,2658,4538
B1080,2012,2,3,749,100,130,117,11,0,2436,4088
B1223,2012,2,1,1250,94,124,126,11,0,3474,5790
B1223,2012,2,2,1261,95,125,136,10,7,2922,5102
B1223,2012,2,3,1328,94,124,142,15,9,2289,3944
B1063,2012,2,1,15,87,117,96,11,0,1692,2922
B1063,2012,2,2,77,93,123,98,18,0,1678,2897
B1063,2012,2,3,140,86,116,99,14,0,1809,3026
M1370,2012,2,1,324,94,124,132,19,0,2617,4494
M1370,2012,2,2,400,96,126,143,15,7,1906,3225
M1370,2012,2,3,404,95,125,140,10,0,1781,2999
B1166,2012,2,1,1364,100,130,127,11,0,3349,5822
B1166,2012,2,2,1402,98,128,112,12,0,2323,3998
B1166,2012,2,3,1487,101,131,125,15,0,3311,5660
B1082,2012,2,1,1387,104,134,128,12,0,2534,4371
B1082,2012,2,2,1414,103,133,117,18,0,2800,4922
B1082,2012,2,3,1456,103,133,117,11,0,2826,4940
B1235,2012,2,1,1073,92,122,126,16,0,3447,5939
B1235,2012,2,2,1118,91,121,121,8,0,2971,5130
B1235,2012,2,3,1178,93,123,125,12,0,3223,5515
B1231,2012,2,1,1201,96,126,114,15,0,2371,4057
B1231,2012,2,2,1251,96,126,120,14,0,3165,5410
B1231,2012,2,3,1346,95,125,122,11,0,2576,4413
B1230,2012,2,1,1380,103,133,125,10,0,3030,5085
B1230,2012,2,2,1429,100,130,108,11,0,2929,5092
B1230,2012,2,3,1451,102,132,110,9,0,3304,5712
B1229,2012,2,1,1051,101,131,117,13,0,2941,4999
B1229,2012,2,2,1110,93,123,126,12,0,2457,4124
B1229,2012,2,3,1188,95,125,133,14,0,2038,3432
B1228,2012,2,1,1351,94,124,115,15,0,2774,4725
B1228,2012,2,2,1444,95,125,101,8,0,2964,5038
B1228,2012,2,3,1474,95,125,117,8,0,3383,5638
B1225,2012,2,1,1377,108,138,122,9,0,3206,5648
B1225,2012,2,2,1411,101,131,109,13,0,2985,5027
B1225,2012,2,3,1461,101,131,114,9,0,2754,4846
B1164,2012,2,1,1359,102,132,127,9,0,2068,3527
B1164,2012,2,2,1415,105,135,117,12,0,2081,3573
B1164,2012,2,3,1496,106,136,123,11,0,1739,2969
B1083,2012,2,1,200,89,119,124,14,0,3422,5730
B1083,2012,2,2,223,87,117,118,18,0,2785,4658
B1083,2012,2,3,279,90,120,126,19,0,2887,4963
B1018,2012,2,1,24,86,116,112,13,0,2553,4275
B1018,2012,2,2,87,87,117,113,15,0,2874,4807
B1018,2012,2,3,150,89,119,121,14,0,2829,4770
B1017,2012,2,1,152,86,116,107,18,0,2688,4553
B1017,2012,2,2,239,86,116,100,12,0,2519,4320
B1017,2012,2,3,269,86,116,107,14,0,2722,4647
B1065,2012,2,1,319,80,110,96,16,0,2495,4260
B1065,2012,2,2,366,92,122,98,17,0,2523,4278
B1065,2012,2,3,409,83,113,97,14,0,1890,3267
B1016,2012,2,1,1091,98,128,132,18,0,2832,4857
B1016,2012,2,2,1128,97,127,126,11,0,2934,5026
B1016,2012,2,3,1186,95,125,127,11,0,2533,4290
B1039,2012,2,1,338,90,120,115,19,0,2535,4343
B1039,2012,2,2,354,91,121,127,13,0,2826,4836
B1039,2012,2,3,434,90,120,113,15,0,2656,4617
B1038,2012,2,1,35,86,116,119,17,0,3011,5118
B1038,2012,2,2,57,86,116,115,15,0,2813,4705
B1038,2012,2,3,144,86,116,125,12,0,2733,4571
M1371,2012,2,1,188,88,118,112,15,0,2236,3813
M1371,2012,2,2,231,90,120,117,15,0,2376,4117
M1371,2012,2,3,297,88,118,111,17,0,2844,4883
B1090,2012,2,1,345,93,123,135,14,0,2375,3968
B1090,2012,2,2,376,93,123,135,12,0,2761,4666
B1090,2012,2,3,444,90,120,127,10,0,2592,4320
B1033,2012,2,1,310,89,119,127,14,0,2415,4133
B1033,2012,2,2,368,90,120,127,22,5,2879,4854
B1033,2012,2,3,423,93,123,127,10,0,2897,4957
B1234,2012,2,1,1225,95,125,139,14,0,3658,6153
B1234,2012,2,2,1270,95,125,128,13,0,2722,4684
B1234,2012,2,3,1350,94,124,130,14,0,2982,5155
B1233,2012,2,1,1232,94,124,113,10,0,2435,4148
B1233,2012,2,2,1263,95,125,105,12,0,2453,4183
B1233,2012,2,3,1340,94,124,107,10,0,2076,3553
B1232,2012,2,1,1379,103,133,117,13,0,3061,5345
B1232,2012,2,2,1430,101,131,113,18,0,3134,5284
B1232,2012,2,3,1486,101,131,119,15,0,3832,6461
B1086,2012,2,1,1080,93,123,129,14,0,2961,5113
B1086,2012,2,2,1114,92,122,134,9,0,2762,4662
B1086,2012,2,3,1176,92,122,126,12,0,2924,4992
M1383,2012,2,1,330,89,119,108,11,0,2619,4416
M1383,2012,2,2,369,93,123,112,21,5,2286,3837
M1383,2012,2,3,401,96,126,112,13,0,2422,4187
B1014,2012,2,1,308,87,117,119,13,0,2694,4668
B1014,2012,2,2,397,96,126,121,12,0,2885,4825
B1014,2012,2,3,430,92,122,128,10,0,3177,5510
B1064,2012,2,1,460,84,114,117,20,0,2085,3564
B1064,2012,2,2,528,85,115,100,13,0,2288,3836
B1064,2012,2,3,580,97,127,102,15,0,2467,4183
B1066,2012,2,1,484,91,121,116,13,0,2485,4286
B1066,2012,2,2,502,92,122,118,9,0,2813,4808
B1066,2012,2,3,575,91,121,122,19,0,3072,5316
B1067,2012,2,1,340,87,117,131,16,0,3096,5280
B1067,2012,2,2,367,83,113,126,16,0,2645,4572
B1067,2012,2,3,431,92,122,129,13,0,2306,3942
B1068,2012,2,1,495,86,116,123,13,0,2143,3622
B1068,2012,2,2,512,90,120,116,15,0,2911,4948
B1068,2012,2,3,578,93,123,115,15,0,2949,5075
B1069,2012,2,1,169,86,116,110,17,0,2455,4187
B1069,2012,2,2,248,93,123,109,11,0,2555,4437
B1069,2012,2,3,276,92,122,111,12,0,2173,3769
B1070,2012,2,1,466,90,120,109,14,0,3480,6130
B1070,2012,2,2,533,89,119,109,12,0,3172,5471
B1070,2012,2,3,564,94,124,114,15,0,3379,5756
B1071,2012,2,1,624,94,124,107,15,0,3460,5894
B1071,2012,2,2,671,96,126,98,18,0,3454,5830
B1071,2012,2,3,710,94,124,108,9,0,3336,5651
B1072,2012,2,1,500,89,119,95,13,0,3409,5728
B1072,2012,2,2,521,91,121,94,16,0,3341,5665
B1072,2012,2,3,592,92,122,102,14,0,2970,5002
B1073,2012,2,1,753,94,124,119,14,0,2747,4578
B1073,2012,2,2,815,90,120,117,15,0,2959,4932
B1073,2012,2,3,865,93,123,128,19,0,3210,5362
B1074,2012,2,1,481,94,124,118,14,0,2515,4289
B1074,2012,2,2,515,95,125,115,16,0,2392,4121
B1074,2012,2,3,598,94,124,117,13,0,3352,5632
B1076,2012,2,1,488,89,119,99,13,0,2725,4594
B1076,2012,2,2,504,92,122,103,17,0,2414,4154
B1076,2012,2,3,568,93,123,108,18,0,2891,4897
B1113,2012,2,1,491,89,119,116,15,0,2262,3862
B1113,2012,2,2,506,92,122,104,12,0,2646,4631
B1113,2012,2,3,563,94,124,110,19,0,2483,4230
B1114,2012,2,1,759,92,122,122,14,0,1614,2768
B1114,2012,2,2,822,93,123,122,13,0,2083,3500
B1114,2012,2,3,851,96,126,126,22,0,2563,4326
B1116,2012,2,1,927,93,123,108,10,0,,
B1116,2012,2,2,996,95,125,123,12,0,2607,4406
B1116,2012,2,3,1043,93,123,120,11,0,2764,4746
B1117,2012,2,1,315,87,117,114,15,0,2262,3845
B1117,2012,2,2,391,91,121,118,13,0,2081,3561
B1117,2012,2,3,445,89,119,120,10,0,1877,3288
B1118,2012,2,1,40,84,114,116,10,0,3137,5338
B1118,2012,2,2,53,86,116,110,20,0,3240,5463
B1118,2012,2,3,106,89,119,127,24,0,3775,6306
B1119,2012,2,1,1398,103,133,113,12,0,913,1585
B1119,2012,2,2,1450,95,125,113,11,0,961,1605
B1119,2012,2,3,1454,100,130,109,8,0,739,1285
B1120,2012,2,1,494,90,120,115,11,0,2606,4545
B1120,2012,2,2,501,89,119,115,15,0,2695,4544
B1120,2012,2,3,554,90,120,112,19,0,2783,4703
B1121,2012,2,1,626,93,123,121,18,0,1756,3008
B1121,2012,2,2,699,90,120,112,14,0,1927,3271
B1121,2012,2,3,702,91,121,125,11,0,1609,2691
B1222,2012,2,1,496,92,122,127,13,0,2660,4475
B1222,2012,2,2,550,94,124,133,14,0,3054,5279
B1222,2012,2,3,567,94,124,128,11,0,3011,5164
B1224,2012,2,1,1071,91,121,123,12,0,2582,4488
B1224,2012,2,2,1150,92,122,121,10,0,2824,4887
B1224,2012,2,3,1161,92,122,126,11,0,3117,5479
B1078,2012,2,1,474,92,122,118,9,0,3041,5145
B1078,2012,2,2,545,89,119,114,13,0,3187,5404
B1078,2012,2,3,581,97,127,122,12,0,2991,5124
B1124,2012,2,1,934,93,123,124,12,0,2009,3379
B1124,2012,2,2,981,96,126,120,15,0,2181,3753
B1124,2012,2,3,1048,93,123,119,9,0,2205,3846
B1125,2012,2,1,326,88,118,113,13,0,2382,3979
B1125,2012,2,2,372,88,118,115,13,0,2644,4458
B1125,2012,2,3,441,88,118,123,15,0,2127,3615
B1126,2012,2,1,1355,100,130,127,13,0,2533,4349
B1126,2012,2,2,1426,100,130,139,17,0,3102,5344
B1126,2012,2,3,1458,103,133,122,11,0,2933,5104
B1022,2012,2,1,191,86,116,122,12,0,2733,4587
B1022,2012,2,2,211,86,116,140,10,0,3094,5313
B1022,2012,2,3,271,86,116,136,14,5,2817,4842
B1024,2012,2,1,336,87,117,107,13,5,3773,6391
B1024,2012,2,2,370,89,119,126,18,0,3929,6579
B1024,2012,2,3,419,87,117,100,14,0,3935,6627
B1025,2012,2,1,179,86,116,111,15,0,3094,5211
B1025,2012,2,2,213,86,116,122,14,0,2112,3528
B1025,2012,2,3,281,86,116,120,12,0,1948,3375
B1026,2012,2,1,192,80,110,115,10,0,3907,6663
B1026,2012,2,2,218,83,113,123,13,0,3730,6325
B1026,2012,2,3,293,85,115,118,15,0,3316,5642
B1027,2012,2,1,199,84,114,115,12,3,3736,6314
B1027,2012,2,2,250,86,116,105,15,7,3228,5480
B1027,2012,2,3,256,85,115,115,14,0,3936,6575
B1029,2012,2,1,33,87,117,146,9,0,3243,5713
B1029,2012,2,2,88,89,119,129,11,0,3228,5393
B1029,2012,2,3,141,90,120,144,12,7,2899,4832
B1084,2012,2,1,619,93,123,122,16,0,3076,5156
B1084,2012,2,2,666,93,123,121,11,0,3098,5199
B1084,2012,2,3,744,95,125,123,13,0,3076,5288
B1112,2012,2,1,1078,96,126,126,15,0,2627,4526
B1112,2012,2,2,1137,97,127,130,10,0,3713,6332
B1112,2012,2,3,1191,95,125,121,15,0,3092,5369
M1478,2012,2,1,646,97,127,132,14,0,1939,3374
M1478,2012,2,2,668,97,127,122,14,0,2165,3617
M1478,2012,2,3,743,100,130,124,11,0,2418,4157
M1479,2012,2,1,19,93,123,112,15,0,2724,4646
M1479,2012,2,2,58,94,124,109,19,0,2812,4785
M1479,2012,2,3,103,96,126,112,19,0,2749,4683
M1480,2012,2,1,649,90,120,119,9,0,3420,5727
M1480,2012,2,2,684,87,117,115,9,0,2602,4392
M1480,2012,2,3,713,87,117,119,11,0,3058,5180
A1331,2012,2,1,634,94,124,117,12,0,3497,6011
A1331,2012,2,2,678,94,124,120,14,0,3095,5302
A1331,2012,2,3,714,94,124,127,14,0,3033,5126
A1332,2012,2,1,1067,97,127,111,14,0,2311,3941
A1332,2012,2,2,1121,97,127,110,13,0,2652,4554
A1332,2012,2,3,1169,97,127,117,11,0,2755,4634
A1333,2012,2,1,752,95,125,125,15,0,2374,4067
A1333,2012,2,2,827,96,126,120,15,0,3156,5376
A1333,2012,2,3,888,95,125,122,12,0,2814,4832
A1294,2012,2,1,37,84,114,125,12,9,2995,5119
A1294,2012,2,2,99,87,117,116,18,7,2922,4949
A1294,2012,2,3,143,84,114,120,14,9,2627,4404
A1295,2012,2,1,32,87,117,128,13,0,2439,4070
A1295,2012,2,2,54,90,120,125,20,0,2679,4465
A1295,2012,2,3,145,86,116,127,11,7,2366,3971
A1296,2012,2,1,172,91,121,116,12,0,2851,4835
A1296,2012,2,2,222,91,121,120,19,0,2780,4736
A1296,2012,2,3,284,93,123,117,14,0,2341,3979
A1337,2012,2,1,793,94,124,120,13,0,2742,4698
A1337,2012,2,2,812,92,122,125,15,3,2940,5014
A1337,2012,2,3,875,94,124,130,14,0,3061,5280
A1338,2012,2,1,456,94,124,118,12,0,3338,5680
A1338,2012,2,2,530,95,125,110,13,0,2992,5161
A1338,2012,2,3,579,93,123,115,20,0,2885,4954
A1339,2012,2,1,938,95,125,136,13,0,3477,5957
A1339,2012,2,2,994,96,126,130,11,0,2740,4689
A1339,2012,2,3,1042,94,124,131,10,0,2985,5108
A1297,2012,2,1,48,87,117,120,11,0,3213,5367
A1297,2012,2,2,51,87,117,118,18,0,3226,5408
A1297,2012,2,3,129,86,116,122,16,0,3670,6152
A1340,2012,2,1,638,98,128,126,8,0,2690,4629
A1340,2012,2,2,672,97,127,134,11,0,3121,5220
A1340,2012,2,3,745,98,128,149,9,0,2396,4026
A1341,2012,2,1,788,94,124,138,20,7,1602,2791
A1341,2012,2,2,824,92,122,123,13,9,2978,4986
A1341,2012,2,3,886,91,121,123,15,0,2944,5123
A1342,2012,2,1,483,93,123,136,12,0,2518,4285
A1342,2012,2,2,541,90,120,131,11,0,3092,5183
A1342,2012,2,3,571,90,120,124,16,0,3250,5499
A1343,2012,2,1,922,94,124,130,12,0,2984,5106
A1343,2012,2,2,969,93,123,123,16,0,3057,5237
A1343,2012,2,3,1049,93,123,119,16,0,2782,4804
A1335,2012,2,1,342,92,122,114,13,0,2780,4849
A1335,2012,2,2,388,94,124,129,12,0,2380,4022
A1335,2012,2,3,446,90,120,129,14,0,3203,5537
A1336,2012,2,1,492,94,124,127,14,0,2506,4293
A1336,2012,2,2,519,96,126,118,17,0,2799,4736
A1336,2012,2,3,559,100,130,114,11,0,2847,4850
M1384,2012,2,1,629,94,124,131,10,0,1833,3101
M1384,2012,2,2,664,94,124,130,10,0,2086,3566
M1384,2012,2,3,718,94,124,131,11,9,1749,2949
M1385,2012,2,1,1096,93,123,111,14,0,2480,4201
M1385,2012,2,2,1119,92,122,116,19,0,2242,3937
M1385,2012,2,3,1153,93,123,120,15,7,2981,5015
M1386,2012,2,1,1079,92,122,122,9,0,1908,3239
M1386,2012,2,2,1101,92,122,118,12,0,1522,2622
M1386,2012,2,3,1163,91,121,115,10,0,1896,3186
M1387,2012,2,1,1216,93,123,120,11,0,1920,3278
M1387,2012,2,2,1297,93,123,113,11,0,2139,3627
M1387,2012,2,3,1341,91,121,107,12,0,1984,3449
M1388,2012,2,1,1368,90,120,103,9,0,1556,2672
M1388,2012,2,2,1403,91,121,105,9,0,1739,2952
M1388,2012,2,3,1484,93,123,111,10,0,1978,3335
M1401,2012,2,1,1354,95,125,123,9,0,2467,4217
M1401,2012,2,2,1433,94,124,125,8,0,2333,3938
M1401,2012,2,3,1464,94,124,126,7,0,2468,4195
M1402,2012,2,1,1376,96,126,126,9,0,2379,4066
M1402,2012,2,2,1407,95,125,127,9,0,2412,4020
M1402,2012,2,3,1498,96,126,125,8,0,2756,4684
M1390,2012,2,1,1206,89,119,105,10,0,2465,4137
M1390,2012,2,2,1283,88,118,126,11,0,2533,4320
M1390,2012,2,3,1315,88,118,113,9,0,2160,3625
M1403,2012,2,1,1202,93,123,115,11,0,2209,3776
M1403,2012,2,2,1288,93,123,127,10,0,1968,3333
M1403,2012,2,3,1308,93,123,118,9,0,1767,2993
M1404,2012,2,1,645,94,124,145,13,9,3215,5383
M1404,2012,2,2,700,95,125,143,11,9,3174,5296
M1404,2012,2,3,717,94,124,139,13,9,2770,4649
M1405,2012,2,1,493,86,116,97,24,0,3277,5570
M1405,2012,2,2,534,86,116,101,16,0,2915,4954
M1405,2012,2,3,585,85,115,105,19,0,3192,5369
M1406,2012,2,1,489,84,114,96,22,0,2983,5110
M1406,2012,2,2,518,86,116,95,13,0,3225,5425
M1406,2012,2,3,555,85,115,98,10,0,3134,5235
M1407,2012,2,1,610,86,116,98,20,0,3275,5515
M1407,2012,2,2,689,86,116,100,14,0,3100,5275
M1407,2012,2,3,735,90,120,102,16,0,3179,5323
M1408,2012,2,1,477,85,115,99,12,0,3365,5680
M1408,2012,2,2,529,85,115,90,10,0,3258,5563
M1408,2012,2,3,595,85,115,95,16,0,3095,5278
M1409,2012,2,1,1069,89,119,130,11,9,2034,3496
M1409,2012,2,2,1133,95,125,124,14,0,3454,5864
M1409,2012,2,3,1173,91,121,128,16,7,2265,3867
M1411,2012,2,1,933,95,125,138,13,0,2631,4426
M1411,2012,2,2,964,96,126,132,11,0,2274,3927
M1411,2012,2,3,1028,99,129,129,11,0,2514,4307
M1412,2012,2,1,924,95,125,127,19,3,3016,5097
M1412,2012,2,2,976,95,125,134,12,0,3108,5300
M1412,2012,2,3,1038,94,124,128,11,0,2506,4288
M1413,2012,2,1,932,92,122,130,13,0,1807,3043
M1413,2012,2,2,965,92,122,129,12,9,1793,3020
M1413,2012,2,3,1021,90,120,133,13,5,1874,3192
M1414,2012,2,1,1214,91,121,126,15,0,2384,4043
M1414,2012,2,2,1254,93,123,106,9,0,2290,3950
M1414,2012,2,3,1329,94,124,125,13,0,,
M1415,2012,2,1,1353,90,120,128,9,0,970,1669
M1415,2012,2,2,1434,91,121,120,12,0,1304,2181
M1415,2012,2,3,1491,92,122,136,9,0,1417,2400
M1417,2012,2,1,453,97,127,122,8,0,2466,4182
M1417,2012,2,2,542,95,125,126,11,0,2052,3492
M1417,2012,2,3,561,100,130,126,9,0,2220,3833
M1418,2012,2,1,1054,91,121,109,10,0,2799,4925
M1418,2012,2,2,1129,93,123,114,14,0,2592,4355
M1418,2012,2,3,1174,91,121,112,12,0,2225,3833
M1419,2012,2,1,316,87,117,115,17,0,2454,4119
M1419,2012,2,2,398,90,120,115,14,0,2675,4598
M1419,2012,2,3,440,89,119,116,14,0,2028,3545
M1420,2012,2,1,176,93,123,111,13,0,2189,3750
M1420,2012,2,2,238,94,124,122,14,0,2209,3772
M1420,2012,2,3,300,94,124,125,17,0,2496,4233
M1423,2012,2,1,1391,97,127,122,10,0,2213,3774
M1423,2012,2,2,1424,97,127,124,10,0,2487,4338
M1423,2012,2,3,1479,98,128,122,9,0,1794,3053
M1425,2012,2,1,1227,84,114,127,10,0,2033,3424
M1425,2012,2,2,1287,88,118,123,11,0,1761,3010
M1425,2012,2,3,1306,86,116,125,10,0,2053,3426
M1427,2012,2,1,486,93,123,131,12,0,2061,3543
M1427,2012,2,2,527,93,123,132,10,0,1852,3148
M1427,2012,2,3,600,93,123,133,11,0,1846,3155
M1429,2012,2,1,1357,100,130,123,13,0,3030,5261
M1429,2012,2,2,1437,98,128,123,10,0,2936,5013
M1429,2012,2,3,1478,100,130,131,10,0,2740,4662
M1430,2012,2,1,945,96,126,114,13,0,2262,3897
M1430,2012,2,2,977,98,128,124,16,0,3035,5223
M1430,2012,2,3,1041,96,126,115,14,0,2585,4479
M1431,2012,2,1,650,93,123,125,10,0,2579,4353
M1431,2012,2,2,653,94,124,119,13,0,2583,4365
M1431,2012,2,3,728,94,124,119,10,0,2413,4232
M1432,2012,2,1,918,92,122,106,13,0,2885,4943
M1432,2012,2,2,986,96,126,110,17,0,3499,6069
M1432,2012,2,3,1046,93,123,113,16,0,2795,4805
M1433,2012,2,1,1059,95,125,113,15,0,2716,4579
M1433,2012,2,2,1117,95,125,120,13,0,2899,4983
M1433,2012,2,3,1162,97,127,113,18,0,2435,4124
M1380,2012,2,1,314,93,123,134,11,0,3166,5326
M1380,2012,2,2,371,94,124,114,15,3,3180,5522
M1380,2012,2,3,435,95,125,133,12,0,2336,4052
M1436,2012,2,1,615,105,135,121,13,0,2235,3855
M1436,2012,2,2,667,100,130,126,10,0,2902,5045
M1436,2012,2,3,709,105,135,126,13,0,2583,4455
M1438,2012,2,1,190,87,117,120,15,0,2987,5094
M1438,2012,2,2,230,85,115,115,15,0,2828,4746
M1438,2012,2,3,296,,,113,14,0,3019,5090
B1162,2012,2,1,1234,95,125,120,11,0,2983,5082
B1162,2012,2,2,1294,95,125,131,11,0,2886,4983
B1162,2012,2,3,1339,97,127,127,10,0,2747,4664
B1030,2012,2,1,38,87,117,145,12,9,3021,5111
B1030,2012,2,2,67,86,116,149,13,9,2692,4581
B1030,2012,2,3,127,88,118,150,9,5,2872,4892
B1171,2012,2,1,776,103,133,138,22,0,3447,5952
B1171,2012,2,2,846,101,131,138,14,0,3253,5523
B1171,2012,2,3,899,101,131,145,11,0,3092,5213
B1237,2012,2,1,792,94,124,130,17,0,2174,3716
B1237,2012,2,2,814,92,122,130,14,0,2912,5000
B1237,2012,2,3,871,94,124,138,17,0,3045,5110
B1091,2012,2,1,612,90,120,125,16,0,2505,4296
B1091,2012,2,2,680,90,120,123,10,0,2475,4192
B1091,2012,2,3,734,92,122,120,13,0,2383,4041
M1378,2012,2,1,1249,90,120,125,14,0,2200,3786
M1378,2012,2,2,1275,93,123,120,12,0,2608,4544
M1378,2012,2,3,1345,95,125,110,12,0,2124,3684
B1167,2012,2,1,452,100,130,137,16,0,3048,5222
B1167,2012,2,2,516,100,130,135,13,0,2575,4322
B1167,2012,2,3,557,102,132,134,11,0,2812,4834
B1168,2012,2,1,1063,91,121,118,16,0,2530,4334
B1168,2012,2,2,1147,89,119,113,12,0,2684,4655
B1168,2012,2,3,1193,93,123,110,11,0,2633,4501
B1169,2012,2,1,329,101,131,131,15,0,2544,4329
B1169,2012,2,2,359,102,132,140,13,0,2473,4208
B1169,2012,2,3,405,101,131,143,14,0,1764,2998
B1170,2012,2,1,1088,94,124,131,14,0,3001,5159
B1170,2012,2,2,1141,94,124,128,12,0,2767,4815
B1170,2012,2,3,1165,94,124,131,11,5,2777,4822
B1088,2012,2,1,337,88,118,122,9,9,3231,5416
B1088,2012,2,2,385,91,121,123,11,9,2878,4802
B1088,2012,2,3,424,87,117,115,11,9,2544,4255
B1236,2012,2,1,1070,99,129,118,12,0,2391,4152
B1236,2012,2,2,1125,100,130,115,10,0,2378,4046
B1236,2012,2,3,1192,99,129,120,12,0,2394,4083
B1093,2012,2,1,457,90,120,124,13,0,2999,5074
B1093,2012,2,2,507,91,121,119,10,0,3037,5091
B1093,2012,2,3,569,93,123,120,12,0,3151,5319
B1172,2012,2,1,1086,94,124,128,13,0,2743,4683
B1172,2012,2,2,1126,95,125,128,11,0,3845,6610
B1172,2012,2,3,1194,95,125,115,12,0,3150,5409
B1094,2012,2,1,908,93,123,129,14,0,3086,5233
B1094,2012,2,2,954,90,120,117,11,0,3147,5391
B1094,2012,2,3,1011,93,123,125,10,0,2960,5019
B1040,2012,2,1,606,92,122,130,15,0,2793,4769
B1040,2012,2,2,683,90,120,131,9,0,2730,4603
B1040,2012,2,3,747,94,124,122,18,9,2136,3601
B1238,2012,2,1,1064,97,127,122,12,3,2539,4379
B1238,2012,2,2,1107,96,126,125,9,0,2989,5167
B1238,2012,2,3,1183,99,129,142,11,7,2669,4505
B1173,2012,2,1,1093,94,124,149,11,0,2444,4144
B1173,2012,2,2,1148,94,124,138,13,0,3323,5712
B1173,2012,2,3,1179,95,125,135,11,7,2726,4686
B1174,2012,2,1,1215,94,124,128,10,0,2762,4850
B1174,2012,2,2,1300,94,124,120,14,0,3553,5977
B1174,2012,2,3,1347,93,123,122,14,0,2589,4315
B1175,2012,2,1,461,87,117,104,17,0,3210,5418
B1175,2012,2,2,526,89,119,118,14,0,3488,5847
B1175,2012,2,3,551,92,122,130,14,0,2833,4782
B1239,2012,2,1,1098,97,127,153,9,7,2593,4482
B1239,2012,2,2,1111,95,125,155,12,0,2844,4994
B1239,2012,2,3,1166,95,125,152,11,9,2407,4133
B1240,2012,2,1,765,96,126,117,16,0,2573,4288
B1240,2012,2,2,850,99,129,117,14,0,3552,6078
B1240,2012,2,3,856,96,126,111,16,0,3586,6123
B1241,2012,2,1,607,105,135,130,13,0,1947,3351
B1241,2012,2,2,675,104,134,124,12,0,2254,3936
B1241,2012,2,3,729,104,134,124,11,0,1807,3089
B1242,2012,2,1,625,105,135,134,9,0,2660,4583
B1242,2012,2,2,676,104,134,123,11,0,2436,4074
B1242,2012,2,3,706,105,135,124,9,0,2566,4471
B1243,2012,2,1,1352,95,125,121,11,0,2181,3715
B1243,2012,2,2,1428,99,129,119,11,0,3208,5384
B1243,2012,2,3,1490,97,127,116,12,0,2564,4353
B1128,2012,2,1,797,99,129,130,12,0,2591,4399
B1128,2012,2,2,804,96,126,130,12,9,2171,3618
B1128,2012,2,3,873,99,129,136,14,0,2606,4409
B1251,2012,2,1,39,85,115,116,22,0,2637,4625
B1251,2012,2,2,84,93,123,122,14,0,2690,4515
B1251,2012,2,3,111,86,116,132,15,0,2868,4925
B1129,2012,2,1,647,96,126,110,16,0,2529,4396
B1129,2012,2,2,695,94,124,109,12,0,2994,5036
B1129,2012,2,3,741,97,127,113,13,0,2915,4954
B1176,2012,2,1,1221,90,120,116,10,0,3091,5301
B1176,2012,2,2,1265,91,121,119,12,0,2880,4900
B1176,2012,2,3,1304,92,122,116,10,0,2756,4716
B1177,2012,2,1,1370,96,126,118,11,0,2472,4292
B1177,2012,2,2,1427,95,125,106,10,0,3004,5269
B1177,2012,2,3,1463,97,127,107,12,0,2406,4099
B1130,2012,2,1,1052,94,124,115,11,0,2537,4248
B1130,2012,2,2,1139,90,120,101,15,0,2858,4763
B1130,2012,2,3,1196,91,121,115,14,0,2643,4497
B1244,2012,2,1,1087,96,126,127,14,0,2856,4826
B1244,2012,2,2,1131,94,124,121,14,0,2829,4956
B1244,2012,2,3,1171,94,124,127,18,5,2983,5082
B1179,2012,2,1,1372,98,128,126,18,0,2113,3653
B1179,2012,2,2,1417,99,129,119,10,0,2367,3954
B1179,2012,2,3,1480,100,130,127,10,0,3131,5273
B1180,2012,2,1,1399,95,125,114,13,0,2780,4757
B1180,2012,2,2,1445,94,124,98,7,0,3051,5186
B1180,2012,2,3,1466,94,124,118,14,0,3305,5521
B1181,2012,2,1,1238,92,122,105,11,0,2412,4156
B1181,2012,2,2,1281,94,124,108,10,0,2470,4255
B1181,2012,2,3,1313,93,123,101,9,0,2242,3737
B1183,2012,2,1,1240,89,119,125,11,0,2592,4456
B1183,2012,2,2,1280,93,123,135,7,0,2512,4342
B1183,2012,2,3,1327,93,123,134,12,7,2479,4261
B1245,2012,2,1,1085,99,129,122,10,0,2523,4273
B1245,2012,2,2,1104,95,125,129,10,0,3059,5164
B1245,2012,2,3,1168,97,127,120,8,5,1976,3420
B1246,2012,2,1,1400,102,132,126,10,0,2404,4091
B1246,2012,2,2,1405,101,131,114,9,0,2917,4918
B1246,2012,2,3,1460,101,131,125,10,0,2723,4702
B1247,2012,2,1,1095,100,130,135,10,0,2448,4132
B1247,2012,2,2,1123,95,125,145,9,0,3639,6220
B1247,2012,2,3,1181,96,126,129,11,7,3124,5310
B1131,2012,2,1,1242,95,125,110,11,0,3060,5308
B1131,2012,2,2,1264,95,125,112,11,0,3064,5285
B1131,2012,2,3,1319,97,127,123,8,0,2975,5120
B1133,2012,2,1,608,95,125,136,10,0,2879,4921
B1133,2012,2,2,687,93,123,119,10,0,2730,4613
B1133,2012,2,3,727,98,128,127,10,0,2397,4190
B1135,2012,2,1,909,95,125,112,9,0,2814,4837
B1135,2012,2,2,968,94,124,117,13,0,2354,4037
B1135,2012,2,3,1005,87,117,120,16,0,2381,4056
B1136,2012,2,1,950,90,120,105,10,0,2723,4691
B1136,2012,2,2,979,90,120,110,14,0,3159,5412
B1136,2012,2,3,1040,87,117,107,16,0,2323,4034
B1137,2012,2,1,1084,99,129,119,9,0,2697,4662
B1137,2012,2,2,1146,95,125,110,12,0,2357,4033
B1137,2012,2,3,1190,97,127,122,12,0,2863,4960
B1138,2012,2,1,767,92,122,131,13,0,2289,3930
B1138,2012,2,2,821,90,120,120,15,0,2831,4899
B1138,2012,2,3,854,92,122,124,19,0,3077,5158
B1252,2012,2,1,917,89,119,128,12,0,2542,4355
B1252,2012,2,2,966,88,118,122,11,3,3028,5082
B1252,2012,2,3,1006,87,117,126,11,0,3015,5159
B1041,2012,2,1,603,89,119,123,13,0,3217,5567
B1041,2012,2,2,681,89,119,116,9,0,3212,5440
B1041,2012,2,3,730,90,120,127,9,0,3295,5645
B1042,2012,2,1,614,86,116,112,11,0,3550,5985
B1042,2012,2,2,679,86,116,103,10,0,2363,4012
B1042,2012,2,3,748,87,117,120,12,0,2959,5000
B1253,2012,2,1,465,87,117,111,13,0,3344,5638
B1253,2012,2,2,544,95,125,116,14,0,2771,4651
B1253,2012,2,3,597,88,118,117,14,0,3531,6056
B1139,2012,2,1,642,97,127,114,16,0,2709,4694
B1139,2012,2,2,657,95,125,120,14,0,2263,3837
B1139,2012,2,3,739,95,125,113,15,0,2635,4473
B1140,2012,2,1,637,96,126,134,10,0,2592,4481
B1140,2012,2,2,697,95,125,120,11,0,3138,5309
B1140,2012,2,3,736,97,127,124,14,0,3017,5186
B1141,2012,2,1,770,94,124,112,15,0,2749,4736
B1141,2012,2,2,844,93,123,115,13,0,3049,5212
B1141,2012,2,3,884,93,123,110,11,0,2538,4446
B1142,2012,2,1,635,94,124,118,14,0,2422,4159
B1142,2012,2,2,677,95,125,115,9,0,3159,5430
B1142,2012,2,3,720,94,124,109,12,0,2712,4567
B1143,2012,2,1,907,95,125,115,13,0,2920,5116
B1143,2012,2,2,972,94,124,113,15,0,3419,5910
B1143,2012,2,3,1023,95,125,134,17,0,3195,5498
B1144,2012,2,1,768,94,124,126,15,0,2720,4623
B1144,2012,2,2,823,93,123,111,13,0,2940,4997
B1144,2012,2,3,870,91,121,116,14,0,2642,4424
B1043,2012,2,1,177,86,116,115,13,0,3149,5303
B1043,2012,2,2,209,85,115,110,16,0,3087,5199
B1043,2012,2,3,277,89,119,117,14,0,3158,5312
B1044,2012,2,1,1100,99,129,122,12,0,2565,4399
B1044,2012,2,2,1135,96,126,113,15,0,2531,4351
B1044,2012,2,3,1187,94,124,127,12,9,2232,3781
B1045,2012,2,1,499,88,118,124,12,0,2660,4506
B1045,2012,2,2,523,86,116,118,13,0,2704,4570
B1045,2012,2,3,589,91,121,115,12,0,2722,4568
B1046,2012,2,1,1090,94,124,127,18,9,1988,3414
B1046,2012,2,2,1109,91,121,127,17,7,2541,4402
B1046,2012,2,3,1156,93,123,129,17,9,1925,3275
B1145,2012,2,1,1394,97,127,116,11,0,2668,4700
B1145,2012,2,2,1436,95,125,120,10,0,2699,4603
B1145,2012,2,3,1452,94,124,123,10,0,2814,4755
B1146,2012,2,1,1209,92,122,123,11,0,2719,4684
B1146,2012,2,2,1256,91,121,118,14,0,2435,4172
B1146,2012,2,3,1333,92,122,129,12,0,2612,4455
B1184,2012,2,1,1230,89,119,131,13,0,2669,4619
B1184,2012,2,2,1277,90,120,119,17,0,2890,5001
B1184,2012,2,3,1344,89,119,117,12,0,2815,4844
B1185,2012,2,1,764,92,122,120,14,0,3537,5895
B1185,2012,2,2,825,91,121,120,12,7,3087,5205
B1185,2012,2,3,876,91,121,122,16,0,3682,6344
B1186,2012,2,1,1204,93,123,121,15,5,3037,5185
B1186,2012,2,2,1282,94,124,125,12,9,2226,3870
B1186,2012,2,3,1343,91,121,110,15,5,2451,4232
B1187,2012,2,1,1055,94,124,132,10,0,3353,5770
B1187,2012,2,2,1116,94,124,134,9,0,2389,4121
B1187,2012,2,3,1167,97,127,129,9,5,3205,5429
B1188,2012,2,1,469,89,119,116,9,0,3187,5386
B1188,2012,2,2,517,89,119,110,12,0,2798,4756
B1188,2012,2,3,583,88,118,117,14,0,3254,5512
B1189,2012,2,1,1217,95,125,124,10,0,2678,4619
B1189,2012,2,2,1295,95,125,126,11,0,2789,4832
B1189,2012,2,3,1321,94,124,123,9,0,2921,5016
B1190,2012,2,1,1236,94,124,133,10,0,3458,5857
B1190,2012,2,2,1296,95,125,130,16,0,2893,5007
B1190,2012,2,3,1338,96,126,131,7,0,2337,3967
B1191,2012,2,1,1223,95,125,127,17,0,2753,4743
B1191,2012,2,2,1276,94,124,134,16,0,2960,4933
B1191,2012,2,3,1349,95,125,126,12,0,2562,4379
B1192,2012,2,1,1241,94,124,133,10,0,2858,4918
B1192,2012,2,2,1253,95,125,126,12,0,2896,5017
B1192,2012,2,3,1310,95,125,140,13,0,2754,4702
B1047,2012,2,1,754,93,123,126,23,0,2682,4512
B1047,2012,2,2,807,93,123,125,18,0,2356,4023
B1047,2012,2,3,866,93,123,124,18,0,2740,4567
B1193,2012,2,1,1386,104,134,126,16,0,2753,4631
B1193,2012,2,2,1448,101,131,118,13,0,2801,4712
B1193,2012,2,3,1477,101,131,127,14,0,2835,4807
B1194,2012,2,1,1247,92,122,129,11,0,2636,4603
B1194,2012,2,2,1298,94,124,126,11,0,2998,5090
B1194,2012,2,3,1302,94,124,126,9,0,2739,4650
B1195,2012,2,1,926,93,123,125,10,0,2933,4985
B1195,2012,2,2,988,95,125,140,16,0,2551,4420
B1195,2012,2,3,1025,94,124,129,16,0,2794,4787
B1196,2012,2,1,1360,95,125,129,14,0,3114,5274
B1196,2012,2,2,1443,95,125,127,9,0,3297,5604
B1196,2012,2,3,1459,94,124,121,15,0,3026,5108
B1197,2012,2,1,1061,95,125,116,16,0,3459,6013
B1197,2012,2,2,1112,96,126,125,13,0,3007,5221
B1197,2012,2,3,1185,95,125,124,10,0,3405,5886
B1147,2012,2,1,936,90,120,134,12,9,3180,5596
B1147,2012,2,2,959,89,119,129,10,0,2607,4492
B1147,2012,2,3,1045,90,120,136,14,0,3423,5871
A1259,2012,2,1,5,80,110,115,10,0,2593,4417
A1259,2012,2,2,55,83,113,107,14,0,2853,4788
A1259,2012,2,3,110,82,112,110,12,0,3533,5964
