Entry,0,1,2,3,4,5,6,7,8
A1254,-1.90746351013,-6.11297641062,5.05260635311,-10.8693127752,-15.4228152851,2.30982197606,1.5493874841,-2.32951505256,3.27018068809
A1257,4.49750219892,5.56280341945,2.53352491633,-6.7562140255,5.49211694116,-2.7787764908,3.01835412537,-7.38622043333,-2.60081234147
A1258,4.23498192502,-2.27805294076,-12.4078563239,-14.1828163831,7.90489355372,0.626442271611,0.833245309845,-5.66636742678,-12.9161897899
A1259,6.24290068352,25.3790518246,-10.3005482606,-9.28662513946,-5.2785281007,0.0774061588059,6.6965696583,-3.6590852751,1.23865222034
A1260,-21.8470494404,-11.0174004585,-15.0004899676,4.86249554444,1.59740079107,-7.25257670609,3.25780033094,7.55168925291,0.311086857046
A1261,-8.63871917354,-4.1583390798,2.43580132542,-2.06537619228,-1.75534519269,15.6692888153,10.8356011149,2.0702804554,2.36424281821
A1262,1.93400187039,-0.704403200512,4.38392776414,17.4381222611,8.58642543022,4.32134663573,-4.92319259227,-2.53541199279,6.21283005175
A1263,-0.368447491661,0.00113893015689,-4.40716600537,5.67943535323,-9.24273443932,-6.42529964255,-10.0436031523,3.82292468704,-1.38000964368
A1264,-1.64608306841,14.957779683,-9.58116186837,-3.14160034466,2.89958291031,5.79980193481,8.95690241,-2.76634452279,-4.86815342315
A1265,-14.758944078,1.66079177658,-7.28015003172,9.49607690568,7.358805368,-7.13064577553,10.785241863,-3.05327784425,6.742005827
A1266,9.51186720757,10.404344434,6.23781371813,-7.51847694538,-2.90606270232,0.256128612423,3.02261836555,-7.3069801833,3.34743644442
A1267,-6.2384207761,-0.794054457506,-9.92139979468,0.173384334755,-12.620221782,-2.49992386481,-1.01835726421,4.33238645458,5.96208427461
A1268,-12.7045330776,1.39268372663,-13.285843239,-4.01004317501,-0.870784590459,-3.54302143548,3.59720579943,-3.00551291201,-2.29636186292
A1269,-15.361518437,-4.66714156325,-13.8151475705,-7.03133630535,-7.53406853646,3.84595790845,9.27103619813,-0.633713662634,-0.662067335809
A1270,-13.4754225627,6.41527793089,-10.5631837741,-1.88104430302,-2.42359155082,12.6889878059,14.1017256576,3.61553366063,1.97404428115
A1271,-1.74913463631,17.009455306,-12.2685209484,-1.26439147702,5.84297998195,8.5441543588,6.59886343841,3.58771934195,-1.28393777864
A1272,9.80065536159,10.1796290981,-14.1283090611,-9.78052893413,-0.0691171329977,-8.0899159703,1.22123276942,-6.62186844799,-6.84662624646
A1273,8.01311012853,-1.71678013006,-13.8136681113,-6.85359580675,1.98183052783,-1.40408675167,-4.45992115842,1.89990828205,1.86086716109
A1274,12.4348784764,10.1958673097,-12.3562416211,-12.0822425463,-2.31878005756,-2.5924517292,2.39365375062,-7.73361245004,-4.02624279491
A1275,-16.4220955222,-3.00196751534,-9.4657085562,-3.65233207717,-0.597190822521,-1.18964624575,-6.23248099722,-2.18000735421,-5.41250104853
A1276,-12.6908087769,-4.86276153584,-12.2554490867,-2.60168328151,2.3774407284,-2.80972829188,-4.64088911759,-1.68450887015,-5.45142464582
A1277,-12.1175742915,-4.93594320773,-6.81481288993,-5.19964025326,-2.60625813377,-1.26246141627,-5.60595964807,-3.20329822206,-2.03579955215
A1278,9.42387720135,5.17104697724,-6.52939573765,-2.41581083705,12.1632660104,1.44775865368,3.1157823421,-1.43895732569,4.10072634428
A1279,5.08525274687,-2.89162329723,-0.272882457371,-1.36366153996,14.291490071,6.37014318496,1.50967066285,-3.27354346877,-0.700617834365
A1280,-7.13624268819,6.84447656111,-12.192741362,-7.71416619965,3.65074858367,-4.88459565578,0.0862918832329,0.485381563163,-9.37092504796
A1281,-4.96149022701,3.75511105434,3.49264332592,6.56331345966,-3.07152505339,11.428532996,1.32590458788,3.34803453185,1.57699088667
A1282,5.15101676327,-1.34531552562,3.14066726345,24.351686052,-3.35680081786,12.8842930028,5.86568657815,2.06973632463,-3.60081484141
A1283,-14.2391983497,-11.9157520415,-8.96468604036,8.64308797994,9.84393753223,-11.3465146182,3.18035728928,6.40466657811,8.10363339981
A1284,9.33948000427,3.70951529692,-3.82502542521,-14.5395705324,2.69792773736,-10.9778952418,-0.780236229136,-7.99095207078,-7.96665912436
A1285,2.601212476,16.7476301576,12.7908085322,-3.71822333629,0.244139329123,-10.7930478972,5.31161379277,-9.56158728579,-2.17005277948
A1286,9.89520960441,24.5598207895,3.24249117192,-4.16821627037,6.20465390451,-3.79654912835,6.54204280085,-4.70716442933,0.670370845689
A1288,6.32660047156,14.0658501057,-5.19855278017,-9.76023265522,-5.10674635772,0.217738890933,13.106861762,6.27154414366,-8.02913472794
A1289,9.00882782758,-5.69164038483,-6.18569013983,-14.3146393062,0.386936085446,-10.7839956667,2.61771829238,-2.15892807666,-5.18582817471
A1290,-0.837279989209,15.2752609152,-10.5784132327,-11.2886009802,-7.84274105043,-9.07736366947,3.96411010933,-1.10312360906,-10.2343715657
A1291,-12.0051711465,-5.58312248897,-1.89255623789,1.59082369204,-10.6610461084,1.67115675071,8.09826021139,-2.49286931531,-8.18986902316
A1292,-19.6055511552,-10.1007922886,-15.288925498,3.18344263388,4.02574926257,-9.14028258892,7.41033966619,-0.530866044004,4.51736922949
A1293,2.75042629191,17.0798638872,12.7140867399,-3.86283929141,0.119878006393,-10.2603851438,5.83141604389,-9.78354129311,-1.70698641131
A1294,10.3421888651,4.56184272047,-5.68461472971,2.88292738145,-3.84367811333,0.485178143125,-10.2326699385,-11.9034510671,4.07209522993
A1295,-12.3459035455,-1.20336799754,-5.47444854325,7.0561529036,-0.0486802889954,-9.34518198695,-0.0765572195314,-11.8784569356,-2.06649496478
A1296,-15.0112111962,2.06334689476,-11.4460966832,-6.89839177527,2.79317473783,-9.08342173657,5.99231233789,7.38226621944,-11.6318095298
A1297,-13.1371000852,-3.60149382189,-17.6187521931,2.52585308889,3.81468975808,-5.93924705058,0.595252917803,1.79272807903,2.90130480678
A1302,1.46930680936,-13.5027743974,-5.0094163154,3.59355819666,13.4873055719,0.54290411304,-3.38770291333,-13.0803362759,-10.6789318599
A1304,10.5789625788,-9.35619979212,-7.76798717217,-3.94118813649,13.2866913068,2.68812854347,-5.63163431709,-2.98830679696,-2.80821099529
A1307,-9.07315083172,-12.168511197,6.04744938069,-8.76062613397,-6.90336170925,13.9453248301,0.852492660051,2.30672909546,-5.78646940357
A1309,-8.02767843563,-11.7859686148,6.19220113667,-9.11126195387,-7.09149228388,14.0298354277,0.957048836157,1.48488550013,-5.67354218287
A1310,-9.0899516066,-12.4405232421,5.79499279618,-8.99290129833,-7.32991598244,14.0232050601,1.5981902414,1.74758888854,-6.35917148527
A1311,1.33451326181,-9.5995794449,-6.9422072147,3.60325511527,13.6488869415,-0.305584949656,-0.222922992584,-10.9659833213,-10.6327720123
A1312,-9.40355403755,-12.2544569461,6.52884032438,-8.37730675593,-8.35344623244,12.0680322632,0.527240838925,1.26204518112,-4.55321191055
A1313,-12.3382860496,-4.49385604486,1.13891651254,-8.95246460593,-0.342631129229,1.29811917738,2.92448246158,-1.31130944131,-8.76264836249
A1314,-8.67694538181,-0.134818711827,-5.6382956468,10.6057550743,-6.38466477045,-3.85497228815,-11.36739583,5.23688929915,-14.896351357
A1316,4.4183189759,14.3556456865,11.5907808415,-8.41793751879,4.82860595482,-10.9670674239,2.15188742298,1.48279889619,-0.503655147416
A1317,-2.38134557222,-7.43129676689,-6.27781512902,1.86785297083,11.6384258878,-12.4957697591,0.00177008521659,7.32013516578,3.40277721844
A1318,-11.4517713637,-9.76059761921,-11.6038171306,8.9659620153,12.58201091,-11.0797337475,10.3894254811,1.8371818535,11.4421537958
A1319,-9.42913445118,-12.6958123623,-6.22683016668,10.5523556846,11.7380089806,-10.5186126932,8.51954763963,4.74547692481,7.76542225388
A1320,-15.3178308347,-6.39174128695,-15.3326033926,0.63829144259,7.37652864812,1.60911586938,9.18447089961,0.386217001924,1.99342799427
A1321,8.0822677395,5.04322174011,-7.84631844372,7.093343902,1.85923573761,2.63315593706,6.83751163397,-3.66573050642,8.40676274671
A1322,-3.62888996161,-0.0241765035881,-5.66695365686,18.0342896614,2.92010159912,0.568993605962,-9.41035697374,-7.72110912506,1.81996194962
A1323,-11.0089776004,11.4279546957,20.7991509183,7.34192721738,16.6736582408,-2.56084760339,-5.85842716656,3.40593104629,0.544110113351
A1324,6.77447721368,16.6216254714,0.800037178903,3.10067907731,-2.60595747151,-7.39759290864,5.13383261677,-3.73166123459,0.627108107461
A1325,1.59880819207,-2.50013519102,-12.1776194975,-10.9209663824,-8.30831975113,-8.48701346154,9.35156141202,-0.232108732257,-1.59723230228
A1326,-7.10688241946,2.08872841643,-15.177225687,-10.1190744514,-3.39854225303,6.34273820569,11.7573287777,-2.85699932412,-6.47377539386
A1328,1.91325591882,-5.28850052432,-8.89606898876,-12.1528585937,6.87851792864,-2.51161460869,0.774022081987,-9.88386301863,-11.3712414748
A1329,9.93693087716,-0.286961869058,-2.16751187115,-15.817386263,-3.73419398489,-2.47502607212,1.4093787682,1.46946315966,-15.1582739239
A1330,-1.76438906364,7.12360962512,0.279632450135,1.0647691917,-0.160746776215,-2.15317281745,2.67708866902,-3.74174127879,-7.76901735753
A1331,-0.780438586306,-10.1620983181,-5.54371888602,5.27900231118,5.00043981335,-0.744940621396,-4.76905992173,-6.70878937172,-4.11647178929
A1332,0.177257173125,-11.0763566099,-1.6970456754,12.4152175918,-3.04603183868,0.669031620533,-1.72978922066,-7.52020114441,-2.06851824214
A1333,1.70974515793,-0.767968392643,-0.598772566363,-1.92522521962,5.07795666369,11.3783911512,4.23249418759,3.25000444359,3.81549071028
A1335,7.09224194882,17.0478382868,-11.5542710706,-8.09676157724,0.746248645119,0.722625639724,8.91599428905,-2.50759143151,-0.137283704323
A1336,13.7947774697,-6.47564048201,0.00850269594908,3.86376412752,13.6481116505,18.2997125483,1.77261410553,3.26604456897,2.13044858689
A1337,7.22958288469,19.0529062409,0.437191899783,10.5673494318,-15.3915497198,6.06556233069,-1.67053447552,12.3667815625,-7.78703694266
A1338,5.91552676631,22.1349516064,0.262967703679,7.06710913635,-11.5026080641,4.58402872606,0.719600932554,10.182702327,-8.29816079275
A1339,7.47358844814,18.0265119479,2.45824855525,11.8380717246,-11.6383973207,3.42138813066,-0.572699957137,14.2189431067,-9.20594110981
A1340,-4.48889854665,-9.7952016167,6.27615678816,-5.67328980503,6.77464747618,7.966577205,2.71274541977,-0.42942825254,-3.99137496049
A1341,-6.2946105729,6.90668570427,-6.19324853328,3.11030279483,-0.556624217447,12.2656651915,1.81724944681,5.61695025587,-2.12962437645
A1342,-13.9373920821,-2.54718884172,12.1782124529,-0.73572006633,2.40681800114,10.8246807259,3.28078866703,0.26795856469,-1.31267628488
A1343,-15.0774910942,-6.53569346755,3.59733620201,-1.32085012147,-0.788159419809,8.76768491044,0.974388887405,4.17424505496,-3.71244486651
B1005,3.71921887693,19.4310234908,-6.7341258242,-4.32266923515,-3.37238451654,1.02416020459,4.78944206291,-1.16237554518,3.0230139677
B1007,2.94250863288,4.62014339649,-1.44968628488,14.0426959392,-13.8541863722,3.67519490789,0.582654031848,-2.24085829532,0.581149835381
B1008,1.32745935344,12.5138954864,10.3780108285,9.58605227119,3.5377774359,-11.2209328939,-3.71571030536,-7.34472733652,10.739171216
B1009,-1.30480779829,12.663262178,15.5709833106,2.87641167222,1.53113848547,-8.90164681214,5.40666378185,-1.55140224408,1.82034349738
B1010,-22.0389400161,-7.55530733954,-17.2050073939,-4.69406544225,-2.22325955085,-4.57766872583,8.21445707013,2.96192536964,5.16237023597
B1011,-13.9933373927,-6.89279927296,-10.5131296763,4.39287110016,-2.60463277814,-2.94136405538,-4.92353219954,3.0582518618,-10.6281266121
B1012,7.79054765613,24.2733958949,-2.02267133023,-10.9710327948,-5.17103837856,3.03438613667,7.67493024507,-3.32539823651,-0.634688481296
B1014,-12.2482763084,-3.85654253893,-10.8542357547,-10.7517639102,-7.00825503378,0.227806336841,6.75680646171,-0.696216254046,-1.75173125617
B1016,15.5175618243,0.0446995507269,-8.61414901577,-6.06434196988,13.7727652077,14.879939883,-0.987494379373,11.3077275017,5.38238390947
B1017,6.62341453064,17.5070101068,-0.762624971015,4.98411694672,-11.1429594833,1.58041917994,2.5156960045,6.24011227951,-6.10603805428
B1018,-17.5700508705,-7.42491346325,13.3927207651,-9.69730663462,-3.88146582617,4.28530414062,-3.24739623844,-3.18218464609,-2.42516271105
B1019,-14.4024762944,-6.49348073561,-11.0673211406,5.85046996194,7.68733667948,-9.4161889653,2.60860210213,-4.53031114856,5.90481475321
B1022,-6.45167701008,9.3551665229,15.6815957051,-3.72273678078,2.211456793,-12.5150195061,0.351561791948,0.611247981029,0.07661143787
B1024,-0.808205647632,0.14645092113,7.59908075118,1.35049216882,-8.94392661959,-12.4534167402,-2.54902070385,-15.135179872,12.5253580477
B1025,9.47806951489,7.60962634503,-4.76963567744,-9.44087863215,-1.11810202356,-9.82663466723,-0.485289318073,-3.09523793564,-2.18734781226
B1026,-0.227565397026,-2.39308178324,9.04968297959,0.437360608075,-14.0172136886,-7.62307047727,-1.30102318025,-13.9769676447,14.907845675
B1027,-2.03343313548,-0.693647700655,10.4104630849,-1.24217917841,-7.79285027664,-11.6000253549,-3.28676454427,-16.8205070227,15.0750329314
B1028,10.0092648795,8.5272290733,-3.56762220245,8.11810987657,0.877191890645,10.3313876388,7.25566707418,-0.130213621085,2.11782441078
B1029,5.19708329987,6.95813714748,6.86903101647,14.8427375872,11.9628624873,3.33878081481,4.9096247482,-0.946712099328,-2.80929767102
B1030,-0.292525358343,1.972809647,3.46781110356,1.11199081699,13.3438033002,4.34694771535,3.58746661474,1.85994493039,-6.85695561574
B1031,1.41442766203e-17,1.46441882435e-17,7.46046944699e-17,6.54133425136e-18,-3.89316632579e-17,-5.0011964786e-17,6.99622171808e-18,1.50916844313e-17,-5.69215779412e-17
B1032,-11.8784209654,2.88397047734,-2.36863501744,11.6080306384,6.63035546464,-5.29818103183,1.96273776144,-2.95107847143,6.84005957149
B1033,-7.42353321425,-8.98972331781,5.05865933537,7.77787642447,5.40742652245,-4.68792612427,-3.00700382963,-10.9708582002,-3.72415189725
B1034,7.20891840175,14.9051602832,-5.43777736154,-2.14144901786,-9.40713099979,2.43798322813,-8.29004596646,-5.32565304508,7.13137743772
B1035,5.22515800684,8.3308383665,-4.94258614641,-0.333643334564,11.1590467478,3.40860736008,7.76478753548,-9.78414145112,-3.32044122928
B1036,15.7730117029,12.0538286315,-11.6076949076,-3.19500906652,5.99569526754,4.29952406158,1.43929161429,-2.97845510443,4.67998953973
B1037,13.5259172829,6.85061879485,-3.44398249085,-5.65302728447,9.62249962662,6.4573989308,4.61097967067,-7.76624843027,1.15459698085
B1038,9.22153246445,2.49459837154,-11.0176146722,-0.278720190059,10.944412928,6.92206876671,-1.469211755,-6.87704483346,1.9633549698
B1039,6.81409812182,-12.1498237736,9.33072573181,-19.8553584338,-6.63727349017,7.50906517636,-0.220872804739,-3.00687959743,12.2907346189
B1040,6.90473852198,-11.8439181371,9.21954014449,-20.041369042,-6.40077841972,7.3767891718,-0.709606106099,-3.0606496299,12.5577522456
B1041,-9.26079016198,10.7906881026,18.5117981716,-0.734775495654,3.90114484152,-10.2834200922,6.65906826099,4.41376207787,-4.18105995794
B1042,-16.3451632034,-11.3818380558,-10.1163832858,5.19709975872,-9.48403389191,1.0341539527,1.76881942118,8.91636605584,-5.33150828811
B1043,-5.45338248929,-11.8726768928,0.860458641934,11.7387092397,-11.0682672596,4.22359752637,-7.97206854133,0.253236124527,-8.9667122399
B1044,1.06615423698,1.0201367486,-8.05002267254,8.63493457953,-14.321989378,0.429482610109,-5.0255642011,3.37571820723,3.48256450875
B1045,-23.2874167671,1.39883177328,4.28660485662,1.27334447941,8.68347923116,-6.31579545597,3.64231303394,0.705235048216,7.72550136123
B1047,8.31099689907,19.893968954,-0.313956151319,-3.59716258314,1.61704004697,-1.69137132236,4.2778430645,-2.42779437985,0.932441534235
B1051,-0.666713068584,3.69234687315,-7.79401474007,2.40964776398,0.472752432184,2.83537417,-7.0958796735,-6.36036483363,-0.990623064509
B1053,6.31811624263,10.534735682,-4.628012231,-3.43562542839,-11.7994341016,-2.99715962751,-13.87645877,-8.30861368419,9.51639565967
B1054,-1.30422101588,0.927368852357,-1.71304320697,0.394822544659,0.331474840312,-0.17804388385,-1.28046566411,-0.889073438133,-0.662218759993
B1055,-21.4268735868,-8.55981002034,-14.8343237897,-3.57029555022,1.83403444651,-7.5771969134,5.79945631633,10.2413860844,-0.920358188648
B1056,1.41442766203e-17,1.46441882435e-17,7.46046944699e-17,6.54133425136e-18,-3.89316632579e-17,-5.0011964786e-17,6.99622171808e-18,1.50916844313e-17,-5.69215779412e-17
B1057,-0.336406031051,4.53175262081,2.15096780508,11.4143451328,7.2179751593,8.51055926559,-3.39692575973,4.08070490104,-1.93504763283
B1058,2.89020491084,4.2226699145,-0.200451135952,10.8819319907,-7.955972341,9.03360156704,-9.84930689276,1.75993864747,-5.59211404806
B1059,-3.92429208748,1.53367671099,-5.77015414428,-3.63417627182,0.595102073483,-2.04090558639,-2.18887628977,-0.68059166477,-1.11025868228
B1060,-10.0722407433,-4.62330705502,-11.0335004675,-3.43863525349,-15.4988253219,-3.84735948852,-0.888711443369,12.4485899393,3.0994203714
B1061,-3.06108288865,-2.78087795582,-4.23362157058,9.93106850522,-13.282842589,-2.25383506631,-8.75216271912,10.9018547087,8.55303969789
B1062,-7.07962940155,-0.206474572276,18.8104414358,-9.9949051516,-9.89758529903,-5.89057860813,-0.985388879776,-0.834100576568,-0.616926972259
B1064,-17.2495227766,-8.83125216514,8.26813837897,-4.71854787928,2.62270755758,1.24959234241,-2.49235583228,-0.636870505542,-6.43005605837
B1065,-15.3207599497,-7.52083664768,8.57460041438,-7.84536551972,-5.0224138231,9.10674913096,-1.41290326366,-1.34897784746,-5.83932456707
B1066,-12.7816609122,7.42741722492,14.3800577961,12.9113787488,11.9945934644,1.90641853117,-1.67160344702,0.779701733223,12.2197171751
B1067,-10.8100271373,5.99309441919,14.9778081032,11.4645858949,4.16299883737,10.3480000303,-0.789595769661,1.3616112384,13.2848547812
B1068,-18.937866192,9.53362766137,18.6187921072,-0.579505894898,11.6941730211,-1.45937559115,-1.75667917271,7.16720749389,-0.159691956542
B1069,-2.71738964805,2.78853911567,14.8681959237,-7.39036145784,4.00394752994,-7.74063676885,-5.0998988716,6.9710816346,2.72680991269
B1070,-11.5827493868,7.57341108005,15.5182493557,3.72878997944,3.62842484565,10.4796896929,-4.03893841868,2.5661630092,7.65304266552
B1071,-18.3809392334,6.54115490647,20.8670926462,2.5462465426,11.536302634,-0.902274876354,0.674593534355,-0.733002557316,3.26831344332
B1072,-17.2365461769,-7.66070112953,19.0639709256,-12.6497477597,-2.8196788594,5.72141157303,-4.12183334237,0.499806280448,0.656630047878
B1073,-16.8256041586,1.17641276775,22.0550428586,-13.6204710016,1.70334096604,12.4666656195,2.52804459328,2.02598116817,1.11334062696
B1074,-15.8540445539,1.71393941945,22.4545950075,-12.4955824338,1.88446271173,10.0969751808,0.112711293929,2.02747907385,0.985920407094
B1075,-24.4174618863,-4.48249172095,-2.87263754689,-7.45565045065,7.98746395346,-8.42400011505,3.44287988222,1.37430803351,3.98280211025
B1076,-2.41359679098,-2.28369525273,12.3693650723,-9.88075320037,8.28620629601,-2.91868527703,-7.55631417251,-0.167293380392,-5.25536099465
B1078,5.44117017738,-5.53520428433,-0.197038049394,-2.72483633013,16.5178322805,5.09448930157,0.805710660768,-5.10499528333,-1.52775962105
B1080,-7.57828080516,-1.88421389523,-6.65467617051,-5.47647770086,-3.90773251031,5.6375775801,-10.2492571457,4.90456309732,-4.1506186176
B1082,-6.66849276982,0.66487581186,-5.16312208063,1.00391442718,0.47351189543,-3.89526567727,-6.14545331148,-16.3030199679,-10.8745261839
B1083,-12.5145760479,-4.23978293017,-12.6936545402,-0.407372809625,1.86240197685,-5.52983773459,2.37568720535,-4.14263519787,1.27714280601
B1084,-4.56553385868,0.732814215807,-1.35118057033,3.73648954443,2.28036908477,-10.2954417181,12.5547833671,3.29694368498,9.06328935144
B1085,2.02934233304,-13.9335142452,-7.52312669146,-3.23285329013,2.77605376032,8.6619127135,-1.84271910499,-8.56955437465,-6.63943962758
B1086,-1.6140158838,-0.658462483753,10.3186046137,-13.8060751644,0.0922570108999,-13.9522113841,-16.7644605791,12.8973617873,1.26000613048
B1088,-12.7884715126,6.2407158111,16.5426999085,0.406434915299,3.43563325716,7.11330230719,6.42893189528,0.278266288864,1.78735644814
B1091,-19.8567205787,-1.85509767677,1.39625911089,-1.64562118526,0.938403449422,9.44984410502,9.06217019448,3.04932619744,4.94147569242
B1093,5.13288462475,21.216264068,-7.17602540055,-7.99398745346,-2.11155140965,-0.652306813063,4.02276781785,3.2273707803,-0.416096336705
B1094,-1.90007144255,8.04540589086,-5.05114684166,-1.22214754939,-0.528437898247,0.240568250672,-9.03471925467,-8.59503435015,1.75391689289
B1102,-10.8148539282,4.39799306876,-9.24523363724,3.03389028467,-2.25371562211,-18.0746906729,0.0468002975962,10.0862830737,2.94574352289
B1103,-3.36088958327,-4.3386704874,0.319435190078,4.78292902114,-5.50804448128,6.57542815813,0.730746847851,-6.73297075266,-2.36810219475
B1104,-6.36809832843,-6.53555207908,-9.40780784012,6.62026747917,-5.76882781077,4.30949927833,-4.47577270933,7.46986505584,-1.99507782588
B1105,-5.01232977176,-7.19854859244,-7.9526106261,14.5184880155,-5.88816898516,3.69390435854,-7.08859685747,6.09415810279,0.296531106823
B1106,-12.3079411878,3.45773275094,-8.11723549647,-7.16412728213,-2.73901386566,-15.4708664091,1.71855149963,5.04319576132,-0.944723340289
B1107,3.44045083921,-9.01674795134,6.45878042533,11.1059747444,-15.0956871781,-4.40853765133,-4.91828472016,5.82194485513,-7.08440334364
B1108,2.63076856502,-0.0642275099003,4.34413412407,6.43306117752,-0.0389388530788,2.69871568326,0.166479380588,-1.23562276995,-0.00852841050552
B1110,7.03154405672,14.4324439612,-0.694980766913,13.7053922762,-15.2672903667,5.15983320435,-3.39860107011,-0.11666696479,1.82217043466
B1111,7.51626658698,14.9833605652,-1.28821679831,15.4682884405,-9.23018134179,0.0123867432327,-3.70679900661,-2.48789201587,4.44185640625
B1112,-7.82302825632,-2.32635754875,3.1986534444,-3.25744858826,0.566086712231,-8.83647797341,-10.7205416079,0.548447437374,-4.92076009419
B1113,-17.5550712139,11.755254609,24.9375363906,-8.46119092879,12.2515133415,-6.71114782388,-4.47379101485,3.98738622703,-8.96592057874
B1114,-10.1082330004,15.3420602343,23.9337765953,-9.49046880853,5.92378543856,-14.4204363743,-5.6457959021,6.94147319192,-5.22894565937
B1116,-11.3011191061,14.0761643367,24.2994515601,-3.04263747569,8.01018850289,-11.2463624218,-1.89504787857,0.779500468937,-8.07965261652
B1117,7.56297013788,-7.73766014818,1.1541517097,5.1334711458,10.4522058126,-1.06684096813,-7.55977382901,-3.74563608358,-6.84643570999
B1118,-0.929660151942,21.3936623707,-0.124193884599,-10.288833752,0.442597354031,-4.39062090904,-1.3243708672,-2.14790371206,2.36683849676
B1119,-13.1159067181,3.85245219772,-0.433024719422,-7.12654533301,-4.88031031465,2.07723018946,-4.23758656155,-7.83884958448,-6.8173587139
B1120,-14.8886130378,7.82117064259,17.7508803679,-3.04592985026,4.48249286056,9.25413194511,-0.718559905689,4.10093938396,2.10242300267
B1121,-7.38924161091,14.6853447746,17.7482306067,8.01455804739,10.4289642508,-2.75863283064,-0.428046058894,0.843990885649,-4.60200811251
B1122,-6.04616530808,-15.0258383788,-15.7899523542,-7.00869198613,10.7125984877,0.0645785819796,5.12556805184,-0.461723420632,0.336120254666
B1124,-10.0982823065,15.5104771949,23.9178619582,-9.73899269312,5.87781290409,-14.2042093666,-5.64534493507,6.58848882872,-5.39840844077
B1125,-5.87297143939,5.21952016315,15.5714624818,-2.08739541604,8.93504321051,-0.602402537097,-3.32700549515,-0.178530168399,-4.9313953067
B1126,4.06009656155,-4.50502060118,-5.42636008098,1.15057982756,16.5730881764,2.3472296173,-6.772368935,10.8107846028,3.32641714676
B1128,-1.07856459107,14.072836916,14.7017131681,-0.760392797319,3.49695517949,0.431631072899,-2.19642747768,2.47593689816,-3.39369697224
B1129,-15.5480941189,-4.27666907821,-2.4768976277,-4.30536425804,1.32538466328,-0.627143851747,-1.87968328636,-10.8909528618,-1.16159010513
B1130,6.9049489927,6.4903054618,-7.43878999359,4.31724654623,-10.6852447298,-3.0780483779,3.94293816681,-8.32035352163,-0.284038309502
B1131,14.5927242899,0.951534323454,6.94750283777,6.20908014058,10.269833959,-3.43896147738,2.79664798938,-11.1973649559,7.39153423144
B1133,14.0152098823,-6.55125510427,8.11353636052,-2.37207335594,-2.06361745067,-1.99151289711,5.21316987379,-13.4979904606,0.433400081552
B1135,15.9032363994,-11.4969339263,5.08995255349,5.55966482512,10.0065681186,1.31428400549,-2.92593315832,-12.1236709726,2.91781790077
B1136,12.6195430137,-5.16952955717,3.31777230283,-1.67157597587,12.6045593199,12.4826668141,-0.243282922942,-11.4636225432,5.8951283252
B1137,7.42205564305,-8.09243401585,1.43087893441,5.11060542085,10.3394402445,-0.97094582727,-7.7793976618,-3.67213602471,-6.71925421057
B1138,14.3383053444,-6.79080805513,4.70494820794,3.37546512599,13.0163450473,13.9721570148,-1.47700689592,-4.58775037656,-1.11837271327
B1139,8.4860625786,15.5643703956,-1.76556482018,-12.8353959446,-6.25303245788,7.67178632534,9.81312014744,-0.133537098132,-2.03295696639
B1140,8.23167021658,10.4025733895,-9.59576210159,-12.8049135182,-6.39587441509,-2.78947922172,4.88988967277,-6.1055342285,-0.633938928046
B1141,2.81504518329,11.1136628317,-2.28372460271,-9.71142184335,-2.47585284254,15.3952610066,9.10341500066,-3.27848462655,-1.80678559117
B1142,5.82717041958,19.2433455497,-2.48731995375,-8.55654533802,-7.68942773445,3.82755666881,9.75537462808,-0.51738891523,5.24429081029
B1143,5.4807762973,16.0473374129,1.66165503491,-12.8443671424,-9.61919064752,5.37036459442,9.80150265902,1.33694915186,4.00869627132
B1144,8.24552597549,17.4941938735,1.05080479621,-12.193590063,-8.70466919375,4.53547773977,9.17468057777,2.3773195535,2.61284054349
B1145,16.247446504,-14.3057343062,-5.03033089244,-11.1214795799,6.36546192681,9.10856940166,-14.5952754515,9.15035229194,3.22539470058
B1146,9.80784577886,-15.9467928912,-1.72290884096,-12.1539695001,4.08487078694,10.7811849931,-9.45095779673,7.15282694888,0.723319182318
B1147,-1.726157202,-8.90237129906,-1.82006969805,2.04031821181,-16.3365338268,4.47954704866,-1.26086631817,2.65127384244,-11.865496499
B1151,12.9370157763,2.89583319017,-2.26233595558,-10.1859573889,-7.32466094982,-4.40943156236,-10.5545472956,0.0900706196683,8.7501881182
B1152,-16.7308307868,-10.1809065998,-18.3235638629,-1.08089957278,3.43831549554,-4.95017372219,2.2086335563,11.0033109909,5.39797472234
B1153,-14.731494079,-16.617637194,0.724402642839,2.76674167661,-4.09236213265,0.863447619414,7.20082967064,3.48067955821,-0.859438809823
B1155,2.92797745926,-3.36952174812,5.45741163337,16.5153460365,-17.5730562941,-3.90420853523,-8.49487046644,3.61561774382,3.8519652265
B1157,-0.899233766791,0.645073079508,-15.3427574595,-7.14313550865,0.0955136056143,2.07702677249,-2.88009288198,-4.50513110757,-9.74856578773
B1158,-5.54772628371,6.23080901519,3.56552261933,8.80230245195,-1.34802530694,-5.60898354687,-11.5848337859,8.35284007152,-7.58387765984
B1159,2.96693748453,0.568983276788,0.404986570641,18.9213689473,-13.5285687931,2.80450595304,-10.9576000715,-5.15241340844,-9.26999083254
B1160,0.92752356322,-0.0730782637798,-4.28050060633,19.2889907068,-9.66512462794,3.71445325684,-4.44646145741,-4.92731910851,-1.62520415615
B1161,1.23933157043,-3.85623264661,5.01995700555,3.53854305829,-17.9113129453,-0.373550862769,-7.71872114245,-6.82504502468,-0.29069715308
B1162,0.164207200986,-13.2251619585,-9.24178399651,-8.35934557109,9.08676964556,-1.56695235433,-7.04028381628,5.46638645047,-6.02195346573
B1163,1.84707506562,3.38718082028,3.51681793607,11.0796611971,-1.50895579867,13.1889462803,-1.80097910805,-6.21184488567,8.74111304557
B1164,-1.14631510473,13.8169633647,-3.77554251171,-6.63175146869,-1.08873652868,-6.52223508227,-2.27322634001,-1.06261270978,-0.0112588375476
B1165,4.52968109021,-2.18484814654,3.70306746682,13.5848395103,1.65236343326,-7.36524053429,-7.43942297829,2.94124778764,2.27121913147
B1166,-6.66271417178,-2.78956288027,-8.60109167147,4.57865305245,2.99174128813,-1.7292894844,-7.08739229275,-15.384886103,-12.98878093
B1167,-9.49102143889,-3.29257766373,-3.18456938386,-1.26302502851,4.20050052866,-1.53467232153,-5.44868540946,-5.13419244252,-7.49458084211
B1168,7.82084060704,-2.97228478746,4.88560505912,-4.61056220968,-1.86237755499,-11.232317859,-3.1650990856,-15.9753500362,-6.34233070691
B1169,2.98947970213,-10.4781171565,1.87850958121,-1.558912242,-2.17819647156,0.850225620329,0.584777188871,-13.6776945045,-4.82430627974
B1170,9.13841832467,-13.547375714,-1.83537879873,-1.752304272,8.72878157796,-2.10949569881,-3.15484508944,-6.23377108566,-2.99824473391
B1171,-22.6762911626,-10.9674334307,-4.57647454754,-3.12776464401,1.06368439638,-4.00315517543,5.88875803573,-6.27595562899,4.56303748394
B1172,6.6975683033,3.61178510904,-6.14850047744,15.7935950393,-13.1317259208,0.682216458497,-10.7476659505,7.9978999408,-7.43373423537
B1173,4.75770078054,-9.84644393602,1.0731750142,11.1422212455,8.92608757248,-7.64207340551,-2.80759832763,0.0206927134649,-0.235886740607
B1174,6.63652785945,-2.99778985812,1.00663123271,-2.14934706227,9.09348001402,0.472693403923,-4.10993764137,4.59091259491,-7.58346640502
B1175,4.95791604966,1.06915898171,-0.729137301264,-2.75057476302,12.1769669575,0.573456077816,-1.73736123374,-3.70298925861,-7.33728279757
B1176,12.7572117392,-4.59493701765,1.25473638413,3.19002018546,11.3117586871,5.08985676767,2.28993483373,-3.95297523783,-6.54964835522
B1177,3.82146800817,-5.5449497372,-0.296961552102,7.71979424249,14.5526946248,2.06252304707,-5.87494783094,-2.96954322988,-1.06961661481
B1179,19.0899739195,5.57444091696,5.9295928365,3.60315533531,14.9466603389,-0.372204162044,2.60643934957,-1.77137608535,2.93878160514
B1180,6.50244909858,16.548086182,-9.72231178862,9.08887890833,-4.3703032408,1.48121449368,-1.25852386975,0.97493706539,-1.20746059601
B1181,6.65586536961,14.8240665215,-2.79474816546,15.6514361644,-6.3393956756,-4.60923860257,-0.508517278592,3.72309194458,-5.20916526682
B1183,17.9175120428,-6.97513352008,-6.48351317551,-11.3879140202,0.534385407496,1.77272158736,-11.2917941588,6.03856472715,4.62451395096
B1184,18.0826893685,-6.96248618977,-6.58014632557,-11.4550967614,0.700477333788,2.09533281583,-11.5471246893,5.84746269251,4.65424179065
B1185,16.1310029545,-2.80121221936,-3.19164711623,-9.07517765322,0.288374249137,6.4223571988,-16.6315644457,3.17999200597,3.21165683215
B1186,10.8702537553,5.71487623068,-10.8894587593,-2.49002400555,11.6661088081,7.63746469392,-4.29475810908,-8.67310743731,0.745644940375
B1187,13.8588998373,-4.40189336706,-8.9803319748,-11.2847077241,-1.30653964937,2.26143625471,-9.8384741924,-1.57343197344,10.2371063425
B1188,1.59556860997,-5.26238400527,-6.14824777829,-6.29995754819,11.7203827155,2.28859014319,-1.82346367356,-6.29381465703,-2.70505629183
B1189,8.5368352167,-13.4729058981,-0.846879285447,-14.1899846538,-1.29853013569,3.45897887031,-3.54792950979,4.27864712508,5.39405853213
B1190,23.6535834967,-12.4304694462,-3.70731243565,-12.5488052997,1.34618811958,3.22878979661,-12.5149530692,10.6598591752,8.28101160319
B1191,-3.40367875071,-12.5930919742,4.08330706418,-10.5901515376,-3.32991001114,6.72943566715,-10.3933030538,8.76892637805,-2.07432103979
B1192,10.8933767734,-14.5154860251,-1.23355414045,-10.1886915105,2.9073438922,8.70284043765,-7.56058615682,6.43413822154,4.45189234848
B1193,1.75159718673,-8.21518437883,9.39619674905,-14.7936522424,-10.4337474702,8.85247281072,-5.26670981974,-0.805891731321,6.18282687336
B1194,19.1731004197,1.52470904561,-2.6831302503,1.02554883445,15.3133638349,3.61606297667,-1.03360382812,-3.40808705838,2.61795181822
B1195,15.4305940416,6.4333398421,-8.10666002589,-6.30571807361,3.58598201714,4.2714709885,5.10254015852,0.806199183416,3.80220487602
B1196,-4.25818717494,-5.206342246,-2.88810409534,6.85559899264,-13.315232273,3.99782800147,-10.5295741303,-8.91737761381,3.85178761196
B1197,0.631937429454,-5.14172661846,-0.334778055176,14.3218843633,-17.0387817387,-3.46881611417,-6.74219321658,-9.95084892841,7.90147174984
B1201,14.0957636786,-13.7277317011,-3.8611749989,6.25025922504,10.4127119146,4.11414965943,-0.999453300221,-6.11131974436,0.516265061613
B1202,13.659808501,-1.1340165605,-1.22899766475,22.7240187464,-8.7008503447,3.93731809201,-4.84490193095,5.53199476088,-4.26688893781
B1203,11.0230360686,0.831843933121,-4.19923665926,21.4791600518,9.98491881789,4.51525121401,2.7684199442,-3.97237553992,-4.05707408418
B1204,8.48155326438,13.0995645052,-0.414239110462,3.23056062872,-8.35970558886,9.8565426507,1.43149420723,4.05230531039,2.77464140011
B1205,18.6351786728,3.80319398641,-13.6107171057,-10.649828015,5.1195788411,-7.5159728036,-3.54937948105,9.68084518327,-2.41422543267
B1206,16.5435817903,-8.21676489529,-3.27035461038,-7.92733448077,2.61036879212,-2.59208529007,-11.1458037227,7.32009665541,3.41096509289
B1207,-2.55460995624,0.916177503434,-16.1480632367,-0.615425581133,-0.419958628273,3.46171478455,-9.10301442448,-3.38704333141,-3.93708351206
B1208,7.37365654953,-1.49107912032,2.4079821234,-3.89936434787,-3.66043493654,0.9888521958,-5.81088701217,8.43396941885,8.4730637192
B1209,3.59956146687,5.41770465327,-5.05599765281,-6.01208136656,-6.9952538922,-4.16202701829,-2.50319636391,1.68158783134,2.89742120805
B1210,6.95402730701,2.68621978691,0.795227530832,17.948188975,-17.9980545655,1.11075337523,-12.787304401,-7.23219478677,-0.0845113537698
B1211,-0.374622430077,-9.8907467922,-4.97979923012,-5.79298700844,8.63974435707,-1.6621011847,-4.40549958779,-5.90096653969,-9.63649599646
B1216,-3.0640693789,-5.62798377633,-0.817265376226,-6.70626262044,-3.2472252288,-10.4219296141,-8.98170567978,-1.10985714103,2.63031996045
B1217,17.536209236,-7.75313692529,-1.7288520091,-14.7911365889,0.856259562965,-5.00637160093,-14.2386512092,6.93705123698,12.1390472524
B1218,-8.00150998605,1.09374703156,2.5646488164,-3.04379901397,-1.50807900343,16.6908588618,5.04285864703,-4.21923354751,-0.826787348109
B1219,-8.59026088786,-3.72103169176,7.61958425247,-2.57468166765,-5.13445643423,17.4890791805,6.71424075678,-0.0925405046285,-0.125555384375
B1220,-1.39355121058,-6.23226174534,8.30014783534,-8.10334801718,4.13884469647,7.79378346983,-2.56963187615,-1.49983304446,-8.86310369827
B1222,-16.914853852,14.444959879,12.5862619769,-6.12476637912,9.04567222721,-1.47388416499,1.50337826412,9.03851788649,-6.58789944079
B1223,6.53417015622,1.55044402355,-5.08208464667,11.7651651803,-3.16308430648,-6.84673338846,-5.9886856411,5.36884016792,-6.54001950568
B1224,19.7817129081,6.30895144373,-6.2190911312,-1.69402553358,5.45795582732,4.36760288484,2.22226628015,8.41292144171,4.76838088104
B1225,-8.10774985485,3.21080658723,10.3631557402,-2.93512640416,-1.23326478514,-13.1776920622,-6.50573939324,-3.46807642202,3.98181284642
B1227,-7.80071253823,-6.52903666492,-0.192598205052,-0.986008726209,8.00468915979,2.96482974576,-6.84976365765,9.41419419555,-4.0693495996
B1228,-1.63527244016,-1.77875306545,11.9250803409,-12.9639356468,-0.512762813988,-13.8107634096,-16.4936356866,12.6004722697,1.06342680679
B1229,3.92067810674,9.09494854261,5.35276764382,-3.80572080619,6.372842052,-9.08313069652,-12.026750172,12.780613092,3.69034476545
B1230,3.77937357923,4.12922433601,5.24017266456,-5.99325290396,6.04976980134,-7.17604015255,-12.7454399691,9.19717279934,2.57672270418
B1231,4.41524557437,0.40408233115,4.7543719899,-8.27175349408,2.50740513095,-12.9338049981,-16.2010365687,8.36650872644,10.0127353037
B1232,-3.98959877635,10.4012135178,-13.4421000642,10.8137202743,-2.44010630898,-2.09102708552,3.00109282335,3.53466409022,11.124616572
B1233,0.595942461459,3.34579656565,7.7363621394,21.33601,-1.63041008853,8.38921605542,-10.9756205152,3.1595327132,-7.23832120727
B1234,-11.4290715982,6.87839527243,7.34338513021,2.06473419716,7.18332723567,-3.44413580762,-7.17407726117,-1.80915744299,-2.77900454204
B1235,20.001364492,6.73449693867,-6.37675233924,-2.24040656143,5.60798246342,4.71325886128,2.02347948044,8.61432296626,4.29577679079
B1236,-12.3550050056,-2.34846148987,5.97957357168,7.66195966885,6.28417492616,-3.35097209921,-2.91704124345,-8.04965550104,-10.016554845
B1237,-14.9677173558,-12.2822991156,-0.02143981957,-0.601453759736,-1.09593934943,-3.18200718613,5.06606014461,-9.89226644651,9.58153335165
B1238,-0.0252360550286,-2.57151024261,5.45274222886,15.7771726479,-2.8687017343,8.89583953083,-0.717732641342,6.06073714019,-5.55208817258
B1239,-8.11797418388,-0.28277738923,-16.9481524812,-1.15572310106,-7.93462228084,-0.918887462935,-2.37058223619,5.82512812426,-1.43599924076
B1240,-16.4039763489,-9.12679603148,-12.73706371,-1.78860082118,-7.2501095064,0.179184501909,3.94070079769,0.378077345283,6.36908068042
B1241,-5.39002532069,-9.94098177544,0.538771059291,-3.06549440204,-14.3742076911,-7.54838563793,3.29816732301,-1.26719697283,15.5280814382
B1242,-3.74133485247,-9.55400831819,1.65258923166,-3.1830113642,-14.9641725582,-7.254193118,1.79771955014,-1.21325304988,14.7687668841
B1243,-4.90807030265,-2.57732371625,4.36853798387,-8.55152041452,-8.66472125699,-3.28579133153,-4.13344500498,-11.2669604842,4.07482087188
B1244,-5.28192458889,-6.08286938211,-3.7810084352,4.57253351655,-0.256857691847,4.27650224805,-8.36192554617,-9.87672794951,0.834881751657
B1245,-0.536815833666,-3.53696572551,-4.90394328743,19.8307668089,-6.90990117236,3.7231487184,-9.13173725823,-8.98275089788,-10.9349261523
B1246,1.89902098365,-1.86265534135,-0.388063467517,15.3666943821,-12.0660132661,-0.841278068502,-3.21639052368,4.12959203973,-6.78300996489
B1247,0.253192545717,11.3516899949,2.41592615986,1.67161205749,-3.79272550619,-2.31128766749,3.65947873113,5.49575763416,-3.78626095533
B1251,6.05821586842,-5.63050145677,-15.2333353448,-4.79763083258,9.41271459482,-2.23481965674,0.831894997188,-0.0539543103252,-1.23132433965
B1252,10.9540712413,18.6108241758,6.24364929335,9.38912159203,-4.60702040806,-0.541144547809,-6.90634554522,-9.67833709475,11.1443267491
BLANK,1.43519056487,0.275302358257,2.25530649585,4.4473378725,0.106384699129,1.93199079944,-0.326781091872,-1.11827258848,-0.233849902815
M1345,12.9831505155,-15.6282185993,6.3624659698,-0.103248077495,-9.08443868392,-1.55109912366,1.31622542121,2.67523694984,-0.640885190929
M1347,4.55438169891,-6.22872838152,9.27300767137,-3.50116211605,-14.1689681469,-0.253885513208,4.21757949628,-5.23120003539,2.1409488227
M1351,25.4084942019,-23.7917434524,12.9302083276,3.78423844298,-7.85529143447,-11.4757525125,18.3607773266,4.35577023999,-5.48948525146
M1352,25.2486257629,-23.510841189,12.7480648695,3.80736516137,-7.76054409642,-11.2542368793,18.4853209374,4.22742171759,-5.17756844903
M1353,25.576224744,-23.8102956868,12.9122521233,3.9481777102,-7.71279742088,-11.3677049915,18.4299482646,4.38932627513,-5.45936430769
M1354,25.5588057069,-23.5544950631,12.8488428469,3.69863445323,-7.76941209294,-11.133339624,18.3904754466,4.3739921577,-5.23474833727
M1356,25.6357636497,-23.6201938259,12.7069217039,3.87315266,-7.88212156216,-11.3160046675,18.1638011323,4.42916455708,-5.28638999883
M1357,25.4229957093,-23.7134713871,12.8660062479,3.86813340009,-7.89882032895,-11.3365109913,18.1853146729,4.29718892099,-5.15200835472
M1358,13.7339865554,3.14341142572,-3.22769374591,-3.34498356766,7.89350921196,-4.0878877813,-4.1645063672,8.03174221475,6.85686498932
M1359,22.4161423096,-9.12112574597,12.7478635487,5.7627731635,2.00378423866,-5.29915517452,16.1262303812,6.11101054267,2.1185088228
M1360,17.6017783979,-18.5483590255,9.4790534999,6.19640570626,-5.10867949531,-6.71742560407,8.66282063828,0.819713158329,-2.70290188993
M1361,25.2433322383,-23.8322245348,13.0075314015,3.76795592812,-7.89283065618,-11.0302417289,18.1867730823,4.37663340764,-5.60929169308
M1362,-4.7906252523,-1.2367670742,11.890971916,2.11322709041,-1.22393201909,6.17757105313,4.79544871754,-2.08469506056,-2.00119984322
M1363,-4.25858145354,-10.4989343809,7.5792836547,-5.9643304886,-10.0392758162,6.61091160808,-4.74471338915,-3.0441766461,0.729367685557
M1364,3.74252528911,6.13787437418,-3.78572812219,0.153642305337,-11.513698887,-8.07152435031,1.84993185121,-4.98613794184,-4.62496822845
M1365,10.2564511493,6.05936284138,0.192828030276,-0.932372048039,-3.79252925132,6.76043834333,12.5102776066,-2.26134524821,-0.26229463222
M1366,-6.26994784028,-1.89847382806,-1.23274761861,8.56178746558,12.1199856453,-5.12080705209,5.22375272736,-6.07601606998,8.65252113154
M1367,-14.5588822678,4.331362097,-10.8281592785,5.88614976322,6.56219395731,2.32423329273,11.6770618505,2.32906017545,7.20065926372
M1368,-4.41576421188,-2.1619159225,1.15723914535,5.65078669202,-9.76729905056,-11.1833294479,0.314051812586,-7.70845218043,9.86313865171
M1370,-3.67712163903,-7.49113228277,8.98821652906,4.09700839606,-17.9185843717,-2.28970301224,-7.95272345467,-13.9443943919,11.4581326897
M1371,3.84656748898,12.1674819753,3.19979364926,8.63714882306,-4.98944123436,2.52923811435,11.201991372,-0.314835008072,-3.05344314115
M1378,3.63917008566,3.60750749239,-4.96138724921,-1.48015448301,5.4866494672,15.0607853569,-2.4613610523,5.98726140708,4.13006945912
M1379,1.57212982683,24.1729201971,4.09326627286,-5.13850799241,1.46126342665,-7.78493747978,4.81601367125,4.0251126445,-5.30598758778
M1380,-18.2613975901,-7.42785811693,-9.0091963757,-2.96085903629,2.0052832642,-2.90878690934,3.82860941626,-1.26141128067,-0.577565880672
M1383,6.87940935746,20.5081416218,-7.85764251668,-5.5366750455,-5.20250681274,-1.27154016577,6.77569820549,4.99042309252,0.134362846547
M1385,9.31900066051,14.3065885322,-1.11187767506,-5.72531396292,0.806673157238,3.31875109449,-1.43050774447,3.33125054197,7.70370111265
M1396,9.15895954458,1.20279897744,-1.93775214447,13.8496867378,1.28227879826,0.363209954444,-4.90961819386,4.15214988073,-5.18465483129
M1404,2.75912341477,8.18132235007,4.54854772208,16.1339933914,1.96126534493,10.3287840249,1.80110273062,-4.68216235415,1.97841323698
M1405,-7.13457871089,2.13687890921,5.18991524895,-2.49586317382,-9.05162822946,7.40780813074,2.00243125243,5.10379881028,-2.01428662138
M1406,-15.3641085514,-11.60542429,15.4686906991,-14.6878172065,-7.60848735061,14.5153971351,0.683422244868,-4.31336607332,6.77711721084
M1407,-15.0354788567,-11.692952836,15.4443751372,-14.5808208099,-7.68259706665,14.5501126784,0.794884808353,-4.33169656304,6.7759976318
M1408,-15.3007043357,-11.7808013743,15.2763120866,-14.6826715739,-7.60355896062,14.3753815574,1.02641269497,-4.34106769912,6.8004388926
M1410,4.09433332439,-0.241519092584,-5.27924226696,-3.29034592934,8.71105730764,5.07232282155,-4.74002209301,6.89968357088,1.95201244188
M1412,13.1207004357,-14.1374522343,4.89688370626,5.13082571797,16.2984949866,-10.7809666305,0.942821304264,1.15535656453,2.580912042
M1413,-9.14576337868,-5.56410581982,0.37049155504,-0.168687639046,-6.62864192366,0.806195518142,1.1804434965,-10.2013977947,0.43504840394
M1414,-4.2425880766,3.29685752984,8.82119907065,3.38033435135,0.454527735071,7.1583403934,3.78472008602,0.878594845671,3.41060448475
M1417,-0.340885301797,3.12254465016,-7.49850172182,-0.0522712534009,4.28625023177,4.56637989668,-0.871537813032,17.1867040598,4.10310754639
M1419,-3.05003819315,-8.35470417994,5.16737083982,-7.42835720804,-1.7473539502,9.38005404373,5.34634158661,0.295511312942,-9.71026422381
M1420,3.95580686857,-7.60173738107,-0.502122373996,4.8524206657,-3.66780845089,-4.52227403694,-11.3310481818,6.75080513883,0.894475455219
M1425,-5.05215246049,11.4157011467,8.69627996141,1.57984747261,6.0254917727,-5.22406068371,-3.09840203907,-4.93080595576,-0.0782512484802
M1428,-21.9527555581,-11.3496830789,-6.5629703949,8.88234419035,1.06434355746,-8.71611744684,11.0395302405,-2.15078291518,3.87037850182
M1429,17.3314357149,-7.53270501924,12.6008643277,7.596744637,6.71559875926,7.05814298893,6.42493315306,6.52669105335,4.71309428874
M1430,17.8494390435,-7.73740788948,6.67283210155,7.75475698865,19.6163415715,1.83715090545,4.43677579311,3.81774996885,2.49416783658
M1431,20.5141780097,3.43612404994,-5.04023534643,-9.36413406178,-0.870400556583,3.48834719568,1.14088336406,-3.07722999038,1.95718471771
M1432,20.675106359,2.51255278454,-2.70867692047,-11.6769095231,1.75836084602,3.27877646817,-0.469200284313,-2.19255151851,9.18809183091
M1433,19.338805527,-13.6360311311,6.74947373769,6.70987986515,9.07151847666,4.04836442454,8.09890541866,3.68404322311,0.898295902794
M1438,-3.95719796836,7.79914983015,-6.16061951025,-4.50391327748,-3.59017434776,-12.3388593319,-1.30787446385,-1.26227341685,2.12622468276
M1463,0.914270557469,5.83188536765,-1.82420069087,22.8682295105,10.3757520088,2.96630849771,-2.60867055357,3.30622239797,-3.64743233304
M1464,-4.14257638444,3.61287035562,3.83727194587,2.10942882427,-3.55055628142,15.6818725049,9.23850968254,5.71209673198,-7.58461331642
M1465,-2.87356998224,13.9334326257,16.7207473666,7.81873060571,3.45540193289,-10.9778721896,4.18570193181,8.1541166046,-7.3312926293
M1466,12.9067896629,-12.5191671691,10.5081722074,4.12161123431,-12.1682064269,-9.38088113704,14.0136003028,1.75758387567,0.040968191077
M1467,2.26357719277,-13.0334891997,-0.947967807496,-6.66047103731,-13.5906759533,-8.01946543751,7.51909416701,13.2083422555,0.517240370144
M1469,-11.3502434067,-3.23405626125,-4.01041573124,12.2061243608,-2.56825269525,3.30963080337,3.49510064419,6.83606143888,7.17470556831
M1470,1.61757635885,-1.24933057155,-21.4291613578,-6.89212849372,0.0152414237012,-10.8010493748,1.99399197197,2.52795446975,5.01512552395
M1471,8.16939872423,-3.99408509521,1.49116662953,1.47125339865,0.288448058692,-8.30441162469,-9.19547269359,7.39856164097,-3.1457523098
M1472,13.1437356989,-14.437149121,4.97882866689,5.27137255204,16.5386195216,-10.8812485408,0.647034012625,1.07449451056,2.32273042456
M1473,-6.6673270395,2.48419628407,-3.19911791558,20.5710795346,10.1903739155,1.20473501668,2.81092241421,3.50718176438,5.07958451209
M1474,-13.9631630472,1.41531035106,-3.3159703432,19.1020637553,10.1106302736,1.11350982966,9.06535253491,3.84386528451,14.2904003971
M1475,-15.4783238732,-2.30711510026,-0.323065691305,14.3191219051,0.974017216904,9.20360987731,13.2085238814,5.87246604545,8.34380534762
M1476,-16.7565705598,5.45118131894,-10.8707011661,9.90571312279,10.9464272152,2.52789002539,6.64317171945,7.07214566495,12.2991631532
M1478,1.21993051479,2.01304980332,-5.46181375801,4.18892377617,-3.81661106891,7.69640678904,-0.871501161732,10.941911527,6.16632332267
M1479,-15.1134782383,-2.95731984469,-12.475544265,-5.31425926432,-2.62026430302,-0.995714209111,1.65979460259,7.51341160366,-2.22563625353
M1480,8.18391008384,20.2203175129,-8.83155513364,-0.188903924202,-8.77519782202,2.60427930359,6.59006036756,-0.088493188694,-0.768731040691
