YEAR,SEASON,GHID,REP,PLOTNO,FL,MAT,PLTHGT,TILLER,LDG,Plot_Yld,Kg_ha
2012,1,A1256,1,1025,77,107,86,24,0,3398,5861
2012,1,A1256,2,2040,77,107,99,14,0,3038,5205
2012,1,M1463,1,1035,78,108,74,18,0,3102,5422
2012,1,M1463,2,2026,78,108,84,15,0,2858,5013
2012,1,A1257,1,1003,87,117,109,24,0,2847,4806
2012,1,A1257,2,2035,84,114,113,13,0,2315,3970
2012,1,A1258,1,1039,80,110,101,10,0,3647,6269
2012,1,A1258,2,2069,80,110,112,17,0,3164,5390
2012,1,A1302,1,3087,90,120,106,14,0,2666,4531
2012,1,A1302,2,4020,90,120,110,15,0,2961,5056
2012,1,M1464,1,1022,78,108,98,22,0,2996,5185
2012,1,M1464,2,2057,78,108,104,13,0,2430,4069
2012,1,A1261,1,3039,90,120,100,14,0,2995,5154
2012,1,A1261,2,4060,89,119,103,16,0,3256,5534
2012,1,A1262,1,3088,86,116,99,15,0,3733,6272
2012,1,A1262,2,4087,85,115,89,18,0,3427,5831
2012,1,M1467,1,1070,76,106,98,9,0,3160,5346
2012,1,M1467,2,2013,78,108,100,19,0,3047,5173
2012,1,B1053,1,5074,85,115,105,14,0,3401,5932
2012,1,B1053,2,6092,83,113,106,22,0,3375,5703
2012,1,A1260,1,3011,86,116,112,20,0,3514,5898
2012,1,A1260,2,4073,85,115,108,16,0,3568,6216
2012,1,M1465,1,1017,78,108,98,12,0,2456,4212
2012,1,M1465,2,2031,79,109,116,13,0,2574,4485
2012,1,M1466,1,1067,74,104,93,11,0,,
2012,1,M1466,2,2043,74,104,100,13,0,2490,4314
2012,1,M1468,1,3064,82,112,104,11,0,3192,5468
2012,1,M1468,2,4039,83,113,109,11,0,3091,5194
2012,1,M1469,1,1011,77,107,95,23,0,3390,5933
2012,1,M1469,2,2028,77,107,105,26,0,3060,5272
2012,1,A1304,1,3075,90,120,110,19,0,3220,5498
2012,1,A1304,2,4004,84,114,109,14,0,2939,4961
2012,1,M1471,1,3042,87,117,103,12,0,2967,4962
2012,1,M1471,2,4084,86,116,99,14,0,3276,5549
2012,1,A1263,1,3026,82,112,99,11,0,3672,6277
2012,1,A1263,2,4062,81,111,98,13,0,2982,5143
2012,1,B1201,1,7149,95,125,112,14,0,2019,3475
2012,1,B1201,2,8071,95,125,91,14,0,2423,4085
2012,1,B1202,1,7073,92,122,98,21,0,4067,6873
2012,1,B1202,2,8056,92,122,104,15,0,3546,6027
2012,1,B1203,1,7119,87,117,108,9,0,2976,5093
2012,1,B1203,2,8097,89,119,101,14,0,3310,5587
2012,1,B1204,1,7075,93,123,112,23,0,2607,4441
2012,1,B1204,2,8026,96,126,110,20,0,2959,4932
2012,1,B1102,1,7010,84,114,110,21,0,2898,4909
2012,1,B1102,2,8061,84,114,93,26,0,3015,5154
2012,1,B1205,1,7104,91,121,108,16,0,3597,6114
2012,1,B1205,2,8103,94,124,110,13,0,3900,6545
2012,1,B1151,1,5032,87,117,110,14,0,3390,5716
2012,1,B1151,2,6070,92,122,114,11,0,3180,5294
2012,1,B1206,1,7035,87,117,112,14,0,3514,6190
2012,1,B1206,2,8033,86,116,96,17,0,3649,6060
2012,1,B1152,1,7141,83,113,105,18,0,2874,4996
2012,1,B1152,2,8127,85,115,109,13,0,3442,5857
2012,1,B1207,1,7078,92,122,119,12,0,3477,5835
2012,1,B1207,2,8096,90,120,115,16,0,3304,5622
2012,1,B1208,1,7021,86,116,110,22,3,2796,4720
2012,1,B1208,2,8093,87,117,97,17,0,2914,5066
2012,1,A1307,1,3052,86,116,110,15,0,3228,5474
2012,1,A1307,2,4070,86,116,107,15,0,2938,4931
2012,1,A1309,1,3092,87,117,120,15,0,3636,6222
2012,1,A1309,2,4051,87,117,110,11,0,3350,5583
2012,1,A1310,1,3050,90,120,102,15,0,3739,6203
2012,1,A1310,2,4099,87,117,115,11,0,3543,6049
2012,1,A1313,1,1037,87,117,100,22,0,2833,4848
2012,1,A1313,2,2061,87,117,108,21,0,2620,4524
2012,1,A1314,1,3029,87,117,102,13,0,2774,4704
2012,1,A1314,2,4021,84,114,117,12,0,2341,4033
2012,1,A1311,1,1061,76,106,104,14,0,2554,4410
2012,1,A1311,2,2050,75,105,108,14,0,2839,4902
2012,1,A1312,1,1058,87,117,100,20,0,3628,6138
2012,1,A1312,2,2027,85,115,110,13,9,3112,5313
2012,1,M1345,1,11029,94,124,102,18,0,2088,3601
2012,1,M1345,2,12019,94,124,90,14,0,2087,3579
2012,1,M1351,1,11022,82,112,105,25,3,2912,4915
2012,1,M1351,2,12036,78,108,110,11,3,2998,5171
2012,1,M1352,1,11031,95,125,103,11,0,,
2012,1,M1352,2,12034,94,124,117,15,0,,
2012,1,M1353,1,11037,78,108,95,14,3,3559,6090
2012,1,M1353,2,12053,80,110,100,15,0,3702,6199
2012,1,M1354,1,11005,80,110,102,13,3,2716,4685
2012,1,M1354,2,12046,80,110,100,15,5,3400,5739
2012,1,M1356,1,9035,83,113,93,11,0,3203,5481
2012,1,M1356,2,10023,78,108,102,14,0,3367,5768
2012,1,M1357,1,9018,82,112,104,16,0,2927,5049
2012,1,M1357,2,10048,83,113,94,12,0,3274,5609
2012,1,M1358,1,11053,94,124,102,17,0,3129,5276
2012,1,M1358,2,12033,94,124,113,14,0,3233,5464
2012,1,M1359,1,11014,84,114,112,8,0,2486,4139
2012,1,M1359,2,12013,86,116,110,12,0,2159,3695
2012,1,M1360,1,11012,83,113,103,11,0,3497,5923
2012,1,M1360,2,12060,81,111,102,14,0,3894,6565
2012,1,M1361,1,9040,82,112,105,12,0,3286,5572
2012,1,M1361,2,10030,78,108,103,14,0,3225,5519
2012,1,B1209,1,7013,87,117,100,15,5,3022,5142
2012,1,B1209,2,8111,89,119,98,13,0,3010,5093
2012,1,B1210,1,5003,88,118,108,20,0,2961,5027
2012,1,B1210,2,6075,87,117,103,12,0,2813,4836
2012,1,B1103,1,5057,78,108,98,16,0,2600,4474
2012,1,B1103,2,6056,76,106,107,13,0,3222,5520
2012,1,B1153,1,7005,86,116,120,13,0,2732,4627
2012,1,B1153,2,8016,87,117,105,11,0,2931,5067
2012,1,B1005,1,5079,80,110,98,18,0,3342,5725
2012,1,B1005,2,6003,82,112,89,17,0,3309,5707
2012,1,B1104,1,5018,80,110,114,12,0,3659,6396
2012,1,B1104,2,6029,78,108,100,10,0,3386,5775
2012,1,B1105,1,5034,80,110,103,11,0,3166,5461
2012,1,B1105,2,6053,80,110,103,14,0,3284,5658
2012,1,B1055,1,7084,83,113,105,21,0,3150,5378
2012,1,B1055,2,8100,82,112,102,13,0,2955,5040
2012,1,B1106,1,7097,79,109,95,13,0,3330,5686
2012,1,B1106,2,8123,82,112,93,12,0,2990,5117
2012,1,B1006,1,5036,78,108,89,14,0,3335,5707
2012,1,B1006,2,6002,77,107,98,22,0,3218,5550
2012,1,B1107,1,7002,86,116,115,13,0,2749,4619
2012,1,B1107,2,8113,85,115,101,9,0,3176,5380
2012,1,B1211,1,7115,85,115,107,16,0,2307,3957
2012,1,B1211,2,8133,88,118,110,12,0,2349,4011
2012,1,A1264,1,1066,74,104,103,13,0,3048,5310
2012,1,A1264,2,2030,79,109,88,25,0,3208,5546
2012,1,A1265,1,3056,83,113,96,13,0,3178,5420
2012,1,A1265,2,4036,83,113,107,14,0,2459,4175
2012,1,A1316,1,1050,81,111,107,14,0,3283,5707
2012,1,A1316,2,2071,81,111,108,19,0,3380,5712
2012,1,A1269,1,3041,82,112,103,16,0,3293,5724
2012,1,A1269,2,4071,82,112,108,16,0,2963,5053
2012,1,A1273,1,1059,79,109,105,12,0,2776,4648
2012,1,A1273,2,2067,81,111,110,14,0,3415,5844
2012,1,A1274,1,1043,77,107,86,15,0,4217,7167
2012,1,A1274,2,2042,77,107,98,18,0,3800,6540
2012,1,A1275,1,1012,81,111,95,21,0,2866,4938
2012,1,A1275,2,2038,80,110,99,19,0,3207,5395
2012,1,A1276,1,1026,80,110,98,16,0,3138,5394
2012,1,A1276,2,2059,79,109,112,11,5,3218,5419
2012,1,A1279,1,1052,86,116,99,22,0,2265,3788
2012,1,A1279,2,2001,86,116,93,15,0,2430,4069
2012,1,M1367,1,11057,82,112,95,11,0,2400,4153
2012,1,M1367,2,12039,81,111,105,15,0,2843,4838
2012,1,B1155,1,7109,82,112,109,12,0,2572,4426
2012,1,B1155,2,8072,84,114,100,10,0,2665,4529
2012,1,B1057,1,5016,78,108,105,11,0,3088,5272
2012,1,B1057,2,6015,78,108,110,14,0,2901,4925
2012,1,B1157,1,7114,83,113,110,12,0,2446,4143
2012,1,B1157,2,8106,86,116,113,11,0,2838,4823
2012,1,B1011,1,7167,91,121,121,16,0,2911,4886
2012,1,B1011,2,8052,94,124,112,9,0,2871,4885
2012,1,A1267,1,1036,78,108,105,16,0,3315,5647
2012,1,A1267,2,2014,77,107,105,11,0,3785,6499
2012,1,A1272,1,1068,75,105,111,13,0,3284,5658
2012,1,A1272,2,2051,77,107,97,10,0,3039,5124
2012,1,A1270,1,3038,82,112,105,16,0,3214,5544
2012,1,A1270,2,4035,83,113,109,18,0,2956,5099
2012,1,A1277,1,1031,82,112,103,16,0,3555,6139
2012,1,A1277,2,2060,81,111,119,19,0,3484,5989
2012,1,A1321,1,3001,94,124,104,17,0,3209,5510
2012,1,A1321,2,4054,87,117,109,21,0,2902,4904
2012,1,A1317,1,3035,89,119,110,20,0,3103,5328
2012,1,A1317,2,4044,86,116,114,26,0,2748,4740
2012,1,A1318,1,3015,85,115,115,15,0,3200,5513
2012,1,A1318,2,4038,85,115,115,15,0,3206,5480
2012,1,A1319,1,3096,86,116,117,14,0,3095,5182
2012,1,A1319,2,4057,84,114,127,14,0,2813,4688
2012,1,A1320,1,3091,94,124,115,11,0,2751,4676
2012,1,A1320,2,4046,94,124,120,19,0,2466,4129
2012,1,A1268,1,1063,78,108,102,15,0,3152,5345
2012,1,A1268,2,2065,81,111,113,13,0,3448,5920
2012,1,M1362,1,11028,82,112,100,16,0,3196,5685
2012,1,M1362,2,12015,83,113,94,14,0,2509,4323
2012,1,M1363,1,11019,88,118,112,13,0,3413,5754
2012,1,M1363,2,12040,86,116,103,12,0,2958,4987
2012,1,M1347,1,11035,84,114,110,16,0,2195,3765
2012,1,M1347,2,12001,84,114,102,16,0,2678,4588
2012,1,M1364,1,9030,78,108,87,14,0,2845,4968
2012,1,M1364,2,10043,78,108,83,13,0,2915,4988
2012,1,M1365,1,9059,78,108,88,14,0,2950,5088
2012,1,M1365,2,10039,78,108,97,16,0,2765,4705
2012,1,M1368,1,9003,78,108,93,13,0,2962,5040
2012,1,M1368,2,10045,77,107,93,24,0,3541,6080
2012,1,M1366,1,11048,85,115,108,13,0,2904,4964
2012,1,M1366,2,12047,86,116,111,14,0,3227,5541
2012,1,B1216,1,7146,83,113,106,11,0,2415,4072
2012,1,B1216,2,8129,85,115,110,10,3,2205,3739
2012,1,B1007,1,5066,76,106,100,19,0,3149,5413
2012,1,B1007,2,6011,76,106,114,11,0,2995,5090
2012,1,B1008,1,5097,78,108,77,12,0,2750,4711
2012,1,B1008,2,6098,78,108,84,10,0,2718,4651
2012,1,B1009,1,5013,77,107,99,14,0,2948,5068
2012,1,B1009,2,6087,79,109,99,19,0,2892,5055
2012,1,B1158,1,7033,86,116,118,16,0,2503,4254
2012,1,B1158,2,8005,85,115,105,20,0,2733,4645
2012,1,B1159,1,7028,89,119,111,17,0,2534,4282
2012,1,B1159,2,8015,87,117,100,14,0,2751,4692
2012,1,B1160,1,5082,77,107,98,11,0,2932,5063
2012,1,B1160,2,6045,78,108,99,17,5,3324,5785
2012,1,B1110,1,7103,84,114,115,16,0,3345,5698
2012,1,B1110,2,8139,85,115,112,14,7,3093,5203
2012,1,B1111,1,7108,86,116,109,15,0,2943,5048
2012,1,B1111,2,8143,88,118,115,24,0,2646,4472
2012,1,B1161,1,7076,84,114,104,22,0,2794,4846
2012,1,B1161,2,8107,84,114,91,14,0,2523,4317
2012,1,B1062,1,5035,82,112,95,18,0,2946,5144
2012,1,B1062,2,6067,83,113,95,10,0,2940,4985
2012,1,B1010,1,5004,79,109,103,24,0,2924,5077
2012,1,B1010,2,6019,78,108,94,13,0,3322,5756
2012,1,B1217,1,7156,93,123,116,9,0,2933,4831
2012,1,B1217,2,8028,94,124,113,14,0,3483,5981
2012,1,B1218,1,7023,86,116,103,18,0,3173,5325
2012,1,B1218,2,8041,87,117,98,20,0,2570,4358
2012,1,B1219,1,5049,86,116,108,19,0,3011,5164
2012,1,B1219,2,6059,87,117,107,11,0,3154,5367
2012,1,B1220,1,5008,80,110,103,14,0,2708,4755
2012,1,B1220,2,6074,81,111,110,19,0,2723,4649
2012,1,B1058,1,5065,81,111,105,12,0,3243,5512
2012,1,B1058,2,6046,80,110,101,21,0,3305,5598
2012,1,B1060,1,7029,87,117,112,19,0,2311,3955
2012,1,B1060,2,8148,86,116,100,14,0,2569,4361
2012,1,B1061,1,7014,85,115,98,11,0,2601,4572
2012,1,B1061,2,8134,86,116,99,8,0,1981,3302
2012,1,B1012,1,5005,78,108,96,11,0,3116,5368
2012,1,B1012,2,6004,77,107,96,14,0,3135,5432
2012,1,B1019,1,5020,78,108,107,14,0,3199,5412
2012,1,B1019,2,6080,78,108,103,9,0,3645,6181
2012,1,B1075,1,7034,86,116,114,15,3,2027,3445
2012,1,B1075,2,8102,83,113,103,12,0,2817,4859
2012,1,M1476,1,1034,77,107,92,16,0,3444,5920
2012,1,M1476,2,2006,77,107,95,17,0,3809,6518
2012,1,A1323,1,3017,94,124,97,16,0,3717,6166
2012,1,A1323,2,4085,90,120,98,13,0,3985,6796
2012,1,A1322,1,1040,84,114,89,18,0,3551,6001
2012,1,A1322,2,2016,86,116,98,16,0,3099,5255
2012,1,A1282,1,3082,82,112,110,18,5,2369,4045
2012,1,A1282,2,4006,78,108,132,17,9,2053,3569
2012,1,A1288,1,1001,81,111,103,14,0,3842,6604
2012,1,A1288,2,2066,80,110,110,11,0,3793,6432
2012,1,A1286,1,1065,76,106,100,14,0,3032,5183
2012,1,A1286,2,2045,77,107,108,26,3,2882,4976
2012,1,A1285,1,1038,78,108,89,15,0,3231,5523
2012,1,A1285,2,2024,77,107,100,29,7,3046,5201
2012,1,A1330,1,3081,94,124,120,15,0,3081,5171
2012,1,A1330,2,4063,90,120,119,10,0,3515,6029
2012,1,A1326,1,3043,82,112,112,19,0,3091,5158
2012,1,A1326,2,4032,82,112,108,16,7,2907,4963
2012,1,A1266,1,1009,78,108,82,14,0,3170,5523
2012,1,A1266,2,2063,78,108,88,12,0,2796,4747
2012,1,A1324,1,1048,93,123,126,22,7,2325,4033
2012,1,A1324,2,2034,89,119,126,14,9,2785,4642
2012,1,A1281,1,1018,78,108,97,23,0,3143,5397
2012,1,A1281,2,2007,77,107,101,15,0,2682,4616
2012,1,A1292,1,3027,83,113,98,15,0,3550,6041
2012,1,A1292,2,4028,84,114,108,13,0,3126,5355
2012,1,A1280,1,1033,78,108,100,14,0,3130,5338
2012,1,A1280,2,2052,77,107,114,9,0,2856,4865
2012,1,A1289,1,1054,80,110,122,8,5,2885,4993
2012,1,A1289,2,2062,80,110,111,15,9,2777,4784
2012,1,A1287,1,3002,92,122,109,21,0,1660,2808
2012,1,A1287,2,4003,90,120,113,12,0,1402,2402
2012,1,A1293,1,1021,79,109,90,15,0,2930,5008
2012,1,A1293,2,2046,80,110,105,16,0,2874,4918
2012,1,M1428,1,1004,75,105,93,16,0,3121,5389
2012,1,M1428,2,2072,77,107,106,16,0,3472,5989
2012,1,A1291,1,3094,82,112,100,17,0,3141,5418
2012,1,A1291,2,4034,82,112,111,12,9,2913,4990
2012,1,A1290,1,1041,80,110,86,18,0,2970,5094
2012,1,A1290,2,2049,78,108,94,17,0,2943,5116
2012,1,A1284,1,1069,81,111,98,14,0,2690,4650
2012,1,A1284,2,2005,84,114,106,14,0,2809,4801
2012,1,A1329,1,3068,90,120,118,15,0,3554,5937
2012,1,A1329,2,4067,90,120,115,15,0,3266,5716
2012,1,A1328,1,3005,87,117,103,12,0,3837,6648
2012,1,A1328,2,4027,89,119,115,12,0,3269,5771
2012,1,A1271,1,1071,77,107,97,10,0,3500,6030
2012,1,A1271,2,2041,77,107,103,15,0,3714,6363
2012,1,A1278,1,1045,81,111,108,20,0,3389,5760
2012,1,A1278,2,2044,79,109,108,14,0,3467,5886
2012,1,A1325,1,3055,85,115,102,17,0,3001,5106
2012,1,A1325,2,4019,84,114,115,19,0,2839,4869
2012,1,A1283,1,3003,80,110,109,13,0,3350,5720
2012,1,A1283,2,4081,83,113,110,18,0,3214,5487
2012,1,M1377,1,9001,84,114,115,18,0,2627,4465
2012,1,M1377,2,10027,86,116,114,11,0,2432,4199
2012,1,M1376,1,9056,85,115,128,10,0,1589,2719
2012,1,M1376,2,10024,86,116,124,16,0,1880,3155
2012,1,M1375,1,9048,87,117,112,10,0,1677,2883
2012,1,M1375,2,10047,85,115,119,9,0,1735,2962
2012,1,M1373,1,9031,87,117,111,14,0,2000,3403
2012,1,M1373,2,10005,89,119,116,13,0,1830,3082
2012,1,M1379,1,11017,84,114,110,8,0,2377,4054
2012,1,M1379,2,12025,85,115,100,10,0,2468,4161
2012,1,M1422,1,9034,84,114,103,12,0,2549,4401
2012,1,M1422,2,10020,84,114,108,20,0,2451,4132
2012,1,M1421,1,9043,78,108,118,13,0,1757,3048
2012,1,M1421,2,10016,77,107,110,12,0,1898,3211
2012,1,M1410,1,11044,85,115,114,14,0,2816,4835
2012,1,M1410,2,12030,84,114,113,16,0,3113,5249
2012,1,B1037,1,5046,80,110,112,13,9,2651,4685
2012,1,B1037,2,6034,80,110,106,19,7,2396,4142
2012,1,B1035,1,5024,78,108,109,12,0,2996,5121
2012,1,B1035,2,6001,83,113,109,19,0,3253,5535
2012,1,B1034,1,5093,78,108,106,15,0,3244,5526
2012,1,B1034,2,6012,77,107,112,12,0,3152,5369
2012,1,B1227,1,7107,89,119,113,18,0,3001,5042
2012,1,B1227,2,8051,94,124,120,17,0,2896,4838
2012,1,B1085,1,7143,85,115,108,17,0,2511,4263
2012,1,B1085,2,8013,87,117,89,13,0,2791,4846
2012,1,B1032,1,5038,81,111,121,14,0,2632,4555
2012,1,B1032,2,6023,83,113,125,10,5,2528,4306
2012,1,B1028,1,5029,78,108,114,8,9,3317,5657
2012,1,B1028,2,6051,78,108,135,23,9,2871,4946
2012,1,B1165,1,7043,86,116,110,10,0,2707,4543
2012,1,B1165,2,8140,86,116,114,15,9,2694,4605
2012,1,B1122,1,7036,86,116,97,14,0,2620,4423
2012,1,B1122,2,8062,85,115,117,17,0,2268,3868
2012,1,B1163,1,7113,90,120,113,14,0,2857,4828
2012,1,B1163,2,8031,93,123,123,19,0,2761,4725
2012,1,B1036,1,5012,80,110,113,14,0,3181,5573
2012,1,B1036,2,6090,80,110,115,11,0,3207,5463
2012,1,M1372,1,7057,90,120,126,12,0,2395,4052
2012,1,M1372,2,8014,89,119,109,18,0,2923,5013
2012,1,B1080,1,7165,83,113,109,10,0,2679,4569
2012,1,B1080,2,8007,84,114,95,12,0,2459,4241
2012,1,B1223,1,7131,89,119,99,10,0,2340,3986
2012,1,B1223,2,8057,92,122,96,24,0,2240,3794
2012,1,B1063,1,5098,75,105,67,12,0,1608,2730
2012,1,B1063,2,6020,76,106,76,12,0,1553,2715
2012,1,M1370,1,5099,80,110,118,14,0,2932,4887
2012,1,M1370,2,6037,80,110,118,22,0,3074,5254
2012,1,B1166,1,7098,90,120,106,16,0,3762,6365
2012,1,B1166,2,8163,93,123,109,16,0,3581,5989
2012,1,B1082,1,7082,95,125,114,12,0,3391,5704
2012,1,B1082,2,8049,95,125,117,22,0,3651,6149
2012,1,B1235,1,7138,88,118,115,17,0,2953,4979
2012,1,B1235,2,8120,90,120,105,23,0,3477,6051
2012,1,B1231,1,7106,90,120,115,17,0,2389,4019
2012,1,B1231,2,8088,91,121,112,17,0,2566,4307
2012,1,B1230,1,7022,94,124,116,14,0,2612,4505
2012,1,B1230,2,8060,94,124,111,13,0,2393,4063
2012,1,B1229,1,7001,91,121,106,12,0,2954,5066
2012,1,B1229,2,8077,87,117,105,14,0,3160,5254
2012,1,B1228,1,7038,93,123,103,13,0,2363,4039
2012,1,B1228,2,8167,93,123,114,14,0,2500,4268
2012,1,B1225,1,7090,94,124,108,11,0,2808,4783
2012,1,B1225,2,8078,93,123,107,10,0,3028,5205
2012,1,B1164,1,7037,95,125,117,16,0,1731,3009
2012,1,B1164,2,8138,94,124,110,13,0,2145,3762
2012,1,B1083,1,5044,79,109,102,13,0,2747,4722
2012,1,B1083,2,6091,77,107,99,17,0,3009,5137
2012,1,B1018,1,5011,77,107,97,22,0,2779,4750
2012,1,B1018,2,6068,76,106,92,12,0,2738,4776
2012,1,B1017,1,5019,79,109,88,9,0,3232,5499
2012,1,B1017,2,6040,78,108,86,12,0,3200,5420
2012,1,B1065,1,5014,78,108,85,23,0,1954,3317
2012,1,B1065,2,6035,81,111,90,21,0,2122,3668
2012,1,B1016,1,7055,88,118,104,17,0,2728,4748
2012,1,B1016,2,8038,88,118,107,18,0,2534,4312
2012,1,B1039,1,5083,78,108,93,16,0,2841,4895
2012,1,B1039,2,6005,81,111,92,22,0,2799,4773
2012,1,B1038,1,5092,78,108,99,15,0,3341,5730
2012,1,B1038,2,6025,76,106,96,12,0,3448,5860
2012,1,M1371,1,5030,80,110,100,13,0,2220,3752
2012,1,M1371,2,6014,78,108,97,11,0,2671,4633
2012,1,B1090,1,5069,81,111,97,14,0,2271,3930
2012,1,B1090,2,6100,80,110,96,11,0,2930,4980
2012,1,B1033,1,5067,81,111,109,13,3,3280,5721
2012,1,B1033,2,6030,78,108,107,22,0,3169,5447
2012,1,B1234,1,7148,90,120,118,13,0,2745,4575
2012,1,B1234,2,8091,89,119,116,17,0,2875,4920
2012,1,B1233,1,7042,88,118,94,13,0,2455,4163
2012,1,B1233,2,8112,91,121,93,11,0,2611,4402
2012,1,B1232,1,7041,90,120,118,20,0,2714,4634
2012,1,B1232,2,8009,93,123,112,16,0,3021,5181
2012,1,B1086,1,7168,87,117,107,19,0,2919,4961
2012,1,B1086,2,8047,90,120,110,22,0,3045,5329
2012,1,M1383,1,5088,80,110,99,16,0,3153,5341
2012,1,M1383,2,6071,81,111,96,13,0,3043,5190
2012,1,B1014,1,5077,79,109,90,16,0,3046,5313
2012,1,B1014,2,6016,81,111,99,11,0,2917,5003
2012,1,B1064,1,5076,84,114,93,15,0,2602,4488
2012,1,B1064,2,6027,82,112,81,17,0,2971,4992
2012,1,B1066,1,5022,82,112,103,21,0,2710,4664
2012,1,B1066,2,6060,83,113,100,12,0,3021,5164
2012,1,B1067,1,5040,81,111,104,13,0,3204,5495
2012,1,B1067,2,6017,80,110,102,10,0,3229,5613
2012,1,B1068,1,5047,83,113,100,14,0,2975,5160
2012,1,B1068,2,6072,81,111,98,17,0,3020,5168
2012,1,B1069,1,5015,78,108,100,25,0,2606,4535
2012,1,B1069,2,6094,80,110,100,23,0,2630,4434
2012,1,B1070,1,5078,83,113,95,15,0,3976,6912
2012,1,B1070,2,6055,83,113,98,14,0,3546,6027
2012,1,B1071,1,7134,84,114,89,12,0,2717,4744
2012,1,B1071,2,8021,84,114,82,27,0,2880,5096
2012,1,B1072,1,5063,83,113,84,13,0,2454,4275
2012,1,B1072,2,6033,81,111,95,22,0,2978,5131
2012,1,B1073,1,7164,84,114,105,18,0,2820,4848
2012,1,B1073,2,8108,86,116,97,21,0,3135,5383
2012,1,B1074,1,5087,80,110,107,15,0,3074,5195
2012,1,B1074,2,6007,83,113,103,14,0,3292,5499
2012,1,B1076,1,5006,82,112,95,16,0,2945,5017
2012,1,B1076,2,6064,82,112,100,10,0,2928,5022
2012,1,B1113,1,7161,82,112,89,20,0,2643,4564
2012,1,B1113,2,8004,84,114,88,19,0,2892,4932
2012,1,B1114,1,7048,85,115,110,22,0,2430,4187
2012,1,B1114,2,8084,84,114,101,19,0,2145,3658
2012,1,B1116,1,7079,86,116,100,19,0,3252,5521
2012,1,B1116,2,8147,86,116,99,22,0,2817,4831
2012,1,B1117,1,5058,81,111,100,13,0,2710,4658
2012,1,B1117,2,6044,81,111,93,22,0,2795,4788
2012,1,B1118,1,5023,77,107,97,14,0,3869,6508
2012,1,B1118,2,6097,77,107,99,16,0,3599,6180
2012,1,B1119,1,7070,91,121,106,12,0,1562,2621
2012,1,B1119,2,8150,93,123,117,23,0,1415,2375
2012,1,B1120,1,5054,82,112,109,16,0,2917,4980
2012,1,B1120,2,6049,83,113,95,14,0,3184,5436
2012,1,B1121,1,7063,84,114,104,13,0,1534,2646
2012,1,B1121,2,8086,82,112,107,19,0,1877,3223
2012,1,B1222,1,5064,83,113,103,16,0,2849,4815
2012,1,B1222,2,6086,80,110,110,15,0,3450,5877
2012,1,B1224,1,7081,89,119,120,14,0,3765,6275
2012,1,B1224,2,8098,89,119,111,17,0,3467,5940
2012,1,B1078,1,7142,81,111,103,16,0,2630,4526
2012,1,B1078,2,8085,82,112,100,18,0,2207,3695
2012,1,B1124,1,7127,86,116,106,14,0,2202,3781
2012,1,B1124,2,8081,85,115,104,12,0,2341,4079
2012,1,B1125,1,5048,79,109,98,17,0,2677,4576
2012,1,B1125,2,6099,80,110,104,19,0,2602,4488
2012,1,B1126,1,7085,96,126,114,22,0,2998,5014
2012,1,B1126,2,8011,95,125,107,17,0,3282,5597
2012,1,B1022,1,5017,80,110,96,14,0,3137,5490
2012,1,B1022,2,6006,78,108,102,12,0,3037,5232
2012,1,B1024,1,5100,80,110,93,13,0,4185,7194
2012,1,B1024,2,6052,80,110,95,13,0,3584,6098
2012,1,B1025,1,5055,78,108,106,21,0,3243,5575
2012,1,B1025,2,6082,77,107,94,19,0,3107,5401
2012,1,B1026,1,5037,78,108,91,14,0,3873,6553
2012,1,B1026,2,6061,78,108,95,13,0,3625,6224
2012,1,B1027,1,5053,79,109,102,15,0,3516,5989
2012,1,B1027,2,6008,77,107,95,11,0,4150,7013
2012,1,B1029,1,5033,70,100,98,12,0,3641,6195
2012,1,B1029,2,6095,81,111,124,8,0,3650,6260
2012,1,B1084,1,7145,83,113,109,27,0,2605,4372
2012,1,B1084,2,8019,85,115,107,18,0,2677,4576
2012,1,B1112,1,7032,87,117,104,25,0,2988,5160
2012,1,B1112,2,8095,88,118,106,17,0,3108,5294
2012,1,M1478,1,3040,83,113,105,18,0,2331,3980
2012,1,M1478,2,4042,86,116,135,17,0,2165,3692
2012,1,M1479,1,1030,78,108,85,18,0,3252,5590
2012,1,M1479,2,2021,78,108,92,14,0,3073,5306
2012,1,A1331,1,3007,85,115,104,17,0,3460,5793
2012,1,A1331,2,4095,84,114,104,17,0,3352,5613
2012,1,A1332,1,3069,87,117,97,9,0,2338,3969
2012,1,A1332,2,4083,90,120,105,19,0,2764,4725
2012,1,A1333,1,3051,87,117,100,22,0,3180,5380
2012,1,A1333,2,4011,84,114,110,16,0,2678,4645
2012,1,A1294,1,1002,78,108,104,12,0,2940,5077
2012,1,A1294,2,2020,77,107,89,17,0,3433,5855
2012,1,A1295,1,1028,79,109,89,19,0,3383,5802
2012,1,A1295,2,2056,77,107,98,13,0,2839,4847
2012,1,A1296,1,1023,80,110,101,18,0,2752,4763
2012,1,A1296,2,2036,78,108,108,15,0,2983,5012
2012,1,A1337,1,3028,86,116,113,22,0,3444,5920
2012,1,A1337,2,4088,86,116,112,11,0,3553,6032
2012,1,A1338,1,3013,83,113,105,16,0,4200,7203
2012,1,A1338,2,4012,82,112,105,13,0,3700,6253
2012,1,A1339,1,3049,86,116,105,17,0,3599,6166
2012,1,A1339,2,4033,87,117,116,15,0,3555,5946
2012,1,A1297,1,1062,75,105,102,15,0,3362,5857
2012,1,A1297,2,2037,74,104,100,14,0,2878,4992
2012,1,A1340,1,3072,83,113,116,14,0,1896,3256
2012,1,A1340,2,4049,84,114,112,13,5,2026,3447
2012,1,A1341,1,3057,85,115,104,11,0,2369,4100
2012,1,A1341,2,4001,87,117,112,22,9,2705,4655
2012,1,A1342,1,3031,83,113,100,21,0,3165,5349
2012,1,A1342,2,4069,81,111,116,20,0,2800,4716
2012,1,A1343,1,3009,87,117,105,12,0,2931,4947
2012,1,A1343,2,4041,87,117,109,17,0,2603,4429
2012,1,A1335,1,3067,79,109,103,18,0,3484,5996
2012,1,A1335,2,4048,82,112,116,12,0,3276,5733
2012,1,A1336,1,3061,83,113,104,11,0,3536,6072
2012,1,A1336,2,4016,82,112,105,22,0,3942,6769
2012,1,M1384,1,11038,83,113,116,22,0,1542,2645
2012,1,M1384,2,12057,84,114,113,20,0,1947,3309
2012,1,M1385,1,11045,87,117,104,19,0,2891,4942
2012,1,M1385,2,12017,89,119,99,16,7,2699,4619
2012,1,M1386,1,11043,87,117,112,8,0,1676,2888
2012,1,M1386,2,12041,86,116,110,8,0,1697,2947
2012,1,M1387,1,11008,90,120,113,14,0,2655,4389
2012,1,M1387,2,12052,90,120,105,16,0,2153,3659
2012,1,M1388,1,9016,92,122,97,14,0,1586,2637
2012,1,M1388,2,10037,92,122,96,17,0,1669,2856
2012,1,M1401,1,11058,92,122,108,8,0,2005,3299
2012,1,M1401,2,12004,90,120,109,11,0,1811,3039
2012,1,M1402,1,11030,94,124,114,10,0,2565,4364
2012,1,M1402,2,12049,93,123,109,12,0,,
2012,1,M1390,1,9026,90,120,105,10,0,2840,4838
2012,1,M1390,2,10054,90,120,107,9,0,2516,4354
2012,1,M1403,1,11055,90,120,114,11,0,1997,3383
2012,1,M1403,2,12050,89,119,113,10,0,2089,3498
2012,1,M1404,1,11004,83,113,117,7,9,2968,5096
2012,1,M1404,2,12022,82,112,128,15,7,3084,5248
2012,1,M1405,1,9022,83,113,99,16,0,3231,5479
2012,1,M1405,2,10057,80,110,85,12,0,3360,5815
2012,1,M1406,1,9050,83,113,86,19,0,2709,4709
2012,1,M1406,2,10013,81,111,97,15,0,2905,4954
2012,1,M1407,1,9002,85,115,89,24,0,3057,5332
2012,1,M1407,2,10011,81,111,95,22,0,3032,5177
2012,1,M1408,1,9017,82,112,93,20,0,3199,5437
2012,1,M1408,2,10018,82,112,94,24,0,2879,4960
2012,1,M1409,1,9021,87,117,114,19,0,2768,4629
2012,1,M1409,2,10049,86,116,118,11,0,2583,4350
2012,1,M1411,1,11011,87,117,117,18,0,2326,3994
2012,1,M1411,2,12035,84,114,110,19,0,2847,4833
2012,1,M1412,1,11020,85,115,115,10,0,2912,4972
2012,1,M1412,2,12044,87,117,108,21,0,3143,5397
2012,1,M1413,1,11034,86,116,115,21,9,1809,3075
2012,1,M1413,2,12051,86,116,114,11,5,2001,3428
2012,1,M1414,1,11027,89,119,93,15,0,2868,4941
2012,1,M1414,2,12029,88,118,107,14,0,2580,4460
2012,1,M1415,1,9054,90,120,116,14,0,1331,2303
2012,1,M1415,2,10003,94,124,121,24,0,1363,2338
2012,1,M1417,1,11024,77,107,113,17,0,2952,5126
2012,1,M1417,2,12006,86,116,110,13,0,2428,4235
2012,1,M1418,1,9057,84,114,105,12,0,3066,5241
2012,1,M1418,2,10004,89,119,100,18,0,2908,5027
2012,1,M1419,1,11006,80,110,106,19,0,2303,4021
2012,1,M1419,2,12028,80,110,89,11,0,2455,4225
2012,1,M1420,1,9045,78,108,82,13,0,2301,3924
2012,1,M1420,2,10019,79,109,93,21,0,2021,3411
2012,1,M1423,1,11042,93,123,115,13,0,2398,4020
2012,1,M1423,2,12054,93,123,108,12,0,2820,4629
2012,1,M1425,1,9011,87,117,116,11,0,1312,2283
2012,1,M1425,2,10052,90,120,114,9,0,1687,2844
2012,1,M1427,1,9051,85,115,114,13,0,1692,2859
2012,1,M1427,2,10031,78,108,110,19,0,1663,2756
2012,1,M1429,1,11054,90,120,116,20,0,2625,4548
2012,1,M1429,2,12056,91,121,103,20,0,2026,3436
2012,1,M1430,1,11052,85,115,106,19,0,1970,3386
2012,1,M1430,2,12002,87,117,96,13,0,2145,3633
2012,1,M1431,1,11046,83,113,112,13,0,2334,3958
2012,1,M1431,2,12058,82,112,104,15,0,2717,4581
2012,1,M1432,1,11013,86,116,104,9,0,2006,3402
2012,1,M1432,2,12042,86,116,95,18,0,2269,3856
2012,1,M1433,1,11050,88,118,99,20,0,1608,2758
2012,1,M1433,2,12059,87,117,100,16,0,1589,2698
2012,1,M1380,1,11033,80,110,103,11,5,2991,5095
2012,1,M1380,2,12024,79,109,106,12,0,3539,6111
2012,1,M1436,1,11041,82,112,107,23,0,3009,5079
2012,1,M1436,2,12020,84,114,109,12,0,2650,4468
2012,1,M1438,1,9047,80,110,103,15,0,3072,5233
2012,1,M1438,2,10025,77,107,98,20,0,2935,5028
2012,1,B1162,1,7066,90,120,111,11,0,1988,3452
2012,1,B1162,2,8144,90,120,118,13,0,2304,3956
2012,1,B1030,1,5089,77,107,126,9,0,3337,5672
2012,1,B1030,2,6022,77,107,113,13,0,3031,5075
2012,1,B1171,1,7015,85,115,121,16,0,2500,4244
2012,1,B1171,2,8149,85,115,115,12,0,2484,4323
2012,1,B1237,1,7068,85,115,117,14,0,2688,4563
2012,1,B1237,2,8089,84,114,116,14,0,2570,4348
2012,1,B1091,1,5085,84,114,102,14,0,2931,5038
2012,1,B1091,2,6076,83,113,99,11,0,3151,5429
2012,1,M1378,1,7080,90,120,113,14,0,1840,3156
2012,1,M1378,2,8043,92,122,113,20,0,2016,3462
2012,1,B1167,1,7046,82,112,112,14,0,3673,6150
2012,1,B1167,2,8017,81,111,115,13,0,3645,6167
2012,1,B1168,1,7003,87,117,105,15,0,2232,3854
2012,1,B1168,2,8030,88,118,102,11,0,2489,4177
2012,1,B1169,1,7110,81,111,113,14,0,,
2012,1,B1169,2,8008,79,109,103,28,0,2147,3670
2012,1,B1170,1,7051,86,116,102,11,0,2275,3968
2012,1,B1170,2,8058,89,119,110,14,0,2031,3476
2012,1,B1088,1,5059,82,112,99,9,0,2984,5095
2012,1,B1088,2,6093,79,109,92,19,0,3088,5224
2012,1,B1236,1,7096,79,109,106,13,0,3080,5121
2012,1,B1236,2,8025,96,126,110,17,0,2994,5054
2012,1,B1093,1,5095,82,112,108,12,0,3244,5526
2012,1,B1093,2,6078,81,111,109,18,0,2814,4919
2012,1,B1172,1,7061,88,118,115,11,0,2267,3871
2012,1,B1172,2,8156,89,119,112,14,0,1943,3295
2012,1,B1094,1,5050,87,117,118,21,0,3394,5775
2012,1,B1094,2,6010,87,117,125,14,0,3045,5187
2012,1,B1040,1,7006,84,114,117,24,7,1902,3284
2012,1,B1040,2,8082,84,114,114,10,0,2250,3850
2012,1,B1238,1,7116,87,117,112,12,0,2869,4804
2012,1,B1238,2,8001,91,121,115,12,0,3400,5713
2012,1,B1173,1,7054,89,119,121,10,0,2401,4244
2012,1,B1173,2,8152,85,115,123,16,3,2420,4085
2012,1,B1174,1,7121,90,120,115,21,5,2620,4468
2012,1,B1174,2,8101,91,121,112,15,0,2878,4925
2012,1,B1175,1,5021,83,113,105,19,0,3141,5381
2012,1,B1175,2,6031,83,113,109,10,0,3083,5210
2012,1,B1239,1,7047,87,117,135,19,0,2814,4799
2012,1,B1239,2,8124,87,117,134,14,7,2373,4061
2012,1,B1240,1,7004,85,115,100,13,0,2953,5036
2012,1,B1240,2,8053,85,115,105,15,0,3530,5945
2012,1,B1241,1,7040,84,114,114,18,0,3111,5263
2012,1,B1241,2,8159,83,113,128,10,0,3084,5260
2012,1,B1242,1,7008,84,114,114,19,0,2785,4696
2012,1,B1242,2,8115,82,112,103,15,0,3175,5439
2012,1,B1243,1,7132,90,120,107,11,0,1906,3232
2012,1,B1243,2,8048,94,124,125,22,0,2262,3932
2012,1,B1128,1,7065,84,114,110,10,0,2104,3625
2012,1,B1128,2,8105,86,116,106,15,0,2589,4315
2012,1,B1251,1,5045,76,106,102,16,0,2908,5004
2012,1,B1251,2,6043,76,106,109,12,0,2824,4920
2012,1,B1129,1,7153,83,113,96,11,0,2824,4860
2012,1,B1129,2,8079,83,113,92,15,0,2633,4511
2012,1,B1176,1,5084,87,117,110,16,0,3824,6522
2012,1,B1176,2,6050,93,123,105,16,7,3375,5730
2012,1,B1177,1,7064,94,124,106,17,0,2550,4290
2012,1,B1177,2,8168,94,124,100,27,0,2946,4864
2012,1,B1130,1,7126,89,119,110,12,0,2343,3964
2012,1,B1130,2,8162,89,119,106,13,0,2702,4687
2012,1,B1244,1,7099,86,116,102,18,0,2381,4107
2012,1,B1244,2,8024,89,119,108,16,0,2615,4546
2012,1,B1179,1,7092,93,123,107,27,0,2815,4746
2012,1,B1179,2,8022,92,122,106,15,0,2521,4353
2012,1,B1180,1,7133,92,122,108,13,0,3223,5484
2012,1,B1180,2,8083,91,121,104,16,0,2839,4820
2012,1,B1181,1,7060,89,119,102,12,0,2955,5057
2012,1,B1181,2,8118,90,120,95,22,0,3414,5816
2012,1,B1183,1,7144,89,119,117,16,0,3450,5877
2012,1,B1183,2,8050,90,120,123,14,0,3159,5332
2012,1,B1245,1,7093,94,124,118,14,0,2982,5022
2012,1,B1245,2,8002,82,112,105,11,0,2924,4958
2012,1,B1246,1,7150,93,123,114,11,0,3256,5553
2012,1,B1246,2,8039,96,126,105,13,0,2980,5030
2012,1,B1247,1,7009,88,118,113,13,0,3187,5503
2012,1,B1247,2,8135,89,119,116,15,0,2716,4611
2012,1,B1131,1,7031,90,120,98,11,0,3026,5049
2012,1,B1131,2,8059,92,122,105,14,0,2850,4888
2012,1,B1133,1,7024,86,116,119,22,7,2491,4195
2012,1,B1133,2,8023,82,112,115,17,0,2634,4446
2012,1,B1135,1,7016,86,116,109,13,0,1854,3140
2012,1,B1135,2,8042,86,116,105,17,0,2310,3850
2012,1,B1136,1,5026,87,117,95,22,0,2798,4929
2012,1,B1136,2,6088,87,117,98,21,0,3020,5174
2012,1,B1137,1,7139,87,117,104,16,0,1834,3185
2012,1,B1137,2,8160,87,117,96,18,0,1473,2455
2012,1,B1138,1,5031,86,116,106,16,0,3422,5836
2012,1,B1138,2,6047,86,116,104,19,0,3182,5476
2012,1,B1252,1,5051,89,119,116,14,0,3656,6058
2012,1,B1252,2,6026,85,115,104,16,0,2985,4981
2012,1,B1041,1,5068,83,113,109,15,0,3098,5187
2012,1,B1041,2,6066,85,115,108,13,0,3480,5935
2012,1,B1042,1,5028,83,113,102,9,0,3574,6067
2012,1,B1042,2,6077,84,114,120,22,0,2970,5031
2012,1,B1253,1,5027,82,112,113,13,0,3524,6065
2012,1,B1253,2,6039,83,113,107,14,0,3247,5575
2012,1,B1139,1,7120,82,112,115,16,0,3231,5498
2012,1,B1139,2,8165,84,114,103,11,0,2862,4748
2012,1,B1140,1,7105,82,112,119,12,0,2789,4713
2012,1,B1140,2,8036,85,115,113,14,0,2712,4651
2012,1,B1141,1,7017,84,114,103,12,0,3329,5593
2012,1,B1141,2,8141,86,116,106,19,5,3248,5514
2012,1,B1142,1,7122,82,112,104,18,0,3838,6464
2012,1,B1142,2,8126,83,113,98,10,0,3757,6436
2012,1,B1143,1,7089,84,114,102,20,0,2490,4271
2012,1,B1143,2,8153,87,117,99,19,3,2212,3738
2012,1,B1144,1,7044,83,113,99,12,0,3496,5976
2012,1,B1144,2,8068,86,116,116,13,0,2916,4984
2012,1,B1043,1,5070,81,111,104,15,0,2852,4847
2012,1,B1043,2,6018,77,107,104,19,0,3001,5124
2012,1,B1044,1,7130,87,117,121,9,7,1966,3364
2012,1,B1044,2,8090,86,116,105,22,3,2444,4163
2012,1,B1045,1,5091,83,113,102,14,0,2505,4277
2012,1,B1045,2,6081,83,113,106,14,0,2652,4554
2012,1,B1046,1,7026,89,119,116,14,7,1480,2547
2012,1,B1046,2,8154,89,119,120,17,7,1309,2243
2012,1,B1145,1,7011,95,125,112,12,0,2558,4298
2012,1,B1145,2,8128,95,125,112,16,0,2520,4254
2012,1,B1146,1,7059,91,121,110,11,0,2752,4651
2012,1,B1146,2,8110,91,121,114,16,0,3024,5081
2012,1,B1184,1,7019,90,120,119,14,0,3067,5201
2012,1,B1184,2,8018,90,120,110,11,0,2752,4576
2012,1,B1185,1,5073,85,115,107,12,0,3028,5070
2012,1,B1185,2,6021,85,115,104,12,0,2918,4988
2012,1,B1186,1,7100,90,120,117,13,0,2954,4946
2012,1,B1186,2,8119,92,122,107,13,0,2944,4890
2012,1,B1187,1,7091,86,116,111,12,0,3081,5195
2012,1,B1187,2,8109,87,117,117,14,0,3194,5317
2012,1,B1188,1,5002,83,113,108,21,0,3098,5313
2012,1,B1188,2,6048,82,112,107,13,0,3446,5957
2012,1,B1189,1,7158,89,119,110,14,0,3385,5740
2012,1,B1189,2,8044,92,122,112,18,0,2864,4840
2012,1,B1190,1,7045,89,119,123,22,0,3300,5532
2012,1,B1190,2,8099,91,121,116,9,0,3911,6412
2012,1,B1191,1,7071,89,119,123,11,0,2767,4730
2012,1,B1191,2,8069,90,120,92,12,0,2843,4821
2012,1,B1192,1,7058,89,119,124,19,0,2699,4624
2012,1,B1192,2,8034,90,120,110,14,0,2615,4353
2012,1,B1047,1,7129,84,114,110,15,0,2641,4514
2012,1,B1047,2,8137,86,116,110,16,0,2866,4888
2012,1,B1193,1,7020,95,125,112,14,0,2480,4234
2012,1,B1193,2,8046,96,126,120,19,0,2595,4476
2012,1,B1194,1,7111,89,119,97,12,0,2741,4696
2012,1,B1194,2,8045,91,121,99,21,0,2706,4620
2012,1,B1195,1,7101,85,115,116,16,0,2327,3964
2012,1,B1195,2,8145,87,117,114,18,0,2237,3819
2012,1,B1196,1,7077,92,122,113,21,0,3314,5665
2012,1,B1196,2,8158,91,121,110,12,0,2879,4860
2012,1,B1197,1,7049,89,119,100,11,0,2896,4978
2012,1,B1197,2,8114,89,119,98,14,0,3455,5785
2012,1,B1147,1,5062,87,117,125,19,0,3701,6290
2012,1,B1147,2,6038,86,116,110,17,0,3661,6116
2012,1,B1051,1,5007,81,111,127,17,0,2906,4888
2012,1,B1051,2,6013,82,112,97,15,0,2790,4715
2012,1,A1254,1,1044,82,112,95,17,0,3187,5392
2012,1,A1254,2,2070,82,112,107,13,0,3201,5428
2012,1,A1255,1,1020,78,108,85,16,0,3540,6078
2012,1,A1255,2,2019,78,108,87,12,0,2832,4835
2012,1,M1396,1,11039,93,123,106,17,0,,
2012,1,M1396,2,12023,93,123,106,12,0,2436,4041
2012,1,A1259,1,1055,77,107,96,15,0,3030,5179
2012,1,A1259,2,2053,76,106,98,13,0,2751,4862
