GHID,cv_1,cv_2,cv_3,cv_4,cv_5,cv_6,cv_7,cv_8,cv_9,cv_10,cv_11,cv_12,cv_13,cv_14,cv_15,cv_16,cv_17,cv_18,cv_19,cv_20,cv_21,cv_22,cv_23,cv_24,cv_25,cv_26,cv_27,cv_28,cv_29,cv_30,cv_31,cv_32,cv_33,cv_34,cv_35,cv_36,cv_37,cv_38,cv_39,cv_40,cv_41,cv_42,cv_43,cv_44,cv_45,cv_46,cv_47,cv_48,cv_49,cv_50,cv_51,cv_52,cv_53,cv_54,cv_55,cv_56,cv_57,cv_58,cv_59,cv_60,cv_61,cv_62,cv_63,cv_64,cv_65,cv_66,cv_67,cv_68,cv_69,cv_70,cv_71,cv_72,cv_73,cv_74,cv_75,cv_76,cv_77,cv_78,cv_79,cv_80,cv_81,cv_82,cv_83,cv_84,cv_85,cv_86,cv_87,cv_88,cv_89,cv_90,cv_91,cv_92,cv_93,cv_94,cv_95,cv_96,cv_97,cv_98,cv_99,cv_100
A1254,4,3,1,5,3,1,2,3,4,1,3,4,5,1,2,5,1,5,2,1,3,1,4,4,1,1,4,3,1,2,3,2,4,2,3,5,5,5,3,5,3,3,4,1,5,4,4,5,3,4,4,2,4,1,1,2,3,4,5,4,5,3,3,5,1,2,5,4,5,1,4,4,5,3,4,2,4,5,5,1,5,4,4,3,2,1,5,4,2,5,4,1,1,1,3,5,4,3,5,5
A1257,2,5,3,4,2,4,1,4,4,3,5,1,4,3,4,2,3,4,3,2,3,1,1,1,5,3,5,5,4,2,3,1,2,3,4,4,1,3,1,2,5,5,4,2,1,1,2,2,1,4,4,4,3,4,1,3,5,5,4,4,5,3,3,4,5,4,2,5,3,5,4,5,1,2,3,3,4,3,2,2,1,2,4,4,1,3,2,2,4,3,1,5,1,1,5,3,1,4,3,3
A1258,2,3,1,4,3,4,5,3,5,1,1,5,5,5,2,1,1,4,3,5,2,1,5,5,3,1,5,3,1,5,2,3,2,3,3,5,2,3,2,3,5,2,4,5,2,4,1,2,2,5,2,2,5,2,4,4,1,1,2,1,1,5,1,1,2,4,1,1,5,3,4,4,1,2,4,2,3,3,1,5,1,5,4,5,5,3,5,5,5,2,3,3,1,5,5,3,5,5,4,1
A1259,1,4,1,1,1,1,4,4,1,1,3,4,1,3,1,1,1,4,5,2,2,5,4,5,3,1,3,3,2,2,5,1,3,5,2,3,3,2,3,4,3,3,3,1,2,2,1,4,1,2,4,2,5,5,4,1,3,3,4,2,1,3,1,1,2,4,4,5,4,4,2,4,5,2,3,4,2,5,3,3,2,3,3,5,4,4,4,5,4,5,3,1,4,1,2,3,2,5,3,5
A1260,5,4,2,1,2,1,3,5,4,5,5,3,5,4,2,1,2,3,5,3,4,4,3,2,3,3,3,1,2,3,5,3,2,3,2,1,4,2,3,5,2,3,3,2,2,4,5,3,5,1,5,5,2,1,5,1,1,4,1,3,1,2,4,5,3,5,4,1,5,2,5,3,5,1,4,5,2,2,2,3,5,4,3,4,2,3,4,2,3,4,5,2,4,4,5,2,5,1,1,5
A1261,4,3,4,1,4,5,3,2,4,3,5,5,5,4,2,3,3,4,3,3,5,2,1,4,4,1,3,4,5,3,5,1,4,1,5,4,2,5,3,2,4,2,5,1,1,5,1,3,3,3,3,5,5,4,2,5,5,3,1,2,4,3,3,3,2,3,5,5,2,3,5,2,3,2,2,2,5,2,3,3,5,3,4,2,5,1,4,3,2,1,3,1,3,2,2,1,1,1,1,2
A1262,1,5,5,3,5,1,3,4,1,4,5,1,1,3,2,5,2,5,4,4,2,5,5,2,1,1,2,1,1,1,1,4,1,5,2,5,5,5,3,1,4,2,2,2,2,4,1,5,2,5,2,1,2,5,4,5,4,4,4,1,3,5,4,4,5,1,1,3,4,2,4,2,3,5,5,2,1,4,3,4,1,5,3,1,1,1,3,5,4,4,4,2,2,1,4,1,5,2,1,2
A1263,2,3,3,5,4,2,5,2,1,4,4,1,3,1,2,4,2,4,5,4,1,4,5,1,5,3,2,3,4,5,4,3,5,5,2,2,1,3,1,5,5,3,5,2,4,4,5,4,2,4,1,3,1,5,5,4,4,3,3,3,4,4,5,2,3,4,3,3,1,2,4,5,3,3,5,5,3,3,3,3,3,2,4,3,3,3,4,1,1,5,5,3,2,5,5,3,4,3,5,4
A1264,1,5,1,3,4,4,1,3,4,3,2,1,4,4,2,3,2,4,4,4,4,4,1,3,3,4,5,2,3,2,5,4,5,5,2,2,5,4,1,5,4,5,1,3,5,4,5,2,4,3,5,4,1,5,5,2,4,1,1,1,2,2,1,2,3,4,5,5,3,5,3,3,2,5,4,1,3,2,5,3,1,1,2,4,5,4,1,3,3,1,4,4,3,5,4,1,4,2,3,1
A1265,2,1,3,5,2,4,4,2,5,3,1,5,2,4,5,1,3,2,1,1,5,4,3,3,2,1,5,1,5,2,1,3,4,3,2,5,4,2,1,4,5,2,3,4,1,2,4,4,1,1,2,1,4,4,5,1,3,5,4,1,4,2,5,1,2,3,2,4,3,3,2,5,1,5,1,2,5,5,3,5,1,1,4,5,3,2,5,3,3,3,4,5,5,1,3,4,3,1,5,1
A1266,3,5,5,4,2,4,1,1,4,5,2,3,5,5,2,5,5,1,3,5,3,3,4,4,4,2,4,4,2,2,2,1,1,4,5,3,3,3,2,5,5,4,3,3,4,4,1,2,4,1,4,2,5,5,2,5,2,2,3,1,3,2,3,4,3,3,2,5,1,1,4,1,5,5,5,3,2,3,1,2,4,1,3,5,4,5,4,5,5,1,4,2,5,2,4,5,4,4,2,5
A1267,3,1,4,1,1,4,3,4,3,4,5,4,1,3,4,1,1,3,4,2,3,3,4,3,5,3,1,2,4,5,4,2,2,4,1,4,3,4,4,1,1,4,2,5,2,2,2,4,5,1,5,4,1,1,2,5,1,5,3,4,2,4,2,4,1,3,4,1,2,2,4,3,3,4,1,2,4,2,4,5,2,5,3,1,3,5,5,2,1,2,4,4,4,2,4,5,4,5,4,2
A1268,5,1,3,4,4,2,3,5,1,4,5,5,2,2,1,5,3,4,3,3,1,5,5,3,4,2,4,3,2,5,5,5,1,2,4,4,3,2,3,2,1,1,4,4,5,2,5,5,2,2,5,4,4,4,3,5,1,1,4,3,2,2,3,5,5,2,5,5,5,1,5,5,4,2,2,1,3,2,5,2,3,5,2,2,1,2,2,2,2,1,1,4,5,3,3,3,1,2,1,2
A1269,4,4,2,3,1,2,2,4,2,1,3,3,5,1,1,3,5,4,3,1,1,4,4,4,5,4,1,5,1,3,3,3,3,3,2,4,3,5,3,2,3,5,5,3,3,4,2,2,1,3,4,5,2,2,4,3,1,2,3,5,1,2,5,1,3,5,1,4,5,3,5,3,4,4,2,1,2,1,4,2,5,1,4,2,4,3,1,2,2,3,4,3,2,1,5,1,5,3,2,5
A1270,5,1,4,3,1,4,3,5,4,5,5,3,3,5,3,5,4,1,4,3,2,5,4,5,5,4,1,1,2,4,4,3,5,1,5,5,1,3,4,5,3,1,3,5,2,3,4,4,3,2,3,3,1,3,3,5,2,2,3,2,1,3,5,5,1,2,2,4,2,1,2,4,1,3,4,2,5,2,4,3,1,5,3,1,5,4,2,1,3,5,3,2,2,4,2,2,5,3,3,1
A1271,1,2,5,3,3,1,2,5,1,5,3,1,3,4,2,5,3,2,3,2,1,1,3,3,1,3,4,4,3,3,2,2,3,2,3,1,4,1,1,4,3,1,1,2,4,3,1,1,1,1,1,4,5,3,4,1,5,2,1,3,2,2,5,5,5,2,5,2,3,1,1,3,3,2,1,3,4,2,4,3,4,4,2,4,1,2,3,3,2,5,1,3,1,2,2,3,1,1,5,5
A1272,5,5,1,2,1,5,2,4,1,5,5,4,3,5,2,4,5,3,1,5,4,5,2,2,1,2,3,1,4,1,3,1,1,1,4,5,4,3,4,2,5,3,1,3,3,4,3,2,5,1,5,5,3,5,2,1,1,4,1,1,5,2,4,2,5,3,3,3,4,4,2,4,2,5,3,5,1,5,3,3,2,1,2,5,1,1,2,1,5,3,2,5,2,1,1,2,5,2,5,5
A1273,3,2,5,4,4,3,1,5,1,2,1,3,3,4,2,5,4,3,2,5,3,4,5,3,1,1,2,3,2,4,4,1,2,2,5,1,1,4,2,5,4,2,3,1,4,2,1,3,5,2,1,4,1,2,4,3,5,4,2,1,4,1,2,1,1,5,1,1,4,3,5,3,5,3,4,1,1,5,5,4,5,3,1,5,4,3,2,3,2,4,5,4,2,3,5,2,3,3,4,3
A1274,2,4,1,5,1,2,4,3,4,5,4,1,2,5,4,4,3,4,3,5,1,5,3,4,1,2,4,1,2,4,1,5,1,2,3,3,1,3,3,1,2,5,3,5,4,5,4,2,1,4,5,5,3,4,3,1,4,3,2,3,4,3,1,3,2,2,1,1,1,1,4,3,5,2,4,5,5,5,2,4,3,3,1,3,2,2,2,5,2,1,1,2,1,3,3,4,1,5,2,4
A1275,1,3,5,1,3,4,5,2,1,4,3,5,3,1,2,2,5,3,3,3,2,3,3,1,2,1,5,2,2,1,3,5,1,3,4,2,1,4,4,3,3,4,3,1,4,1,5,5,5,1,4,1,3,4,5,2,1,1,1,5,4,5,5,5,4,1,2,5,3,4,1,2,1,2,1,2,1,4,2,5,1,4,2,4,1,1,3,3,3,1,2,2,4,3,5,4,5,4,1,3
A1276,3,1,4,2,3,3,1,5,1,3,2,2,3,5,3,1,5,3,5,3,4,4,4,2,1,4,2,2,3,1,1,1,5,2,1,2,5,2,2,5,2,4,5,3,2,5,3,3,3,2,3,3,5,3,5,5,2,4,4,4,3,2,2,4,5,3,5,1,5,2,1,4,1,2,3,1,2,3,5,3,2,4,4,5,2,5,2,2,3,5,2,5,5,5,1,3,5,1,5,2
A1277,4,3,4,1,2,4,1,1,2,1,1,3,2,3,4,4,5,4,2,4,1,3,2,1,3,1,3,2,2,5,4,1,4,2,1,1,1,2,4,4,4,4,5,2,5,5,5,2,1,1,2,3,3,3,1,4,5,2,5,4,3,2,1,5,2,1,2,2,5,3,4,2,3,5,3,3,5,5,4,3,2,3,3,5,5,5,1,1,4,5,5,1,2,4,3,4,2,5,1,1
A1278,5,5,4,3,1,2,2,5,2,4,3,2,3,3,2,2,2,2,4,5,4,5,4,3,4,3,5,4,5,2,3,5,2,2,2,3,3,5,5,5,5,1,2,5,2,5,5,2,3,1,2,2,3,4,4,3,5,5,3,4,4,5,2,5,1,3,3,1,3,3,3,3,4,1,3,3,2,4,4,1,5,5,2,4,3,5,1,5,4,4,1,3,4,2,3,2,3,5,2,3
A1279,2,4,3,5,5,2,2,1,4,2,2,1,5,2,4,3,5,2,5,1,2,5,1,2,5,1,3,5,5,2,1,3,4,4,1,1,4,5,3,4,1,5,1,5,5,5,4,1,5,5,4,5,4,4,5,1,4,5,4,3,4,2,4,5,2,1,2,1,2,5,4,2,1,2,5,3,1,1,5,3,5,3,5,3,5,3,4,1,4,3,4,3,3,3,1,4,4,1,4,4
A1280,4,3,4,5,4,1,3,3,1,2,1,1,5,5,5,1,5,5,4,3,1,5,5,4,5,1,4,1,3,1,4,5,1,5,2,3,2,1,5,1,1,2,5,2,3,2,5,2,3,3,5,4,5,1,4,3,5,1,3,3,3,3,3,5,1,1,1,2,3,2,3,1,5,4,1,5,4,4,4,1,5,2,1,4,3,4,5,4,1,2,4,2,5,3,5,4,1,1,1,2
A1281,3,1,5,4,1,3,3,1,5,5,4,2,3,4,5,4,5,1,3,3,5,2,2,1,5,1,5,3,5,4,1,4,4,4,5,1,4,4,5,2,5,3,4,4,1,4,2,5,2,4,1,3,5,2,5,1,3,1,3,3,3,4,2,1,5,4,4,3,4,4,3,2,2,1,3,1,4,2,3,5,1,3,5,5,5,2,1,5,5,3,2,1,3,4,4,5,4,2,5,2
A1282,3,1,2,4,1,4,2,3,1,2,4,3,3,1,4,2,5,1,5,4,5,2,5,5,2,3,5,4,1,5,3,5,3,1,3,5,5,1,3,4,2,3,2,1,1,1,5,5,5,4,2,3,4,4,5,4,3,1,2,2,2,5,4,3,3,5,3,2,1,1,3,3,2,2,2,5,5,3,4,5,4,2,5,5,4,2,4,2,5,1,4,1,3,2,4,5,2,2,2,2
A1283,4,5,1,4,1,5,3,2,1,1,1,5,3,2,4,1,2,4,3,1,1,5,2,2,4,2,4,1,3,1,2,5,5,2,4,4,5,1,3,4,4,1,4,2,4,3,2,2,1,4,4,1,1,1,4,4,4,3,5,3,5,2,2,3,4,1,2,5,3,5,2,4,2,2,3,5,1,5,4,4,4,4,3,3,1,3,5,4,5,1,3,2,3,1,3,2,5,2,4,4
A1284,4,1,1,2,2,4,3,2,5,2,5,4,3,4,2,1,5,5,2,1,3,5,4,3,4,3,4,4,3,1,3,1,5,5,5,4,3,1,4,3,1,3,2,2,4,1,3,4,2,4,4,2,3,1,2,5,2,2,2,1,1,2,2,2,4,3,4,5,2,4,1,4,3,2,5,5,3,5,5,2,2,5,1,2,1,3,3,5,3,3,5,5,2,2,4,1,3,4,1,4
A1285,5,1,5,1,3,3,5,3,1,1,2,4,2,1,1,4,2,5,2,3,5,5,2,5,3,4,2,1,5,4,1,3,3,1,3,3,2,4,2,5,5,2,4,2,3,5,5,4,2,4,2,3,2,5,5,1,4,1,4,3,2,2,1,2,4,2,5,3,5,5,1,2,1,1,2,2,1,3,5,1,4,2,5,4,3,4,5,5,3,4,4,2,1,5,1,2,1,4,4,3
A1286,3,2,4,2,3,1,5,4,5,2,2,3,1,3,3,1,1,1,3,4,5,4,1,1,5,3,5,1,5,1,5,3,4,3,3,4,1,2,1,1,4,1,4,5,5,3,1,3,3,2,1,4,3,4,2,1,5,4,4,1,5,5,5,4,4,4,2,5,3,4,4,4,4,5,1,4,3,4,1,1,2,3,1,5,2,1,4,3,4,1,1,4,5,4,1,2,2,5,1,2
A1288,1,1,3,4,4,2,2,5,4,2,1,4,4,3,5,3,2,3,1,4,4,1,3,1,2,1,2,4,3,3,3,3,1,2,1,3,4,5,1,4,3,4,5,3,4,1,1,5,2,2,4,1,1,5,3,5,1,1,2,1,5,2,1,4,3,2,5,1,4,1,1,3,2,4,5,3,1,1,5,3,1,2,1,3,3,3,1,1,1,2,1,2,2,5,4,4,1,5,4,5
A1289,4,2,4,5,1,5,3,2,2,2,4,5,1,5,3,3,4,2,5,4,2,1,2,4,1,5,1,2,3,3,4,5,1,3,5,2,4,1,4,1,3,2,5,2,3,3,4,1,2,4,3,3,5,1,5,3,5,1,3,4,3,3,1,4,1,5,3,5,4,2,5,2,1,4,2,4,2,3,5,4,3,3,2,1,4,3,2,4,2,2,2,5,3,2,4,2,3,2,3,5
A1290,1,1,1,4,2,2,1,5,3,1,3,4,5,5,3,2,1,2,4,3,2,1,2,4,3,5,3,1,4,4,2,1,1,1,4,1,3,4,5,3,5,4,4,2,4,2,3,2,2,3,2,5,1,3,5,2,1,5,1,5,1,1,5,1,3,3,3,4,5,1,3,3,4,5,1,3,5,1,4,2,4,4,4,5,2,1,1,2,2,2,4,2,4,4,5,1,4,1,5,3
A1291,3,5,5,2,1,2,5,2,1,1,4,1,4,3,3,5,1,3,2,4,3,5,1,5,3,5,3,1,1,4,3,3,2,4,1,4,5,3,1,1,2,5,3,2,3,3,1,4,1,2,5,2,5,1,2,1,1,2,3,3,1,1,5,3,3,5,2,4,4,5,2,4,1,5,1,3,1,4,2,3,4,2,1,1,3,5,1,1,4,2,5,3,2,2,1,1,3,1,2,4
A1292,3,4,2,2,3,2,2,1,3,2,4,5,5,3,4,5,3,1,1,4,5,5,3,1,5,4,5,3,1,4,4,4,3,2,1,5,5,1,5,2,1,1,5,5,3,2,5,3,4,1,1,3,5,2,2,2,1,3,5,2,3,3,5,3,2,2,1,1,2,2,1,4,1,3,3,2,2,4,1,5,3,3,5,5,4,5,5,5,1,5,5,1,5,5,1,2,2,3,3,4
A1293,1,2,5,2,3,1,1,2,3,2,1,3,1,5,4,5,1,2,5,3,1,4,5,2,4,4,1,5,4,2,3,2,4,3,4,4,3,3,4,4,4,2,3,3,2,2,1,3,4,3,5,5,5,3,1,4,1,3,2,5,5,5,2,2,1,1,3,4,4,3,5,3,5,5,4,3,4,1,1,5,1,3,3,1,2,3,4,2,3,1,4,1,1,2,1,1,1,1,1,3
A1294,4,1,4,2,4,2,1,3,5,2,1,2,2,2,5,4,4,5,4,4,2,4,2,4,3,5,1,1,1,4,1,1,5,4,4,3,3,2,3,5,2,2,1,1,3,2,3,4,5,3,4,3,4,3,5,5,3,5,1,3,3,4,3,3,5,4,4,1,2,2,3,2,2,1,2,5,5,3,1,4,3,2,1,2,5,3,5,3,1,5,1,1,5,3,2,2,4,2,2,4
A1295,2,2,5,3,5,5,3,4,3,4,4,1,4,4,3,1,2,1,2,5,1,2,3,5,4,2,4,5,1,3,1,2,5,3,3,1,4,1,2,4,2,4,2,1,4,1,4,5,3,5,4,5,2,3,4,3,4,1,4,2,5,1,2,2,2,3,1,5,1,3,4,4,3,5,5,4,1,1,1,5,3,3,5,3,4,3,5,2,3,3,2,2,2,3,5,5,5,1,4,5
A1296,2,1,3,3,2,2,3,5,2,2,2,1,5,2,5,2,5,3,2,3,4,2,1,5,5,5,3,5,4,2,2,1,4,1,2,2,4,3,5,1,4,3,1,3,2,5,4,2,5,2,5,4,5,3,4,4,2,2,4,4,2,3,2,3,4,2,4,3,5,4,5,3,1,3,2,1,1,4,4,2,2,3,1,3,3,3,5,3,5,4,5,1,5,4,5,2,3,3,4,2
A1297,4,1,5,1,2,1,5,3,5,5,2,4,5,5,2,1,4,1,2,2,2,1,5,2,2,1,2,2,2,2,4,5,4,2,2,5,2,2,2,5,5,4,3,2,3,4,3,4,3,5,4,4,4,2,1,2,5,3,4,4,5,5,5,5,2,4,5,5,3,2,3,5,3,4,1,3,2,4,4,2,1,4,4,4,3,4,2,5,3,1,3,5,3,3,5,1,5,1,5,1
A1302,5,1,1,2,2,5,4,4,2,4,2,4,2,3,3,4,4,2,2,1,1,2,5,1,4,5,3,3,5,5,4,5,2,1,4,4,1,3,3,3,2,1,2,3,5,1,4,3,3,5,2,3,5,1,5,4,5,1,2,1,2,4,3,1,4,4,4,3,2,5,2,4,2,5,3,4,5,5,2,4,1,2,5,5,4,2,5,5,1,1,1,5,3,5,5,1,5,3,3,3
A1303,5,1,4,4,3,4,5,2,1,3,3,2,5,3,5,1,1,5,3,4,2,5,3,5,2,4,3,1,3,1,2,2,2,5,2,5,2,3,2,2,4,5,4,3,2,3,1,5,4,1,1,1,4,5,2,4,4,2,2,3,3,5,1,3,4,1,3,1,2,3,3,4,1,3,3,5,5,5,1,2,2,4,3,2,2,1,1,5,1,5,5,1,3,2,3,5,3,5,4,4
A1304,1,4,4,5,2,3,5,3,2,5,2,1,2,3,3,2,4,2,1,5,5,2,3,4,4,5,5,3,3,1,1,2,2,3,5,1,1,5,1,4,2,1,5,2,5,5,2,4,4,4,3,1,4,4,4,3,4,5,2,4,2,5,1,4,5,4,2,3,2,1,1,4,4,4,5,3,3,2,2,3,2,3,1,4,4,2,5,2,1,5,2,1,5,4,1,5,5,4,2,1
A1307,2,5,3,5,3,3,5,3,4,4,1,1,4,2,3,2,1,4,2,3,5,5,4,2,1,3,5,4,4,1,1,1,1,2,2,1,5,3,3,2,3,4,3,2,3,2,4,2,5,1,5,3,5,2,1,1,3,4,1,1,4,4,3,5,5,1,4,5,3,1,3,5,5,5,1,4,5,1,3,4,1,2,3,4,4,2,5,4,2,3,2,2,2,3,2,3,4,3,1,3
A1309,1,4,2,4,1,5,4,1,4,2,5,2,3,4,1,2,4,4,2,3,5,1,2,5,2,1,5,1,4,5,3,3,2,2,3,2,1,4,2,1,1,3,1,2,1,2,3,5,5,1,1,3,4,5,5,3,5,3,4,5,3,3,4,4,3,3,5,1,1,1,5,5,3,4,5,3,4,4,3,1,2,2,1,3,3,2,4,4,4,4,4,5,2,5,2,3,3,3,4,2
A1310,4,4,5,1,1,1,2,2,5,3,4,2,1,5,1,2,2,5,3,4,3,5,1,2,5,5,3,4,4,5,1,4,3,1,2,3,4,3,1,5,1,5,3,4,4,3,4,4,5,2,2,1,5,5,2,3,2,1,3,1,2,5,3,2,1,1,5,1,5,5,1,5,1,4,4,1,3,2,2,2,2,1,1,1,2,1,5,5,5,3,3,2,4,4,4,2,5,4,3,4
A1311,1,5,1,1,4,5,2,5,3,4,1,3,3,2,3,1,4,2,1,4,3,3,1,2,3,5,2,5,3,3,2,2,1,4,2,4,5,4,1,1,1,2,2,2,4,2,3,3,4,5,2,4,4,1,3,2,1,1,2,1,1,1,3,1,2,2,2,1,2,5,1,4,3,4,3,1,3,1,3,2,1,1,2,2,5,1,5,4,1,2,3,3,4,5,2,4,4,5,1,2
A1312,2,3,2,2,1,2,3,5,1,4,3,5,2,1,1,1,3,3,5,5,5,2,3,1,3,5,4,3,5,2,3,4,2,2,4,1,3,3,4,4,2,4,2,4,2,3,2,5,5,4,4,2,3,1,3,1,1,4,5,2,2,4,4,2,3,5,4,5,5,3,2,4,4,2,5,1,2,4,2,2,3,3,4,2,3,2,2,1,5,1,2,2,1,4,3,3,3,3,3,2
A1313,5,3,5,4,5,3,1,4,1,4,5,5,3,1,5,5,4,2,5,5,3,1,1,3,2,2,4,3,4,1,3,2,2,4,4,5,5,3,2,4,5,3,2,5,4,2,2,2,2,5,5,3,2,2,4,5,3,2,5,5,1,1,3,3,4,5,3,5,2,5,4,1,2,5,4,2,1,4,1,5,1,3,5,2,2,2,2,2,5,3,1,2,3,3,3,5,4,4,1,2
A1314,3,5,3,1,5,3,4,2,2,4,4,2,2,4,2,1,1,1,1,4,5,4,3,1,1,1,5,2,4,1,2,3,5,3,2,4,5,5,2,2,5,1,3,3,4,3,2,2,2,4,5,2,5,1,5,4,3,5,4,1,4,4,4,5,5,5,3,5,5,1,3,5,5,3,4,1,1,4,5,4,2,2,4,2,5,1,5,5,1,1,5,5,5,3,3,2,2,1,2,2
A1316,4,3,3,1,3,1,1,2,2,4,5,1,3,3,3,1,5,1,3,1,4,2,3,1,2,3,1,4,4,4,1,2,1,5,4,5,3,4,1,1,4,5,5,3,5,4,1,4,3,4,5,2,3,1,1,3,4,5,3,3,3,1,1,5,3,2,2,2,4,3,3,5,1,3,4,2,5,3,2,1,3,5,3,2,3,5,3,1,3,1,4,3,2,2,4,1,4,4,3,3
A1317,2,5,5,5,1,4,4,4,1,2,2,4,2,2,1,1,3,5,5,5,2,5,1,2,1,1,5,1,3,4,4,5,5,1,2,1,1,4,3,4,1,4,1,3,5,4,2,5,2,2,4,4,3,4,3,1,3,5,5,4,4,3,4,2,3,3,3,5,3,4,1,3,4,4,4,2,2,4,5,5,3,2,2,2,3,4,2,2,1,1,5,2,4,3,2,5,1,1,3,3
A1318,4,5,3,2,4,4,2,1,3,5,2,1,1,4,4,3,4,4,5,5,1,2,5,3,5,2,3,4,3,1,4,3,3,4,4,1,2,4,2,5,5,3,4,5,2,1,4,2,5,2,4,2,1,5,4,3,4,2,4,3,3,2,1,4,4,1,1,1,3,1,1,5,3,4,5,4,4,2,2,2,4,4,2,1,2,2,3,2,4,5,2,1,3,2,5,2,1,3,3,5
A1319,3,1,2,2,3,1,5,2,2,1,4,3,3,4,4,1,3,4,1,3,3,1,2,3,1,4,1,3,1,1,2,5,3,5,1,4,4,4,4,4,2,1,5,5,1,4,5,4,1,1,5,1,3,3,4,1,3,1,4,4,5,1,3,4,2,2,4,2,2,4,5,5,5,3,2,1,5,5,4,4,5,2,4,2,1,1,3,1,3,3,1,3,5,5,1,4,1,2,5,2
A1320,3,5,3,2,1,2,5,2,1,2,5,3,5,5,3,3,3,4,2,5,3,4,4,1,4,2,3,1,1,2,3,4,1,1,1,1,5,1,1,3,1,3,3,4,1,2,5,3,4,3,5,3,1,4,2,4,5,1,3,3,2,1,3,4,2,1,4,1,5,3,1,4,4,1,1,2,3,1,1,2,5,1,3,1,5,4,1,4,4,2,5,3,3,5,1,2,2,1,2,5
A1321,2,2,2,2,3,3,1,2,3,1,2,4,3,1,4,2,1,4,3,1,3,1,3,1,1,5,2,5,4,3,5,5,4,2,5,5,1,3,3,4,1,3,5,3,2,1,2,2,1,3,2,2,1,4,4,2,5,2,3,3,3,5,3,1,4,5,2,4,5,5,2,4,4,3,3,4,2,4,5,5,5,3,4,4,1,1,4,2,1,1,3,1,5,4,5,5,5,3,2,5
A1322,1,3,4,2,5,2,3,5,2,4,3,5,2,2,4,4,1,3,5,5,3,4,4,4,4,4,4,1,5,1,5,4,3,5,5,1,3,5,2,4,4,1,2,1,1,5,1,5,2,4,2,4,4,1,1,1,4,3,3,1,1,2,5,1,3,1,1,3,4,2,5,2,1,5,4,1,4,3,5,5,5,5,5,4,1,2,1,4,1,1,3,3,4,1,5,1,4,4,3,3
A1323,1,2,2,4,2,1,2,2,3,3,4,3,5,2,5,5,3,3,4,4,4,2,5,1,3,3,4,4,5,2,3,1,5,1,3,2,1,1,5,1,3,2,1,4,4,2,1,4,2,4,3,2,3,2,2,1,4,5,2,4,1,5,1,2,3,5,5,1,3,1,2,4,4,5,3,5,1,5,5,2,5,1,3,2,5,3,3,1,1,2,5,5,3,5,2,4,3,4,2,3
A1324,3,3,1,5,4,1,3,5,3,2,5,5,3,3,3,1,2,5,4,5,1,2,1,4,5,3,4,4,2,3,3,3,3,4,4,2,2,1,4,1,5,1,1,2,1,4,5,1,3,2,2,3,4,2,4,5,1,4,5,2,5,1,2,5,3,4,3,1,4,4,5,5,2,4,5,1,2,2,4,4,3,1,3,2,4,3,4,2,4,4,4,3,4,3,1,5,4,2,2,1
A1325,2,1,5,1,3,5,3,1,5,5,5,3,5,5,5,1,5,2,3,5,2,1,2,5,3,3,1,2,5,3,2,5,5,2,1,3,3,4,2,4,2,5,5,4,3,2,5,1,1,3,5,1,2,2,3,3,1,1,3,4,3,5,2,3,4,1,2,3,2,1,1,1,2,3,5,5,5,5,2,1,2,3,1,3,1,4,4,1,4,1,3,5,5,2,3,3,3,2,4,2
A1326,4,1,5,4,3,2,1,4,2,1,4,1,4,5,3,5,3,4,2,4,1,4,1,5,1,1,2,2,1,2,4,2,1,4,5,1,3,2,1,5,2,3,2,2,1,1,1,1,4,5,4,5,3,2,3,2,1,2,5,4,3,1,3,5,3,4,2,3,3,1,2,4,4,1,2,1,4,2,2,5,3,1,5,1,5,4,5,4,4,1,3,2,3,2,3,1,2,1,3,1
A1328,5,4,3,3,1,5,3,1,3,3,1,1,2,3,3,3,4,2,2,2,4,5,1,1,4,3,3,2,1,3,5,3,5,3,4,5,5,5,2,4,5,1,1,4,1,5,4,5,3,5,3,3,1,2,4,4,1,4,1,4,4,3,5,4,1,3,5,2,3,1,4,3,3,5,4,1,2,1,1,3,4,4,5,3,3,2,2,2,2,4,4,4,2,2,2,3,5,3,4,2
A1329,2,2,4,3,2,2,4,3,3,2,3,3,5,3,4,3,2,2,3,5,5,4,1,2,1,4,3,3,2,3,4,5,4,1,3,5,5,2,5,5,3,5,3,5,1,3,2,3,1,4,4,4,1,1,3,4,2,4,3,5,2,3,2,2,1,1,2,4,5,5,2,2,1,1,1,3,4,4,1,5,1,3,4,5,1,1,1,3,2,1,5,3,3,3,1,5,3,3,4,4
A1330,5,2,2,4,3,3,5,2,3,5,1,1,3,1,5,3,5,3,4,1,4,4,3,1,5,5,4,3,4,4,2,3,4,1,3,1,1,5,1,3,4,5,2,3,2,5,2,4,4,2,4,2,4,2,4,4,3,5,4,4,2,2,4,3,5,2,4,5,5,4,3,2,5,4,1,4,2,4,4,3,3,2,2,4,4,4,1,5,4,4,1,3,1,2,5,4,3,3,2,2
A1331,1,1,5,2,4,1,3,4,4,1,2,4,5,2,2,2,3,3,5,5,1,3,1,2,3,3,5,1,1,5,3,5,1,4,1,4,2,3,4,2,1,5,5,3,4,5,4,2,2,2,5,3,2,4,3,1,1,3,3,3,1,4,1,2,1,4,3,2,4,5,1,4,3,4,1,3,2,1,5,2,2,3,1,4,1,4,4,2,3,4,1,4,1,2,4,4,2,5,2,2
A1332,1,5,1,5,5,4,5,4,2,3,4,1,3,3,5,3,2,2,1,2,4,5,3,1,4,5,1,3,2,3,5,1,2,3,4,2,3,5,5,2,2,3,5,5,4,2,4,3,3,5,5,1,4,3,3,3,4,5,4,4,5,4,2,1,2,1,1,4,2,1,2,4,4,1,3,4,4,4,4,5,1,5,1,4,5,3,5,3,5,5,3,4,2,3,5,4,4,3,3,3
A1333,1,5,4,2,3,1,1,5,1,4,3,2,1,2,1,3,1,5,2,4,1,3,1,3,5,4,5,5,5,3,1,4,1,5,1,3,2,2,4,1,1,5,2,1,1,2,4,1,1,4,2,5,2,5,4,5,1,4,5,4,1,4,3,2,3,5,5,5,1,1,3,1,5,2,2,1,5,2,3,4,3,3,5,5,1,1,1,3,3,4,2,4,4,4,3,1,1,2,2,5
A1335,1,1,4,2,2,1,4,1,1,2,5,2,3,5,4,2,3,4,2,5,4,5,3,3,4,4,3,1,5,3,2,2,5,2,3,5,5,2,5,3,4,2,3,3,3,5,2,1,3,3,3,3,3,1,4,2,1,3,5,5,5,2,1,2,4,1,2,2,1,2,1,5,5,5,4,4,5,5,3,2,4,1,3,3,3,2,5,2,4,4,2,4,5,4,2,1,3,5,3,2
A1336,5,4,4,1,5,1,3,3,1,4,5,5,1,3,4,5,3,2,3,1,3,3,4,3,2,5,3,5,5,2,1,3,1,4,5,5,1,4,5,4,1,5,2,3,5,1,5,1,1,4,3,4,5,2,4,2,3,4,5,1,1,4,1,2,2,4,3,3,1,2,1,3,1,5,5,4,2,1,2,5,4,3,1,1,2,1,3,4,3,1,2,3,1,3,4,4,5,3,1,4
A1337,4,2,1,1,3,2,3,3,1,5,3,3,3,2,2,1,4,3,3,2,4,5,2,2,4,4,5,4,5,1,4,5,5,4,3,4,5,4,4,5,5,2,3,4,3,1,2,3,4,3,4,3,3,1,2,1,4,2,5,3,5,5,3,1,2,3,3,4,2,2,3,4,4,2,3,3,2,3,1,5,2,4,5,3,1,2,4,1,5,3,2,5,3,3,5,5,4,5,4,4
A1338,3,2,2,2,3,2,1,1,4,2,3,4,5,4,1,4,1,2,5,3,1,3,1,1,1,5,5,2,1,2,5,2,3,5,2,3,5,1,2,4,4,4,5,2,2,3,1,2,1,4,1,5,3,4,3,3,3,3,1,4,2,4,4,5,3,3,5,1,2,4,1,2,2,5,5,1,5,2,4,5,4,2,1,4,5,4,3,5,5,4,5,2,3,2,1,5,2,1,5,1
A1339,2,2,5,4,5,3,2,2,2,5,2,4,5,5,3,2,4,3,5,1,2,2,5,2,3,3,5,2,1,1,5,4,4,5,3,3,4,2,4,4,4,5,3,4,3,5,4,4,2,1,2,2,5,5,3,3,4,5,3,3,2,5,4,1,1,1,3,4,2,2,1,2,5,2,5,2,1,4,1,1,4,1,1,5,4,2,4,5,1,3,3,3,3,4,2,1,4,4,2,2
A1340,5,1,2,4,5,5,5,3,4,4,5,3,3,4,5,5,4,5,1,5,3,4,3,1,2,3,4,3,2,3,4,4,5,3,4,2,1,4,3,2,1,2,1,3,2,2,1,1,1,3,2,5,3,1,4,4,3,5,4,4,4,5,4,2,1,4,3,1,3,3,2,5,2,5,3,4,4,3,2,4,4,4,4,1,1,5,3,1,1,1,4,4,1,1,5,2,4,4,5,1
A1341,5,2,4,1,4,1,3,1,5,5,2,5,2,4,3,2,1,3,1,2,4,2,2,5,1,4,4,3,3,4,4,2,1,5,5,3,5,3,3,2,4,3,3,1,5,5,4,1,4,5,1,4,3,4,1,5,2,5,2,1,5,3,2,2,4,3,1,1,3,2,5,1,5,5,1,2,1,4,3,3,5,4,2,3,5,1,1,1,3,3,5,4,3,5,5,2,2,4,1,1
A1342,1,3,2,3,3,2,3,2,4,3,5,5,3,4,5,2,2,2,4,4,2,3,2,5,5,3,3,3,1,4,2,4,3,4,5,5,3,5,3,1,2,3,4,1,5,5,2,5,2,1,4,3,5,1,1,5,4,2,4,1,5,5,1,4,2,3,5,3,4,4,5,2,2,3,1,2,4,2,4,2,3,2,4,1,1,1,2,1,5,2,5,3,1,1,2,2,5,4,3,5
A1343,3,2,5,1,3,5,5,2,4,5,2,3,2,3,2,2,1,1,4,1,4,4,3,3,4,1,3,3,5,5,4,4,4,2,4,4,3,4,2,3,3,1,4,2,2,1,2,2,1,3,1,3,2,2,4,1,3,3,5,1,1,4,1,4,3,5,1,3,5,5,1,1,3,5,4,3,5,2,5,5,4,5,4,5,5,1,5,5,5,2,2,2,3,4,1,4,2,1,3,2
B1005,4,2,3,2,4,5,5,3,4,3,4,1,4,4,3,2,4,3,4,4,5,1,1,4,4,2,2,3,5,3,2,2,1,1,5,4,2,3,5,2,3,2,3,4,4,1,3,1,4,2,4,2,5,5,2,2,5,5,1,4,3,5,1,2,4,1,5,1,2,1,5,2,3,1,5,1,5,1,5,1,4,4,2,2,2,3,1,2,5,4,4,5,3,5,4,3,4,3,4,2
B1007,2,3,2,3,1,3,1,4,2,5,5,1,4,3,1,5,2,4,4,2,5,2,1,3,4,5,2,5,1,2,2,3,5,5,2,1,3,2,2,4,2,5,2,5,1,3,5,5,2,3,3,1,4,5,4,4,2,1,4,2,4,3,3,2,2,3,2,5,4,3,4,4,5,5,5,3,4,3,3,2,1,3,3,4,2,2,5,1,2,5,3,5,3,5,4,5,1,4,4,5
B1008,5,4,4,4,3,3,5,1,2,5,4,3,1,2,1,4,3,3,2,2,5,2,2,3,5,2,5,5,5,1,3,4,2,4,3,3,5,3,1,1,5,2,4,3,2,3,2,5,4,5,4,4,4,2,5,2,2,2,2,5,1,2,4,4,2,2,2,2,3,4,4,3,1,2,1,3,5,5,4,4,5,1,3,1,4,5,3,1,4,2,4,1,2,5,5,4,4,1,2,3
B1009,4,3,2,3,1,2,4,2,2,2,5,1,4,1,5,4,3,4,5,2,5,3,1,1,4,5,3,1,4,5,2,2,3,3,4,4,2,4,5,5,1,3,1,3,1,3,1,4,3,4,4,1,1,5,2,5,4,4,5,1,3,5,3,5,3,1,4,1,1,4,1,5,3,1,1,5,3,2,4,2,5,2,4,1,5,1,4,1,5,3,1,3,2,5,1,4,2,2,3,2
B1010,2,1,2,3,1,3,4,4,1,5,2,2,5,3,4,3,1,2,4,4,2,2,2,4,5,1,1,2,5,4,2,1,3,3,5,1,1,1,1,4,5,1,4,2,2,4,3,1,4,4,3,4,3,4,5,4,3,4,5,2,4,4,5,5,1,2,3,2,4,4,3,2,2,2,2,3,5,3,1,2,5,1,1,4,1,5,5,2,1,1,4,2,4,3,3,1,4,2,2,4
B1011,5,4,2,3,3,4,4,4,3,2,4,5,4,4,3,1,4,5,3,1,2,3,4,1,1,5,3,5,3,1,2,1,1,4,3,3,2,3,2,3,4,4,4,3,5,4,1,5,1,2,2,5,4,5,3,1,3,3,3,4,3,4,1,5,3,5,2,4,1,1,1,5,2,4,4,2,1,1,4,3,2,4,5,3,5,2,3,4,3,2,2,3,5,5,3,3,4,3,5,3
B1012,4,1,1,4,4,2,2,4,2,1,1,4,1,2,2,5,4,4,2,3,5,5,5,4,2,5,5,2,1,5,5,2,4,4,5,4,2,5,3,5,1,2,4,4,1,2,4,4,2,5,3,4,4,2,4,3,3,4,3,2,2,3,5,3,2,4,1,5,2,2,4,1,5,2,4,5,5,5,3,3,4,1,5,5,2,4,1,1,3,5,4,2,5,2,4,3,1,3,4,4
B1014,3,2,3,3,1,3,2,4,4,4,5,5,4,4,4,4,3,1,5,2,3,3,5,1,3,1,2,5,5,1,2,3,4,3,5,3,1,3,2,4,4,1,2,4,4,4,5,3,4,3,4,1,1,5,3,1,2,5,2,1,5,2,5,2,5,1,2,4,4,5,2,2,2,1,5,3,5,2,1,1,2,4,1,2,3,1,4,1,4,5,1,4,4,3,4,2,4,2,5,5
B1016,4,4,2,4,1,5,1,4,4,1,3,2,5,1,4,3,5,5,4,5,5,1,5,3,4,1,5,4,3,4,2,2,2,1,4,4,4,3,4,3,3,1,4,3,1,5,1,5,2,3,3,5,1,2,2,4,3,3,3,3,3,2,4,5,3,3,3,4,4,5,3,1,2,1,4,2,2,2,3,2,1,3,4,1,2,4,4,5,4,5,5,5,2,5,4,2,4,2,4,3
B1017,3,5,1,4,2,3,2,4,3,2,4,1,3,2,3,3,4,5,2,3,4,4,1,5,3,2,3,5,3,1,2,1,2,4,1,4,4,4,1,2,2,4,3,3,3,3,3,1,3,3,3,3,2,4,3,1,1,3,3,5,3,1,3,5,2,5,1,5,1,1,4,3,1,2,3,1,4,1,3,2,1,5,3,4,2,3,4,2,2,4,3,5,5,4,1,1,3,2,3,1
B1018,5,4,2,2,5,2,2,2,3,3,2,2,5,1,2,2,2,2,3,4,5,4,3,1,2,3,4,3,2,1,4,4,1,3,5,2,5,5,3,4,3,3,4,3,2,3,5,3,5,3,4,2,1,5,5,5,1,4,3,5,5,5,5,4,5,2,4,5,1,3,4,2,4,1,5,1,3,5,5,4,1,2,5,5,3,4,4,1,1,1,3,4,4,2,5,4,5,2,3,2
B1019,4,5,4,1,4,3,5,3,5,3,1,4,3,2,1,3,5,2,2,1,1,3,2,5,3,2,3,1,1,1,1,2,4,1,5,4,4,3,5,3,1,5,2,1,2,2,2,5,1,4,3,2,2,4,5,3,2,3,3,3,4,1,1,4,3,2,1,1,1,3,4,2,1,1,4,4,3,5,1,5,5,5,5,5,3,3,2,4,5,4,2,2,3,5,5,3,1,1,4,5
B1022,5,3,1,3,5,3,3,5,2,5,1,5,2,5,2,2,2,5,5,3,4,4,1,2,5,3,5,4,2,1,5,5,4,2,2,3,4,3,2,1,2,4,5,5,4,5,5,1,3,4,2,2,1,5,5,5,2,2,4,1,1,4,3,5,4,3,2,3,1,4,4,3,5,5,4,3,4,3,5,1,5,4,5,5,3,5,3,2,2,3,5,2,4,1,4,5,1,2,1,3
B1024,5,2,4,4,1,2,2,4,5,5,2,1,4,4,3,5,3,1,3,2,5,2,5,2,1,2,1,1,1,5,2,1,1,4,4,2,5,1,5,2,1,2,2,1,3,5,3,1,1,5,1,1,2,4,3,4,3,4,2,4,1,1,3,4,5,4,3,1,3,1,4,1,2,4,5,1,1,3,2,4,4,5,3,1,4,4,1,2,2,1,1,4,1,2,4,3,3,2,4,4
B1025,3,5,5,3,4,2,5,1,1,2,2,1,2,3,4,2,3,4,1,1,3,3,3,4,4,2,5,3,2,2,4,4,2,4,2,5,1,4,4,5,3,2,1,5,3,4,5,3,2,3,3,1,2,2,5,2,1,3,1,1,1,3,2,3,1,5,5,5,3,2,2,3,3,2,4,4,5,4,3,2,3,4,3,3,3,3,2,3,5,3,3,2,3,4,2,5,3,4,1,3
B1026,1,4,5,1,1,5,5,3,5,2,5,1,3,1,5,5,3,1,1,1,2,3,5,5,2,4,2,3,4,2,1,4,2,3,4,4,1,3,4,5,3,2,5,5,3,3,5,5,5,5,5,3,1,3,2,5,5,5,2,1,2,5,3,5,3,4,2,2,3,3,2,5,1,4,5,1,3,1,2,2,5,5,2,5,5,1,5,2,2,5,1,3,3,3,3,5,4,5,1,3
B1027,2,4,5,5,2,2,1,5,4,3,5,2,4,2,4,4,4,5,4,3,1,2,2,2,5,4,3,5,2,3,3,1,2,1,5,5,4,1,4,3,2,1,1,2,5,5,3,3,1,1,3,3,1,1,5,2,4,2,2,5,2,3,2,3,2,5,1,2,4,4,4,3,2,3,2,2,2,4,1,3,3,4,1,4,3,5,2,5,5,3,1,4,1,5,4,5,1,1,3,5
B1028,5,4,4,3,2,2,3,5,5,2,5,1,2,2,3,2,3,1,4,4,2,3,2,4,5,3,2,2,4,2,4,4,4,5,1,3,2,1,5,2,2,4,1,4,5,4,2,4,2,5,5,5,5,2,2,4,4,5,1,4,1,2,2,5,5,3,3,3,4,3,5,5,5,2,3,4,3,4,3,4,4,5,1,1,4,1,1,4,3,4,2,4,3,2,2,2,5,5,3,3
B1029,4,4,3,2,5,4,4,5,2,5,2,2,2,2,3,4,4,3,3,2,4,1,1,2,2,3,2,1,3,1,4,2,2,5,1,3,3,5,1,3,3,5,5,4,4,5,4,2,5,1,4,2,5,3,1,1,2,4,5,2,2,2,1,2,2,4,1,2,4,5,3,4,1,5,1,2,4,4,2,5,3,3,4,5,4,3,4,2,5,3,3,3,1,4,5,5,3,1,3,1
B1030,4,2,1,3,2,5,2,5,3,1,3,4,3,5,2,1,2,2,4,5,4,1,2,2,5,1,4,4,5,5,4,4,1,5,2,5,4,1,1,1,5,2,1,2,2,3,5,2,2,4,1,4,5,4,3,1,3,4,4,4,5,3,4,5,1,4,2,2,3,2,3,5,4,2,3,3,2,4,4,1,3,3,1,4,1,3,2,4,1,3,1,2,4,3,4,5,5,4,4,2
B1032,1,4,3,3,2,5,1,4,1,1,3,2,1,3,3,5,1,2,4,4,3,5,4,2,4,2,4,4,4,5,5,1,3,4,5,2,3,4,1,4,3,1,5,5,4,1,1,4,1,1,5,1,2,3,1,4,5,5,1,5,3,5,5,1,5,5,4,5,1,5,5,4,4,1,2,5,5,5,2,2,4,3,1,3,2,2,2,4,5,5,3,4,2,5,2,2,5,2,5,5
B1033,4,2,1,1,3,4,5,2,2,4,1,4,1,3,4,3,3,2,3,4,2,4,4,3,5,5,4,2,2,5,2,1,4,5,3,5,3,4,2,1,4,4,3,4,5,1,1,4,5,3,5,2,5,2,5,4,1,4,3,4,3,2,1,1,4,2,4,4,4,2,4,5,4,4,5,5,1,2,5,1,5,4,3,3,2,3,3,4,1,2,3,3,4,4,2,1,1,5,5,1
B1034,2,1,2,5,5,3,2,1,4,5,5,3,3,1,5,1,1,1,4,2,3,2,3,3,2,3,2,5,3,5,1,2,1,5,4,2,2,2,2,2,5,4,5,4,5,4,3,5,1,4,3,3,1,3,5,4,5,3,5,3,1,4,5,5,5,4,3,1,4,5,1,5,4,3,2,2,4,3,3,5,4,1,2,5,4,1,1,1,2,2,3,3,3,1,3,3,2,1,1,4
B1035,1,5,4,4,4,4,5,2,5,3,3,2,4,2,1,2,3,1,1,5,2,3,1,4,2,5,2,4,1,1,2,2,1,5,5,1,3,2,5,1,1,4,5,2,4,3,1,2,4,1,1,4,1,2,1,2,5,1,1,1,5,2,4,4,5,3,1,2,3,1,1,5,5,5,2,1,4,2,5,2,1,1,4,3,4,2,2,2,3,2,1,5,3,5,1,1,3,4,1,1
B1036,4,5,1,3,4,3,5,3,4,5,2,2,3,5,3,4,5,2,2,5,1,4,3,4,1,4,1,5,3,4,1,5,4,4,1,1,5,2,1,4,4,4,5,5,3,1,3,3,5,3,1,3,1,4,4,3,3,3,3,3,2,1,2,2,2,1,1,1,2,3,4,4,4,5,1,1,4,5,2,1,4,5,3,2,2,4,1,3,3,5,5,1,3,4,4,1,2,5,3,5
B1037,3,4,4,4,5,1,3,2,5,4,5,2,4,4,2,1,4,2,4,1,1,5,2,1,3,5,5,2,4,2,1,1,3,2,4,3,1,3,1,1,1,2,5,1,4,1,3,1,2,3,5,3,1,5,5,3,4,5,1,5,1,1,3,5,4,3,3,4,3,3,5,1,2,3,2,5,2,2,4,1,2,3,2,5,1,3,4,4,4,1,5,4,1,1,2,1,1,3,2,2
B1038,4,5,1,3,2,1,4,4,1,2,4,4,3,3,1,1,3,5,3,3,1,5,4,2,3,4,3,3,4,1,5,4,5,3,4,1,2,3,4,5,1,4,1,5,3,5,1,3,5,4,4,1,2,2,5,4,4,5,5,2,1,1,5,3,3,3,5,5,1,1,2,3,4,3,3,2,4,3,4,4,4,4,1,1,3,1,4,4,5,1,1,4,5,4,4,2,4,5,3,4
B1039,5,2,2,4,5,3,4,1,3,4,3,5,3,1,5,1,3,2,2,1,4,3,5,3,3,4,1,3,4,3,3,5,1,4,3,2,5,2,3,5,3,5,3,2,5,4,1,1,3,5,1,3,1,2,1,2,4,4,3,5,3,4,5,2,2,1,2,1,4,4,3,1,2,4,5,5,2,3,2,4,4,2,2,2,5,4,2,4,3,1,3,4,4,1,5,5,4,5,1,1
B1040,5,1,4,1,1,2,1,1,3,2,1,5,4,3,1,1,1,4,1,5,2,5,4,5,1,2,3,5,1,3,2,1,2,5,2,5,2,3,3,1,1,5,1,4,2,5,3,4,5,5,2,2,3,3,4,1,5,2,2,5,1,1,3,5,1,3,3,2,5,5,1,2,4,3,2,3,4,4,5,1,5,1,3,4,1,5,3,3,1,3,3,3,5,4,2,4,4,5,5,1
B1041,2,1,3,3,3,4,2,2,3,3,5,2,3,1,2,2,1,1,1,1,3,3,1,2,5,2,2,5,1,5,2,4,4,1,5,2,2,1,2,1,5,4,5,5,4,2,5,5,4,3,4,2,1,2,4,3,5,3,2,4,1,5,4,4,4,5,1,5,4,3,1,1,5,3,4,5,3,5,1,1,5,2,4,2,3,3,2,5,1,3,1,2,4,1,5,4,5,1,5,3
B1042,4,4,5,4,1,1,2,2,5,1,2,2,4,2,5,2,2,2,1,4,2,2,5,4,3,2,2,3,1,3,2,5,4,2,3,5,4,5,4,2,2,3,4,3,3,3,1,2,4,1,2,1,2,3,3,1,3,3,2,3,5,3,1,2,2,1,1,3,4,5,2,3,5,3,3,4,5,2,3,5,1,4,2,2,3,3,3,2,1,3,3,3,5,4,4,4,2,1,4,5
B1043,4,3,2,4,4,3,2,5,5,5,4,4,4,4,3,3,1,2,4,3,3,4,4,4,1,5,1,1,5,4,5,3,3,4,5,3,2,5,2,1,4,2,2,3,4,2,4,4,1,1,5,5,2,3,3,5,3,2,2,5,3,4,2,3,5,4,4,4,1,1,5,4,5,1,5,4,3,4,4,4,4,4,2,1,3,4,4,4,3,3,3,1,4,5,1,4,2,5,1,3
B1044,3,2,3,5,5,5,3,1,4,4,5,4,1,1,4,4,1,1,2,5,2,5,2,3,1,2,5,2,5,3,5,5,5,1,2,3,3,3,1,5,3,5,3,3,4,5,3,3,5,2,1,2,4,3,3,2,2,1,5,4,2,5,4,3,1,3,3,5,1,3,3,4,3,1,2,5,2,1,5,5,5,1,3,3,4,5,5,5,4,3,2,3,1,3,4,2,5,5,5,4
B1045,1,1,4,3,5,4,4,2,1,5,1,4,5,1,2,2,5,5,1,4,1,5,1,3,3,2,2,5,2,1,4,1,4,2,5,4,4,5,5,3,5,5,5,2,4,2,2,4,5,1,2,3,4,3,3,2,1,4,5,4,4,1,1,3,1,5,3,4,4,5,5,4,2,2,5,1,5,1,3,2,4,5,2,3,4,1,3,4,3,1,4,2,3,1,3,5,3,1,1,2
B1047,2,3,3,5,4,5,4,3,2,5,4,3,1,3,4,5,1,3,2,5,4,3,2,4,2,3,3,3,3,3,5,5,3,4,4,4,4,2,5,3,5,3,1,5,1,4,1,3,1,4,1,5,2,3,1,3,1,5,4,5,1,4,2,3,1,5,3,3,1,2,5,3,1,3,3,5,4,2,3,2,2,3,2,5,1,3,4,2,3,3,4,1,4,5,4,5,4,5,2,1
B1051,2,4,2,1,3,3,1,1,2,2,5,5,3,5,1,5,1,1,4,2,3,4,4,1,1,1,1,5,4,4,4,5,2,4,5,4,2,2,3,2,4,2,1,2,1,2,5,2,1,3,3,4,4,1,4,5,3,3,1,2,3,2,4,1,4,5,3,5,3,2,3,2,2,5,5,4,5,1,4,2,1,1,5,1,5,3,2,4,5,1,1,5,1,2,2,1,5,5,1,1
B1053,3,4,5,2,2,2,2,2,3,4,3,4,1,5,1,4,3,1,3,3,4,4,4,4,5,1,4,1,2,1,1,4,2,3,1,2,3,5,4,2,3,1,3,2,1,2,4,3,3,3,5,4,3,1,1,2,2,1,2,3,4,1,4,3,5,3,2,4,2,1,4,4,4,1,2,4,2,2,5,4,1,4,3,3,1,2,2,4,4,2,5,2,2,1,5,2,5,1,2,4
B1055,1,4,2,3,5,3,4,5,3,3,2,3,3,3,4,2,3,3,3,5,4,2,4,5,1,2,4,2,4,4,4,1,1,4,1,5,1,2,2,3,4,3,1,3,4,1,1,4,5,3,4,3,1,4,1,3,2,4,4,2,2,3,4,1,4,2,3,5,3,5,3,4,5,2,2,4,4,1,3,1,4,2,1,5,1,5,2,5,3,3,3,4,3,5,3,4,4,1,3,5
B1057,3,3,2,1,5,5,3,2,3,5,5,5,4,2,1,3,1,5,2,3,2,3,4,5,1,5,3,2,4,2,2,1,5,5,1,5,2,4,3,2,2,1,2,3,3,4,1,2,2,1,1,5,5,3,5,3,2,3,1,5,1,4,5,4,5,1,5,3,5,1,4,1,4,3,1,5,5,4,2,5,4,5,3,4,4,1,3,1,2,4,4,1,1,1,2,3,4,3,4,2
B1058,2,5,2,4,3,5,4,4,2,3,4,3,4,5,5,2,4,3,4,5,4,5,4,2,4,2,2,2,2,1,2,4,1,4,2,3,2,4,1,2,2,2,1,1,5,1,1,1,4,1,1,1,2,1,3,4,1,1,1,4,3,1,4,4,1,4,1,1,1,1,3,3,1,1,4,4,4,1,5,2,1,4,1,5,2,3,3,1,4,5,4,4,5,5,2,1,3,3,4,4
B1060,2,4,1,5,2,5,1,2,2,3,2,2,3,4,3,3,3,5,2,2,3,2,5,4,4,4,3,1,3,5,3,3,2,1,1,5,3,2,4,5,2,4,5,5,1,1,1,4,4,5,3,5,3,1,5,4,3,2,4,5,4,5,5,3,1,5,3,5,3,4,1,3,1,1,4,5,3,4,5,4,3,1,3,2,1,1,1,1,2,1,4,5,1,5,2,2,3,1,3,3
B1061,2,5,1,3,5,3,1,5,3,1,2,4,4,1,1,1,1,4,2,2,1,4,1,4,3,4,5,3,3,4,3,4,1,5,4,5,5,2,1,5,2,2,2,5,1,5,3,4,5,2,5,2,1,4,2,2,5,2,3,1,2,3,2,2,3,5,4,3,4,4,3,5,3,1,5,4,1,4,4,2,1,5,3,1,5,5,3,3,4,2,1,4,2,1,5,3,5,2,5,2
B1062,3,2,5,3,3,3,5,3,2,1,3,1,1,3,5,4,4,3,1,1,5,5,1,5,2,3,1,2,2,2,3,1,3,1,4,2,1,2,4,3,1,2,5,2,2,1,5,5,1,4,2,5,1,1,5,5,1,2,3,1,4,4,3,3,2,3,4,2,5,5,2,1,1,2,4,3,5,1,1,1,3,1,3,2,4,3,5,1,3,2,5,1,1,4,2,3,3,4,2,5
B1064,3,1,5,2,4,2,4,2,5,5,5,5,2,3,4,3,2,2,2,2,2,2,1,1,2,1,5,2,1,1,1,5,1,3,2,2,3,2,1,4,5,2,4,5,3,4,4,2,2,3,5,2,3,1,5,2,1,3,3,3,5,1,4,3,3,5,2,3,2,4,2,4,4,5,3,5,3,5,4,3,1,5,1,4,5,2,1,5,1,5,1,5,5,3,3,4,2,1,1,1
B1065,2,2,5,5,1,4,4,2,2,4,2,4,4,3,3,3,4,2,4,3,1,2,4,2,2,3,4,1,4,4,5,1,2,3,5,4,2,5,3,3,3,5,1,5,1,4,1,3,2,4,3,1,3,3,1,4,2,2,5,2,3,3,5,4,2,4,2,2,1,4,5,4,3,3,4,5,3,4,1,5,3,1,5,4,2,3,4,1,1,2,2,1,3,2,5,3,3,5,1,2
B1066,2,3,4,3,2,4,1,4,4,3,1,3,2,1,3,2,1,3,3,4,4,3,1,2,1,1,2,1,2,3,2,1,3,2,1,1,4,3,2,2,5,4,1,4,4,2,2,5,2,4,4,4,2,1,5,3,2,3,5,4,4,3,5,1,2,2,1,5,4,1,2,1,3,4,1,2,1,3,1,4,3,5,5,1,4,1,1,3,4,2,2,4,3,4,5,5,2,5,4,3
B1067,1,1,3,4,5,4,2,5,5,2,2,1,1,3,4,5,4,1,1,1,1,2,5,5,5,3,1,1,5,5,1,4,3,4,4,5,3,5,3,3,3,3,5,2,5,3,2,4,3,5,4,1,1,5,4,5,2,5,2,3,5,2,3,1,2,2,5,1,2,3,1,5,1,1,1,3,1,3,1,3,4,3,4,2,5,5,2,3,2,1,1,4,1,2,3,5,1,5,5,3
B1068,4,2,3,3,4,1,1,3,5,2,1,4,3,4,4,3,5,2,3,4,1,5,1,3,3,5,2,3,1,3,5,3,1,4,2,5,2,1,1,5,5,3,4,1,2,3,2,5,5,5,5,5,3,3,1,4,2,5,3,5,3,4,4,5,1,3,5,2,2,4,5,4,5,5,4,3,5,5,4,4,4,5,4,4,3,5,2,4,2,5,2,3,2,5,5,5,4,2,4,4
B1069,4,2,4,2,5,5,1,2,5,2,5,4,4,3,3,5,4,3,1,5,3,4,3,4,2,2,1,5,3,5,5,3,1,5,2,3,1,5,2,5,4,5,2,1,1,4,2,1,4,2,4,2,3,5,1,1,3,1,4,3,3,1,3,3,5,2,4,4,1,5,3,5,3,4,2,3,1,3,4,4,5,1,4,4,5,3,4,3,4,5,1,5,4,2,1,1,3,4,4,1
B1070,3,2,5,5,5,4,2,4,5,1,1,1,2,5,5,3,1,1,1,1,1,1,3,3,1,5,4,3,3,1,2,2,2,3,2,4,5,5,3,4,5,5,4,1,5,3,4,4,3,3,2,4,2,5,2,3,5,1,4,5,1,1,1,4,1,1,3,3,1,1,1,4,5,5,3,3,3,2,3,3,1,4,1,2,3,4,2,2,1,4,5,3,1,2,2,3,3,3,3,1
B1071,3,1,2,2,1,4,2,3,3,5,5,4,5,1,2,3,3,1,1,5,2,3,3,1,3,3,3,5,4,5,2,2,4,3,2,4,2,2,4,2,2,2,4,5,2,5,1,1,1,1,2,2,3,3,4,2,5,2,3,2,3,4,5,5,2,5,2,2,4,2,1,5,4,5,3,1,1,4,5,2,5,4,5,4,4,4,4,5,2,2,5,1,4,3,1,5,2,4,5,4
B1072,1,1,2,4,2,1,5,5,3,3,5,5,2,2,5,1,3,2,3,1,5,3,3,3,3,4,3,4,4,3,5,2,1,3,3,4,3,4,3,3,4,2,3,1,2,1,5,5,2,5,5,5,4,5,2,3,4,1,3,5,4,3,4,2,4,5,1,1,3,3,3,3,1,2,4,2,4,4,5,5,4,5,2,1,1,5,5,3,5,4,1,2,4,3,2,1,4,2,3,1
B1073,5,3,1,3,4,3,5,1,1,5,4,3,4,3,4,3,4,4,1,3,1,5,5,1,3,4,4,3,3,5,5,2,3,2,3,1,3,4,5,2,3,5,1,3,1,3,2,5,2,2,1,5,4,4,2,5,3,4,3,5,4,4,1,5,5,5,1,3,4,4,3,2,4,1,5,5,3,1,2,5,4,4,4,1,5,4,1,5,2,4,5,2,2,5,2,2,5,3,3,4
B1074,2,1,1,4,1,4,2,5,2,2,5,4,3,1,4,5,5,4,5,4,4,3,4,5,5,3,1,5,5,1,5,2,1,2,5,5,3,1,3,2,2,4,4,1,5,1,5,2,2,4,3,3,2,1,5,5,3,2,1,1,2,4,3,5,1,3,1,1,2,4,5,3,3,5,1,1,4,1,3,3,5,1,2,4,3,3,2,4,2,5,4,1,2,3,4,4,3,3,4,4
B1075,4,1,1,5,5,2,2,3,5,4,3,5,4,3,2,2,2,5,2,5,5,1,3,3,2,4,4,2,4,2,1,2,3,3,2,2,4,4,5,5,5,3,1,4,5,3,4,4,4,2,2,1,4,2,1,5,1,1,1,1,3,1,2,2,4,5,5,2,1,2,1,4,2,3,2,5,2,4,3,3,5,4,5,2,2,2,5,2,3,4,2,3,2,3,4,5,2,2,2,1
B1076,2,2,2,1,3,2,3,5,3,2,2,2,2,3,1,5,2,4,2,2,2,1,3,4,1,4,5,5,1,2,3,3,2,4,1,5,4,4,2,5,4,2,2,4,4,4,5,5,1,4,3,2,3,5,2,3,4,3,1,5,4,2,1,1,3,5,4,3,4,5,4,4,1,2,3,3,2,4,4,3,2,4,2,2,5,3,2,2,1,2,4,5,3,3,3,1,2,2,5,1
B1078,4,3,4,1,3,5,5,5,5,1,4,2,3,3,1,4,2,4,1,4,2,2,4,2,1,5,2,4,1,2,4,4,2,2,1,3,3,2,1,3,4,3,5,3,4,2,4,1,5,5,2,4,2,3,1,2,2,2,1,1,3,2,2,1,4,1,1,3,1,4,4,5,4,2,1,4,3,1,5,5,1,2,5,1,3,4,4,1,3,5,1,1,3,5,2,3,3,3,5,2
B1080,1,3,5,1,3,5,2,4,2,1,4,3,3,3,2,5,5,1,4,5,5,5,4,5,2,4,4,1,4,1,2,2,3,1,3,2,1,3,1,2,1,5,1,4,1,4,4,1,3,3,1,5,5,3,2,4,1,3,5,5,1,2,3,4,3,4,5,2,4,4,3,3,5,3,3,1,5,3,2,2,5,4,5,1,4,2,4,2,4,5,4,3,5,4,4,4,1,2,2,1
B1082,5,3,2,4,2,4,5,5,1,3,1,1,1,5,4,5,1,1,1,5,5,1,5,2,2,4,2,2,2,3,3,3,4,3,4,5,4,5,5,2,1,2,4,5,1,4,4,5,1,2,4,4,1,2,2,1,2,2,3,2,4,4,1,3,5,3,1,2,1,2,5,3,1,5,1,2,1,1,1,1,3,2,4,2,4,1,4,1,4,2,5,2,4,1,1,1,3,1,5,2
B1083,2,4,5,1,3,3,1,3,5,5,4,2,3,4,3,1,2,2,4,4,5,3,4,2,5,1,5,4,3,3,5,5,5,4,1,3,4,1,4,1,4,4,3,2,2,1,5,1,5,3,3,5,2,5,4,3,1,5,1,3,2,3,5,4,2,4,2,2,2,3,3,4,1,1,4,4,5,4,3,1,4,1,4,1,5,2,1,2,2,4,4,5,5,4,3,3,2,1,5,3
B1084,2,4,1,3,3,3,3,5,4,2,1,2,1,1,2,3,3,5,3,2,1,3,4,2,5,2,2,5,3,3,2,2,2,1,2,4,1,1,2,2,1,2,5,1,5,4,5,1,5,1,3,1,5,3,3,5,5,3,2,3,5,5,1,5,5,4,1,5,3,5,1,1,3,5,1,2,5,3,2,1,1,5,4,4,1,5,1,5,5,3,2,4,3,4,4,3,5,4,5,3
B1085,2,3,4,5,5,4,4,3,5,2,1,1,4,4,2,5,4,3,1,3,3,3,4,1,5,3,4,1,2,2,4,4,5,2,5,5,1,4,3,3,5,2,3,2,2,2,3,2,3,1,2,4,3,4,5,5,3,1,1,4,4,1,1,5,1,2,4,5,4,4,3,2,5,3,2,1,5,5,4,5,5,3,1,1,3,2,4,3,2,2,3,2,3,3,3,1,3,5,4,4
B1086,2,3,4,3,5,2,2,1,4,3,2,5,5,5,4,4,2,4,3,4,1,1,4,5,2,4,4,2,2,2,3,3,3,1,3,5,4,1,3,4,2,1,4,5,3,2,4,1,4,2,2,5,5,4,3,1,1,5,4,2,1,3,3,1,3,5,3,5,3,5,1,4,2,5,3,5,5,1,4,5,1,5,3,3,2,5,3,4,3,3,3,5,3,5,2,1,1,4,5,4
B1088,3,4,2,5,5,5,1,5,3,3,2,1,3,1,3,1,2,1,2,1,2,3,1,5,4,2,5,3,1,5,2,1,2,1,1,5,3,5,1,4,2,2,4,5,5,5,1,2,1,3,3,3,1,3,4,2,3,2,5,1,3,1,2,1,5,1,4,1,1,1,5,3,5,2,4,4,4,5,4,4,1,1,1,2,4,5,1,3,5,2,3,5,1,1,3,4,4,3,1,4
B1091,1,3,5,5,4,3,4,3,4,2,2,3,3,5,3,2,3,5,5,1,5,1,3,2,3,1,2,5,1,2,2,5,3,4,2,4,1,2,1,4,1,3,4,2,2,3,1,4,3,2,3,1,2,3,2,4,4,1,1,1,5,4,4,5,2,3,5,3,5,2,4,5,5,4,5,4,2,1,2,2,2,2,2,2,2,4,1,1,1,2,1,4,1,3,5,1,2,5,5,4
B1093,4,5,1,1,4,3,2,1,4,1,4,4,5,2,4,4,2,1,3,5,2,3,3,1,5,5,5,3,1,1,1,4,5,3,5,4,3,2,4,3,3,5,4,2,1,2,2,1,5,3,3,1,1,3,5,2,2,4,1,3,5,4,4,1,3,1,2,2,1,4,4,2,3,3,2,1,5,5,5,1,3,1,5,3,1,2,4,4,4,5,5,5,4,2,4,1,3,1,1,1
B1094,3,3,5,5,5,5,2,5,5,1,2,4,5,4,5,4,3,3,5,4,2,1,5,3,2,4,1,2,3,2,1,5,1,3,1,5,5,5,1,4,2,2,4,2,2,4,4,4,1,2,1,1,4,5,2,4,4,5,5,5,1,1,1,2,2,5,1,1,3,4,3,2,2,1,3,5,2,5,5,1,1,2,2,4,5,4,5,4,5,4,2,4,5,3,2,4,3,3,1,5
B1102,3,5,3,5,5,3,4,5,4,2,2,2,4,5,4,5,3,2,4,3,5,4,3,5,3,1,1,2,3,4,4,3,3,1,1,4,4,2,5,4,2,5,2,4,5,3,4,5,1,2,3,4,1,2,1,3,1,5,4,5,4,4,4,5,3,5,3,3,5,4,3,5,2,3,3,5,2,1,3,3,4,3,1,5,1,1,3,1,2,5,3,2,4,5,3,5,1,2,2,3
B1103,3,2,2,2,5,3,5,3,5,4,3,3,5,2,1,4,1,3,4,3,4,3,5,5,4,2,1,3,4,4,1,3,4,5,1,1,1,3,2,3,2,2,5,4,2,2,1,5,2,4,1,2,2,4,3,4,2,3,5,2,5,5,4,1,5,4,2,5,1,3,4,2,3,4,1,1,5,4,4,5,2,3,5,1,5,2,4,4,4,4,1,5,5,3,1,2,1,4,2,5
B1104,3,3,4,5,3,5,1,1,2,1,4,4,4,2,4,1,5,5,5,4,3,2,1,1,1,3,2,4,3,4,2,4,5,1,4,5,5,3,5,3,3,3,2,5,5,3,2,5,1,3,3,5,2,2,5,4,4,1,1,5,3,5,4,5,5,4,3,1,2,3,1,2,1,3,4,5,4,5,2,3,1,3,3,1,4,1,2,4,2,1,2,5,2,1,3,1,2,4,1,3
B1105,2,3,3,4,4,1,1,2,3,4,4,1,1,5,3,3,5,1,2,1,2,5,4,5,5,2,2,2,5,2,2,2,3,5,4,4,3,3,2,1,4,5,1,1,1,1,4,4,1,1,1,3,3,5,2,5,5,3,5,1,2,4,1,1,4,4,4,5,3,3,1,2,3,4,1,3,1,4,4,3,3,1,3,4,5,5,2,5,5,4,3,3,4,2,5,4,5,2,3,5
B1106,3,5,2,4,3,5,1,4,4,3,2,4,1,1,4,5,5,3,2,5,4,3,5,4,4,3,1,5,3,4,5,3,4,4,3,4,4,1,4,4,1,3,2,1,4,4,3,3,2,3,1,3,4,1,1,1,2,2,1,3,5,4,2,4,3,2,3,3,4,3,1,3,4,5,1,4,1,2,3,2,3,3,2,1,1,4,1,2,3,2,4,1,2,4,4,2,3,4,2,5
B1107,5,1,2,2,3,5,1,1,4,2,1,5,5,5,1,3,2,4,2,2,4,5,3,1,3,3,1,2,5,2,4,3,2,5,4,5,1,4,2,5,3,3,4,3,4,1,1,3,2,1,4,5,1,5,3,2,4,1,5,2,4,4,2,3,5,1,1,2,3,4,1,2,3,4,5,1,4,2,1,1,2,4,4,4,1,1,2,1,1,4,2,1,3,1,3,5,5,2,3,5
B1110,5,2,4,1,5,4,3,1,5,3,1,2,2,1,5,1,1,3,1,2,5,5,4,2,4,3,4,2,3,1,3,5,2,1,1,2,1,2,2,4,2,1,4,2,5,3,3,3,4,5,1,5,4,1,3,4,2,4,4,1,1,4,5,5,3,2,1,3,5,5,5,4,1,2,1,1,4,3,2,4,4,3,5,4,3,1,4,3,4,3,2,3,5,5,5,2,4,5,4,5
B1111,4,2,4,5,1,3,4,5,3,2,2,1,5,3,5,4,5,3,5,4,5,4,4,1,2,2,1,4,2,5,2,2,3,5,5,1,4,4,3,4,5,1,4,3,4,2,3,4,2,3,5,5,2,4,5,1,4,3,3,4,2,5,4,1,2,2,5,2,3,4,3,5,4,2,3,5,1,3,2,2,4,2,3,3,1,2,1,5,3,3,1,2,2,2,3,3,1,4,5,5
B1112,3,4,3,5,2,4,2,4,1,3,4,5,4,2,3,4,5,4,2,3,3,2,3,5,4,4,1,4,2,5,4,5,5,3,1,1,3,4,2,4,1,1,1,5,2,3,3,5,2,5,1,3,4,2,3,3,2,2,4,2,1,3,5,1,2,1,5,4,4,3,4,1,3,4,2,1,3,2,5,5,5,2,5,1,3,1,1,3,1,4,2,1,5,3,4,5,2,5,2,4
B1113,5,3,2,3,4,1,5,1,4,3,5,2,4,1,3,4,3,3,1,1,1,3,1,3,5,3,5,1,5,2,3,5,2,4,5,2,1,3,5,2,4,2,1,5,5,4,5,3,1,1,3,4,4,2,2,2,4,2,3,1,4,4,1,4,4,5,5,3,3,4,5,1,4,3,2,1,3,1,4,2,3,5,2,2,3,1,2,5,2,2,1,4,1,5,4,4,5,1,4,4
B1114,3,5,1,1,5,5,2,5,2,1,1,5,2,4,2,1,4,3,1,2,5,5,5,5,5,2,5,5,2,2,3,1,5,3,4,2,5,5,2,1,4,3,4,2,1,4,2,5,4,5,3,3,1,3,1,1,4,2,1,3,2,1,3,3,2,2,4,1,1,3,1,1,2,1,4,5,4,3,2,5,1,4,1,2,1,5,4,5,3,4,4,3,1,3,3,3,3,2,1,3
B1116,3,3,5,2,1,2,5,4,1,3,3,3,4,3,2,5,3,5,3,5,3,2,3,3,3,5,4,5,2,2,2,3,2,3,2,5,5,3,4,5,2,2,1,2,5,1,3,1,3,3,5,1,2,3,1,3,1,2,2,5,3,2,3,2,4,1,4,3,4,1,5,5,5,2,2,2,4,4,4,4,5,1,1,1,2,5,1,2,1,1,5,1,5,2,1,5,5,4,5,3
B1117,2,4,3,1,2,5,5,5,5,4,5,1,3,4,2,2,2,3,2,3,2,5,3,3,1,2,5,4,4,4,4,1,4,2,3,1,3,2,4,2,2,1,2,2,1,3,2,3,2,5,5,5,1,3,2,2,2,1,5,1,2,2,1,4,5,3,1,4,2,3,4,1,3,5,2,2,1,1,3,4,2,4,1,5,4,2,2,5,4,2,2,3,5,2,2,3,4,1,3,3
B1118,1,5,4,5,3,1,3,2,3,1,2,4,1,2,3,4,4,1,2,1,1,2,3,4,5,4,1,5,1,5,2,1,2,5,5,2,5,2,1,5,3,5,1,4,3,1,4,5,4,2,5,5,4,5,3,2,4,3,5,4,5,5,5,1,2,5,3,1,5,5,5,5,2,2,3,3,3,3,3,4,5,2,3,5,2,2,2,5,2,4,2,3,4,2,3,5,3,5,5,1
B1119,1,2,4,1,4,2,2,1,4,4,4,3,1,1,5,2,5,4,2,2,4,1,4,1,2,3,4,3,4,3,5,2,3,3,3,3,5,3,3,2,2,3,4,2,4,4,3,3,4,1,1,5,3,1,4,3,5,5,1,5,1,3,5,2,2,2,3,4,3,2,2,1,2,4,1,3,3,3,2,3,5,2,3,1,1,1,1,5,1,5,5,1,3,5,5,2,2,1,2,5
B1120,3,3,1,5,4,2,4,3,2,2,5,4,5,1,2,4,2,5,4,2,3,5,4,4,5,4,5,1,3,4,3,1,2,4,3,3,5,4,3,3,5,4,3,1,4,2,5,4,2,2,4,5,2,2,3,2,4,1,1,5,2,2,5,3,5,4,3,3,2,3,2,2,5,3,4,2,3,1,4,1,1,4,2,3,4,4,1,3,1,2,2,4,5,2,3,3,4,3,3,4
B1121,3,1,4,3,2,1,1,4,1,5,4,3,4,1,4,3,3,3,1,1,5,1,4,4,2,2,2,2,5,5,3,4,5,3,2,5,3,1,4,1,3,4,1,2,4,4,2,5,5,3,3,1,3,1,5,4,2,3,5,2,3,2,2,2,4,4,1,3,5,2,2,4,5,2,3,2,1,3,2,1,3,5,2,2,3,4,3,4,2,5,3,5,2,5,2,3,4,1,1,4
B1122,2,3,2,3,5,4,1,1,1,2,4,4,4,5,1,3,4,2,1,4,1,3,2,5,1,3,2,1,2,4,2,1,1,1,3,1,2,3,3,5,5,3,3,1,4,3,5,3,5,2,5,2,2,5,2,4,1,1,5,3,2,3,1,2,5,3,3,1,2,5,4,3,4,4,1,1,2,3,4,3,5,3,5,4,2,2,3,2,5,5,5,5,2,1,1,5,1,4,4,3
B1124,2,3,2,3,5,1,4,4,4,4,5,5,5,1,1,3,3,2,3,2,4,1,2,2,5,1,4,5,2,5,4,4,3,5,2,1,5,1,3,1,4,5,2,2,5,2,1,3,2,2,2,5,4,1,2,2,1,4,2,3,4,5,2,5,1,1,1,5,5,3,2,5,3,5,5,5,3,3,1,1,1,3,2,1,5,5,4,1,4,3,3,2,5,4,4,4,2,5,4,5
B1125,1,5,2,1,2,3,4,3,4,4,4,1,1,2,2,2,4,3,3,3,4,4,3,1,1,5,3,3,5,2,3,4,3,2,5,2,1,2,5,5,4,1,2,1,3,4,2,1,4,2,2,1,1,2,4,2,2,2,4,5,4,1,3,1,1,5,2,4,2,4,4,4,2,1,3,3,5,3,4,4,2,1,2,4,3,5,1,3,4,1,1,4,4,3,1,2,1,4,4,5
B1126,2,5,3,2,4,3,4,4,2,4,2,4,2,3,4,1,5,5,1,5,3,1,1,4,4,2,1,4,5,3,5,1,3,1,3,5,3,4,4,2,2,5,4,1,2,5,2,5,1,1,1,5,2,3,1,1,5,2,1,2,1,3,3,2,4,2,2,4,4,1,5,1,2,1,2,5,3,1,1,2,3,5,1,5,3,5,3,3,3,5,2,2,5,4,2,2,1,3,5,2
B1128,2,4,4,1,2,4,3,3,5,5,3,2,5,4,1,3,3,5,4,1,4,1,1,5,3,5,2,2,5,5,2,1,2,4,2,2,1,2,2,1,4,1,3,5,5,1,4,4,2,1,2,2,4,4,3,4,4,3,1,5,4,4,2,4,4,3,4,5,1,1,5,3,3,2,2,3,2,4,1,5,4,1,4,1,5,2,3,1,1,1,1,5,4,4,5,3,3,2,1,4
B1129,1,4,3,5,5,2,5,3,1,3,5,3,5,1,1,5,5,4,5,4,4,1,4,3,4,2,1,2,2,4,2,4,5,1,5,5,3,2,5,4,3,4,2,4,1,3,1,3,4,1,3,1,3,2,4,5,4,1,2,3,1,1,4,2,5,3,3,2,3,3,1,2,2,3,3,5,4,1,5,5,1,5,1,3,3,2,3,5,5,4,3,5,2,5,1,5,1,3,5,2
B1130,2,4,1,3,4,3,4,2,3,4,1,4,5,2,3,2,2,3,4,5,2,1,3,2,5,5,4,5,3,3,3,4,5,3,3,3,2,5,2,3,4,3,1,1,5,1,1,5,5,3,5,2,1,5,3,1,2,4,3,1,1,4,2,3,1,5,4,1,2,4,3,5,3,1,5,3,2,5,3,4,2,2,4,5,2,5,4,1,4,2,4,4,5,1,3,1,2,5,4,4
B1131,4,4,1,4,4,3,1,5,4,1,1,4,1,2,5,5,5,4,3,4,1,3,5,5,4,2,4,2,5,2,5,1,4,4,3,1,1,5,5,5,1,4,1,4,2,4,1,3,2,4,3,4,2,5,1,3,4,3,5,4,1,1,1,5,3,5,4,4,5,2,5,1,4,1,4,4,2,2,3,1,2,1,4,5,2,3,5,2,5,3,2,5,3,5,2,5,1,2,5,1
B1133,2,5,3,4,1,5,1,4,4,2,4,3,2,5,4,1,2,4,1,1,1,4,2,3,3,4,2,3,4,4,3,2,4,5,5,5,4,3,4,4,2,1,2,5,2,2,5,2,1,2,3,2,2,2,4,5,1,1,2,4,5,4,4,4,3,1,2,4,4,2,5,4,1,2,3,3,5,5,3,3,2,1,5,5,1,3,4,1,2,1,4,2,2,1,2,4,4,2,4,5
B1135,4,2,4,4,4,4,3,3,3,3,3,1,4,1,5,3,1,1,3,3,3,3,2,2,4,2,2,4,4,2,1,5,1,1,1,4,1,4,1,5,1,5,3,5,4,2,5,5,2,2,2,3,2,5,3,1,2,5,2,1,2,4,3,5,4,4,2,5,1,3,5,1,5,4,1,2,2,5,1,3,2,5,5,3,4,4,5,3,5,5,5,2,2,4,4,3,2,5,2,2
B1136,1,4,1,3,2,4,3,1,3,5,4,4,5,5,3,2,3,4,4,1,3,4,4,2,2,5,2,2,4,1,3,3,4,5,2,4,1,1,4,1,2,2,1,5,3,2,5,4,5,5,1,1,3,5,5,2,1,1,5,2,5,1,2,1,1,4,1,2,4,5,3,1,1,2,5,2,5,2,1,4,2,1,2,5,4,5,3,2,1,3,1,4,3,1,2,4,4,5,4,2
B1137,2,2,4,5,4,2,5,5,4,4,4,3,1,5,5,5,5,4,3,5,2,5,4,3,5,5,1,5,4,5,5,5,2,1,3,1,2,5,3,1,3,4,5,2,5,3,3,2,3,4,3,3,2,5,1,4,3,4,4,3,3,2,4,5,1,4,4,3,5,3,3,2,2,3,2,5,5,4,5,5,2,5,2,2,3,1,4,2,5,3,3,1,4,4,4,2,4,2,2,5
B1138,4,3,1,5,2,2,5,4,3,4,3,2,1,3,4,2,1,1,3,5,5,4,5,3,4,4,1,4,1,4,1,1,1,4,2,5,1,2,5,3,5,4,4,1,4,1,4,1,1,1,1,3,5,4,1,5,1,5,2,2,3,4,1,1,5,1,5,2,3,5,1,1,2,2,3,3,2,2,5,5,2,4,5,4,1,5,2,1,2,2,4,5,1,4,1,3,1,4,1,1
B1139,4,3,1,5,4,4,2,1,4,4,3,1,2,2,1,5,4,4,1,4,1,1,1,3,1,2,2,2,5,3,1,2,3,2,3,2,5,2,3,5,2,5,2,3,4,5,4,1,1,4,2,4,3,2,5,1,3,4,3,1,4,1,2,5,2,4,2,5,5,5,3,2,3,5,1,2,1,1,2,4,4,5,4,3,5,1,5,3,4,3,2,2,2,4,1,3,2,3,2,2
B1140,4,4,4,2,2,4,4,5,5,3,1,5,5,2,5,2,5,4,3,1,4,5,5,4,4,5,1,4,3,3,4,3,4,2,1,1,2,4,1,2,5,5,4,1,2,1,5,1,2,1,4,5,5,4,1,5,4,2,1,5,2,2,1,2,3,2,2,4,3,3,1,3,5,2,1,2,3,3,5,5,3,4,5,2,1,4,1,3,5,1,1,3,5,1,2,5,5,3,3,2
B1141,4,5,2,2,3,5,2,3,3,5,3,3,1,2,1,5,4,3,2,1,2,1,3,3,2,1,1,5,4,5,1,5,2,5,2,2,1,5,3,2,2,1,5,4,1,2,5,2,3,3,5,2,4,5,5,2,5,1,1,4,1,2,2,5,4,4,4,3,1,2,5,4,2,4,2,4,3,5,1,3,2,3,5,4,2,4,4,1,2,4,3,4,4,2,3,1,4,2,2,2
B1142,2,1,3,2,2,3,3,4,2,5,2,5,1,4,4,3,1,5,5,4,3,4,2,5,1,2,3,4,4,1,4,4,3,1,5,4,4,4,5,2,2,1,1,4,2,3,3,2,1,5,4,3,3,5,5,3,3,1,5,1,4,4,2,3,4,3,5,3,5,4,5,1,1,1,3,2,1,1,1,3,4,5,4,4,2,2,2,4,2,3,5,3,2,5,1,4,2,2,3,3
B1143,3,4,3,4,5,5,5,5,5,3,2,2,3,2,3,4,5,5,1,2,3,1,5,4,4,4,5,4,4,1,5,5,3,3,1,4,1,4,5,4,3,4,5,3,5,5,2,4,3,5,2,2,5,4,3,3,5,2,2,4,1,5,1,1,1,1,5,3,5,2,3,3,3,4,3,3,1,2,1,1,2,5,3,3,4,5,3,1,5,1,5,5,4,3,3,1,1,2,1,4
B1144,3,3,2,4,4,2,2,4,1,1,3,5,1,4,1,1,2,1,1,4,5,4,2,3,1,1,1,4,4,2,4,2,2,5,4,1,4,1,1,3,2,1,3,1,1,2,1,4,5,3,5,3,5,3,1,5,1,2,5,3,2,3,2,1,5,2,3,2,5,3,2,1,2,4,2,5,3,3,2,3,4,5,2,2,3,4,4,5,4,2,5,4,4,4,1,3,1,4,1,2
B1145,3,4,4,3,5,4,3,4,4,1,1,4,4,5,3,4,4,1,1,4,1,2,4,3,4,5,4,3,5,5,5,1,4,2,1,1,4,5,5,1,1,2,3,3,3,5,4,1,3,1,1,3,4,2,1,1,5,2,1,3,2,5,2,3,4,4,5,1,1,1,3,5,2,5,4,3,1,4,1,3,2,2,5,2,4,2,4,4,3,4,2,5,4,1,5,3,5,2,2,5
B1146,3,1,3,5,5,4,5,5,2,4,5,2,4,4,1,5,1,3,5,2,1,2,2,5,2,1,1,2,2,1,4,4,3,2,1,2,5,4,2,5,3,4,3,1,1,2,2,2,5,2,5,1,3,2,4,5,2,3,3,5,4,2,4,1,1,1,1,4,1,5,4,1,3,1,4,3,5,3,5,3,5,1,1,1,3,1,5,3,2,4,4,4,5,4,1,2,5,5,1,2
B1147,5,4,4,3,1,5,5,1,5,5,3,2,5,5,2,3,4,3,4,1,3,2,3,5,5,2,5,3,2,3,5,2,2,2,4,4,1,3,1,4,2,5,5,4,1,2,5,1,4,1,4,5,5,3,4,4,2,3,5,3,3,3,5,5,2,5,1,2,5,3,3,1,3,3,4,1,5,4,3,1,5,5,3,1,4,4,5,3,2,5,4,2,2,4,4,1,3,5,5,3
B1151,1,3,2,5,5,4,5,5,3,5,1,4,2,1,2,3,4,1,4,3,1,2,1,2,1,4,2,4,5,5,3,1,4,2,5,1,5,5,3,2,4,5,1,1,5,4,4,3,1,3,2,1,3,1,3,4,3,1,5,2,2,5,5,2,2,1,5,2,2,1,4,1,3,5,5,5,1,2,2,2,5,5,2,3,4,3,3,5,3,2,4,3,2,1,5,1,2,3,3,5
B1152,4,2,1,3,1,1,1,5,2,1,1,2,3,4,4,2,3,3,2,3,2,5,3,1,2,4,4,3,5,4,1,2,1,5,4,4,5,2,2,3,3,1,1,1,5,4,5,3,5,2,4,1,3,3,2,2,2,4,1,4,3,4,5,4,2,5,2,2,5,4,5,4,5,4,2,1,3,1,5,4,4,1,1,2,5,5,2,3,5,3,2,4,1,2,1,2,2,3,2,4
B1153,1,1,4,5,1,5,2,3,4,1,3,4,5,5,2,4,2,4,5,1,3,2,4,1,5,1,3,5,4,4,4,5,5,3,5,2,2,1,5,1,2,1,3,2,4,3,4,1,4,5,1,4,5,4,2,2,3,1,1,5,2,1,3,3,4,5,3,2,4,2,4,5,4,2,1,1,2,3,5,1,5,2,3,4,5,1,3,4,5,2,4,5,3,3,5,4,4,2,1,5
B1155,4,2,5,5,4,1,4,4,1,2,4,3,1,5,2,1,1,2,4,4,2,3,2,2,3,2,3,5,1,3,2,1,1,5,5,5,1,2,5,4,5,4,2,5,5,2,2,3,2,2,3,4,3,3,2,1,4,3,4,2,5,5,1,2,2,1,1,1,5,3,5,2,2,5,1,4,5,5,5,1,1,2,1,1,3,3,1,5,3,2,3,1,5,2,1,3,2,3,1,3
B1157,3,4,4,4,3,4,5,4,1,5,1,4,2,2,2,3,2,5,1,4,1,5,4,2,2,5,5,3,1,4,1,4,3,4,3,1,4,3,5,2,1,3,4,3,4,4,5,5,5,2,3,5,5,2,5,5,5,5,1,4,3,1,3,1,1,2,2,5,1,2,1,5,3,3,3,4,3,4,1,2,3,2,3,3,3,4,2,3,5,3,3,3,5,2,5,4,5,3,5,5
B1158,1,3,3,4,2,1,1,1,1,4,5,5,5,3,2,3,1,1,1,2,1,2,3,3,2,2,4,4,5,5,4,1,5,1,3,1,1,4,4,5,1,5,4,5,5,4,3,4,3,5,5,5,1,1,2,2,2,1,2,2,2,5,1,3,1,2,1,3,1,5,1,5,2,1,2,2,5,5,1,4,2,5,2,3,3,5,3,1,1,5,3,4,3,1,2,1,2,4,4,1
B1159,3,5,1,3,5,3,3,4,5,3,1,2,5,3,1,3,2,5,4,2,2,4,1,4,3,4,1,1,2,2,5,4,5,3,3,3,2,3,3,5,1,1,5,5,2,5,5,2,3,5,1,4,2,3,1,4,1,3,4,3,2,5,5,1,4,3,4,2,1,4,2,1,5,1,2,5,4,4,3,5,1,2,5,1,1,1,1,5,4,2,2,2,3,1,1,4,5,3,2,1
B1160,5,3,2,2,3,5,1,4,2,4,3,1,1,4,4,3,1,1,3,3,3,1,3,2,3,5,2,4,5,5,1,2,1,4,4,1,4,2,5,3,4,1,1,4,2,4,3,2,2,4,3,4,1,4,2,5,4,5,4,3,4,1,5,1,1,3,5,3,2,4,2,4,5,2,4,5,4,3,4,3,1,1,4,1,3,4,4,3,4,2,4,5,5,2,3,3,4,3,4,4
B1161,1,3,5,5,5,5,5,3,3,4,1,2,3,3,5,1,2,3,5,2,4,1,5,1,2,1,3,3,3,4,1,2,4,4,4,2,5,2,5,1,5,1,3,4,2,3,2,1,3,2,1,1,4,4,3,3,1,2,5,2,5,3,1,5,2,4,4,1,2,2,2,2,1,5,1,1,2,3,3,5,4,2,5,3,2,2,2,2,5,4,3,1,2,1,5,2,2,2,5,4
B1162,5,1,5,5,1,2,4,1,1,4,4,4,3,3,4,5,1,4,5,1,5,4,1,4,3,1,3,2,1,3,3,4,4,2,2,1,5,2,1,1,1,4,1,5,1,4,1,4,3,4,5,3,1,3,1,5,2,1,5,1,5,3,4,3,2,2,5,3,3,3,1,2,2,4,2,5,4,4,4,3,1,4,3,1,1,4,4,2,4,1,4,1,5,1,4,4,2,1,1,1
B1163,2,5,1,4,1,1,5,4,2,3,5,5,5,3,3,4,1,3,5,5,2,4,4,4,2,5,3,4,1,3,2,3,1,2,3,1,4,4,1,3,1,1,3,5,1,5,3,1,4,2,1,2,2,4,2,1,3,1,5,2,2,1,3,4,2,2,3,4,2,4,5,2,2,3,4,2,3,3,5,5,1,5,1,4,2,1,2,3,2,2,1,3,1,5,1,4,1,2,5,3
B1164,3,4,5,4,1,5,2,4,1,5,3,2,1,1,5,1,4,2,2,5,3,4,2,3,2,2,5,1,1,1,1,4,3,1,4,1,3,2,2,1,3,1,3,3,2,5,3,4,4,3,1,5,4,1,4,2,2,5,4,5,5,5,4,1,4,3,3,1,3,5,1,3,4,4,2,3,1,5,3,2,2,5,2,2,5,1,3,4,5,4,5,3,3,2,2,1,3,1,3,5
B1165,1,2,2,1,2,4,1,1,4,3,2,2,2,2,4,5,5,3,4,2,3,2,3,1,3,1,4,2,4,4,5,5,2,3,4,3,3,4,2,4,1,2,3,3,4,4,3,4,5,2,3,1,1,5,1,3,4,3,5,2,4,3,2,3,3,2,5,1,4,2,5,4,4,3,3,2,4,1,3,5,3,2,3,3,1,1,5,1,3,1,4,4,1,5,3,3,1,3,2,1
B1166,5,1,1,1,1,2,4,4,3,1,5,5,5,3,1,2,4,2,4,3,1,5,1,2,5,5,4,5,4,1,5,5,2,1,1,2,2,2,4,4,3,1,3,3,4,2,3,4,1,5,4,5,4,4,1,2,4,1,5,5,5,3,4,3,3,3,2,2,1,1,2,5,2,1,3,1,1,5,4,2,5,3,2,1,1,1,2,3,2,5,3,5,2,3,3,5,4,3,3,3
B1167,4,2,5,2,2,3,5,1,2,2,4,1,2,5,5,1,4,2,2,1,1,2,1,4,5,2,4,3,2,4,1,2,1,1,2,2,5,3,3,1,5,2,5,3,3,4,3,5,4,1,2,3,1,4,1,5,1,4,2,2,4,1,5,1,4,2,4,3,4,4,1,3,1,3,2,3,4,4,4,1,5,1,5,2,5,1,1,1,1,4,5,1,5,4,4,5,3,1,5,4
B1168,2,3,4,4,5,1,1,1,2,3,2,1,5,3,1,2,4,1,1,2,2,4,3,2,2,5,1,4,1,3,3,5,5,2,3,2,3,1,1,2,3,4,5,3,4,5,2,5,4,2,4,1,2,4,2,3,2,2,5,2,2,4,1,3,3,4,2,5,5,3,4,1,3,5,1,4,3,4,1,3,5,2,2,4,3,4,3,5,1,1,1,2,1,1,1,4,1,4,1,1
B1169,5,3,5,3,2,3,3,2,2,1,1,2,3,3,3,1,2,1,3,1,5,2,4,2,5,3,5,2,4,2,5,3,3,1,1,1,2,3,3,3,4,4,1,2,1,2,1,1,4,3,5,5,4,2,2,2,5,5,1,3,2,3,3,3,3,1,5,3,2,3,5,3,1,1,1,3,3,3,3,1,5,4,3,4,5,5,4,1,2,5,2,4,3,5,4,2,3,5,2,5
B1170,4,4,2,4,5,3,1,2,2,1,5,5,3,4,5,5,3,2,3,1,3,3,4,4,2,4,4,4,1,4,5,4,5,2,1,5,3,5,1,1,2,3,1,1,4,3,1,1,1,2,2,4,3,4,4,2,5,4,3,4,5,1,2,2,3,4,3,3,2,5,1,3,4,3,5,1,3,4,5,4,4,3,1,4,5,2,4,4,1,5,2,4,4,1,1,4,5,5,1,3
B1171,3,5,5,1,2,2,1,1,1,4,3,5,1,2,3,1,2,5,5,1,3,1,2,1,2,4,3,2,4,1,1,1,3,3,5,3,2,5,5,3,5,4,4,5,1,1,1,3,5,4,2,5,5,2,5,1,3,4,5,1,2,5,3,4,3,1,3,2,2,3,3,5,3,4,5,4,4,2,5,4,3,3,1,5,3,5,5,2,3,3,3,3,3,4,1,2,3,5,1,4
B1172,3,3,3,3,1,2,3,5,5,5,3,1,2,1,5,1,2,5,4,2,3,3,1,1,3,1,3,5,5,5,3,4,1,5,2,3,4,1,2,3,2,5,2,1,3,1,4,3,5,5,2,5,2,1,3,5,1,4,2,5,3,5,4,3,2,5,3,4,4,3,4,4,4,5,2,3,1,1,2,4,4,3,2,1,3,1,4,4,1,5,5,2,4,5,4,2,1,3,1,5
B1173,1,4,3,5,2,1,4,2,4,3,4,1,5,4,4,4,2,1,3,4,3,1,1,3,1,5,5,4,3,1,3,1,1,2,3,5,1,2,4,1,5,4,2,5,3,3,4,4,3,1,3,2,2,5,3,2,4,1,2,4,5,1,3,4,5,1,3,5,4,5,5,5,5,2,2,4,1,5,1,4,2,2,4,3,2,5,4,4,1,2,4,4,5,2,4,3,4,1,2,5
B1174,5,3,4,4,5,2,4,3,3,4,3,3,2,2,5,5,5,4,1,1,3,3,2,2,3,5,5,1,3,4,1,4,2,1,1,3,2,1,2,5,4,2,1,3,4,1,2,5,1,3,2,4,2,4,3,3,2,3,2,4,4,1,5,4,1,5,3,5,5,1,4,4,2,1,4,5,2,4,3,3,5,1,3,1,3,5,1,2,3,3,3,3,2,3,2,4,2,5,3,5
B1175,3,4,3,1,5,4,3,1,2,5,2,2,2,1,1,4,1,2,3,2,5,3,5,4,2,5,5,4,1,1,3,2,2,2,1,1,5,4,4,4,3,3,4,4,1,3,5,2,4,5,3,1,3,4,4,4,5,4,4,5,5,4,3,4,2,4,4,2,5,5,5,4,5,4,1,3,5,1,4,3,5,1,5,1,2,4,3,2,2,4,2,4,1,3,1,1,4,2,4,5
B1176,2,3,4,3,1,5,4,3,3,3,5,5,5,3,3,1,2,5,2,2,3,2,3,4,5,3,5,3,2,4,1,3,3,5,5,4,3,2,3,2,5,2,1,4,1,5,2,5,2,2,1,2,2,5,4,2,2,2,2,2,3,1,5,5,4,4,2,3,4,4,2,2,3,1,3,5,4,4,2,1,3,5,1,3,5,2,2,5,3,3,5,5,1,2,5,5,1,1,2,4
B1177,2,5,4,4,1,5,3,2,1,5,1,3,4,1,2,4,5,3,4,2,5,5,5,1,3,1,2,2,1,2,3,3,1,4,3,5,2,5,2,2,2,4,4,3,2,5,4,3,5,5,2,2,5,2,4,1,4,1,4,3,1,4,5,4,1,2,4,4,4,3,3,1,2,3,2,5,5,3,5,4,3,1,5,4,1,4,1,3,4,4,3,3,3,5,3,1,1,5,1,4
B1179,3,3,2,3,3,1,2,3,5,1,1,3,5,4,2,2,2,1,1,2,3,4,2,5,5,3,5,3,2,5,4,1,2,1,3,2,3,3,2,2,4,1,1,3,3,4,2,2,5,1,1,5,5,4,1,5,4,5,1,4,5,4,5,3,3,4,1,4,2,3,4,3,5,1,2,5,2,3,1,1,1,3,3,3,5,4,3,5,4,5,4,2,5,1,2,1,3,4,3,1
B1180,1,3,5,1,2,5,2,1,1,2,3,3,4,3,1,2,1,3,1,1,4,2,2,3,3,2,4,1,3,3,4,2,1,2,1,2,4,1,5,3,1,4,2,5,5,5,4,1,4,1,3,3,5,5,2,4,3,5,1,3,1,2,5,3,5,3,1,2,5,4,3,3,4,2,5,5,3,1,4,1,5,5,4,3,2,2,2,2,3,4,2,2,4,3,3,1,2,3,5,5
B1181,1,3,5,4,4,3,2,2,4,2,5,1,2,2,3,1,5,1,4,1,3,1,5,3,3,3,2,1,4,5,5,1,4,3,5,4,2,2,1,1,1,3,5,1,3,1,3,4,1,5,5,1,1,5,3,5,5,2,3,1,1,4,2,1,4,2,4,3,1,2,2,4,4,5,4,4,5,4,1,3,1,5,2,5,4,1,4,1,4,2,5,1,5,2,5,1,4,2,2,1
B1183,1,1,1,1,4,1,3,1,1,2,3,5,3,2,1,2,4,4,4,2,5,5,2,3,1,2,2,4,3,4,3,5,5,2,4,2,2,3,2,2,1,4,3,4,4,3,1,2,1,5,4,2,2,2,1,2,4,1,1,2,4,3,2,3,3,2,5,2,2,1,1,4,5,2,5,4,4,4,5,1,3,1,3,5,5,3,2,2,5,1,4,4,1,1,2,3,1,4,4,5
B1184,5,2,3,3,2,2,2,3,3,1,1,4,5,1,2,5,3,4,1,4,5,5,2,5,1,5,2,2,2,4,5,2,2,4,2,1,4,4,4,3,3,3,2,3,1,4,3,3,1,2,2,4,4,2,5,3,3,4,3,3,4,3,1,2,5,1,5,4,1,4,4,5,1,3,4,4,1,3,5,5,2,4,2,2,4,4,5,2,3,2,3,2,2,4,5,2,4,4,3,3
B1185,5,2,5,4,5,3,3,5,5,4,3,5,4,3,3,4,4,4,1,3,5,3,1,1,2,1,2,2,2,2,1,1,1,5,3,3,2,4,3,3,1,3,3,5,2,1,2,1,1,4,2,4,1,1,1,1,5,4,5,5,4,1,4,1,5,2,2,1,5,2,5,3,4,4,2,3,1,4,1,4,2,4,5,4,2,3,3,3,5,1,3,4,1,4,3,5,5,1,2,3
B1186,5,1,3,1,3,1,1,4,3,1,4,1,4,5,5,4,5,2,2,1,2,3,2,1,5,2,3,1,3,4,4,2,3,5,1,2,5,1,1,5,5,2,3,1,5,2,3,5,4,1,4,1,4,1,5,1,2,3,4,2,3,3,2,3,4,2,2,4,3,2,5,1,2,1,3,3,4,4,3,1,1,4,2,5,3,5,3,5,2,4,2,1,1,3,3,4,4,5,1,4
B1187,5,1,2,2,5,3,2,1,5,3,2,1,5,4,2,5,1,1,2,1,1,1,1,3,2,3,5,5,2,1,4,2,4,2,5,4,3,5,3,4,2,4,1,5,1,3,4,3,4,5,1,3,3,2,2,2,2,4,1,5,3,5,2,2,1,2,1,5,5,4,4,2,4,3,5,2,4,3,2,4,5,5,4,5,5,3,5,3,5,2,3,1,2,1,5,2,3,1,4,4
B1188,4,5,2,4,5,3,3,5,1,1,5,3,1,2,2,3,1,1,4,5,3,5,2,1,4,1,1,5,5,4,1,3,2,3,5,2,1,4,4,4,2,1,1,5,1,5,5,2,1,4,3,5,5,1,5,2,3,5,4,3,1,5,1,1,2,3,5,4,2,1,1,2,4,3,3,3,1,3,1,1,2,4,2,5,4,4,4,5,5,5,3,2,1,3,5,5,3,4,2,2
B1189,4,5,1,1,4,1,4,3,2,1,3,5,1,1,2,5,2,1,5,1,2,1,2,2,1,3,1,5,2,1,3,4,3,1,2,3,5,5,5,5,5,5,4,2,1,3,3,3,2,5,4,5,5,4,1,2,2,2,3,1,4,4,3,4,5,3,5,2,4,2,3,2,4,1,4,4,5,2,2,1,1,2,4,5,4,2,5,5,4,3,2,2,2,2,1,4,1,3,5,4
B1190,3,1,4,4,3,5,3,5,3,5,1,2,4,5,5,4,4,1,4,1,5,1,5,2,1,1,5,5,3,2,1,3,5,5,2,1,5,4,2,5,2,4,4,3,3,2,2,2,4,1,5,5,1,2,1,4,1,3,2,5,1,1,3,1,2,2,4,1,1,5,5,2,3,1,1,2,5,5,4,2,5,3,1,4,4,5,1,3,3,3,2,5,1,3,2,5,3,4,2,4
B1191,1,4,1,3,4,4,3,1,2,3,2,2,3,2,1,2,1,3,3,5,2,4,2,2,1,3,5,2,2,3,1,1,5,2,1,4,1,1,1,5,2,5,2,5,1,3,1,3,1,1,4,3,2,5,3,2,5,4,4,1,5,2,3,4,5,4,3,2,1,2,4,1,4,3,5,2,1,3,4,1,4,2,5,4,2,2,4,4,5,1,1,5,1,5,3,5,2,4,2,4
B1192,5,2,2,1,3,1,3,2,4,3,3,2,1,1,5,2,2,2,4,1,1,4,5,3,2,5,4,4,4,2,5,4,4,2,4,5,1,1,4,5,4,5,1,5,5,4,2,2,4,3,4,1,1,1,5,1,5,5,5,5,1,4,3,5,3,2,5,2,2,3,2,3,1,4,1,4,1,2,5,4,2,4,4,3,5,5,2,1,3,5,3,3,1,2,1,3,2,5,3,4
B1193,2,1,4,1,1,2,4,5,5,5,1,5,2,5,3,2,4,4,1,2,2,3,5,4,2,4,2,1,1,2,1,3,2,5,5,1,4,3,3,3,3,2,3,4,5,2,5,2,4,1,1,5,3,4,3,5,4,4,3,5,2,5,2,3,3,5,5,2,2,2,4,3,3,5,5,4,2,2,3,1,1,1,4,2,1,2,3,4,5,4,2,1,4,3,3,5,4,1,2,3
B1194,4,4,1,3,4,4,4,3,5,5,4,2,5,5,4,3,1,1,2,4,2,5,3,5,1,1,1,5,1,2,1,1,4,5,2,3,1,1,4,3,5,5,3,4,4,4,2,3,2,5,4,1,4,2,4,4,5,2,4,4,3,3,5,1,5,3,2,2,2,4,1,1,4,2,3,1,5,1,2,1,2,5,1,3,5,5,1,2,2,2,2,1,3,3,4,4,2,5,1,1
B1195,3,5,4,2,1,2,4,1,5,1,4,3,2,1,3,3,2,4,1,2,4,3,2,4,1,2,4,4,4,1,1,1,1,1,1,3,2,2,3,3,3,3,2,5,1,2,2,4,4,4,5,4,3,1,2,5,1,1,5,4,4,1,3,3,2,4,4,5,3,2,4,1,2,5,2,4,3,2,5,5,1,5,2,5,2,3,2,1,3,4,2,2,2,1,3,3,5,5,2,1
B1196,4,1,4,1,3,4,1,1,5,1,5,4,3,5,2,4,1,2,5,4,4,4,4,3,3,3,2,3,1,3,4,4,4,3,5,1,4,2,5,2,5,2,2,2,5,4,2,1,5,4,3,1,5,1,4,2,3,4,4,4,3,1,1,2,5,4,3,2,5,3,1,2,2,3,2,3,1,3,2,2,1,5,1,2,1,1,1,2,1,4,1,1,4,1,1,5,4,3,4,3
B1197,2,5,4,4,2,1,1,2,2,2,1,2,4,5,1,3,3,5,5,1,4,5,5,4,1,4,3,2,4,4,2,3,4,1,2,4,5,5,4,2,3,1,3,5,3,3,2,5,3,4,4,3,2,1,3,5,3,1,5,3,5,1,5,4,2,5,4,4,4,5,2,1,5,4,3,3,4,3,4,4,4,4,3,1,3,3,3,2,3,4,1,4,5,4,1,5,5,5,5,5
B1201,2,5,2,4,3,1,1,2,1,1,1,3,3,3,3,4,5,2,4,5,4,1,1,1,2,3,3,3,2,5,2,2,4,3,3,4,3,1,1,3,5,1,2,5,1,1,1,2,2,3,5,1,5,2,1,5,3,1,1,4,5,5,5,1,5,2,1,4,4,2,3,5,5,3,5,2,4,3,1,1,3,2,5,1,5,3,4,3,4,4,4,3,5,1,4,2,4,1,4,1
B1202,5,2,1,2,2,2,4,1,4,2,5,4,4,3,5,2,3,5,1,5,4,1,2,1,5,4,1,4,1,2,5,3,4,3,3,3,4,1,1,3,5,1,5,5,4,1,2,4,4,4,1,4,5,4,1,3,2,5,5,1,4,4,5,4,4,5,5,3,2,1,5,5,2,1,4,4,4,1,5,4,5,2,4,2,3,2,1,4,2,5,4,2,5,3,5,2,1,3,2,2
B1203,3,2,3,5,3,3,5,1,4,1,1,1,1,4,3,4,3,4,3,5,1,2,3,3,1,5,3,3,5,5,1,5,1,2,4,4,4,3,3,1,4,3,5,3,1,1,4,5,3,2,3,2,2,5,1,4,2,4,3,2,5,5,3,5,1,4,1,2,1,2,1,2,4,1,4,4,1,1,1,5,3,5,2,3,4,4,3,4,2,5,4,2,3,5,5,3,2,5,4,4
B1204,3,2,5,4,3,1,3,2,2,1,3,3,5,5,2,5,3,5,5,2,1,5,4,2,3,2,3,2,2,5,2,2,5,5,5,4,2,3,5,2,5,2,1,1,1,5,3,1,3,3,4,1,3,1,5,4,3,2,3,4,5,3,3,3,5,2,5,3,2,1,1,3,1,4,5,5,5,1,1,5,4,5,4,2,1,5,5,4,1,1,5,3,5,2,3,2,1,2,1,1
B1205,2,1,5,5,5,2,3,3,5,2,1,2,1,4,4,3,5,1,4,3,2,3,1,4,3,5,3,1,4,3,5,3,1,5,1,2,2,2,5,5,2,4,5,3,5,2,4,4,3,5,4,5,4,3,1,4,2,5,2,5,1,5,5,1,2,2,5,3,2,5,4,1,5,4,4,4,2,2,3,5,3,3,2,3,1,2,2,1,3,5,1,4,2,1,3,4,1,3,4,4
B1206,5,2,5,3,1,1,2,2,4,4,5,3,1,1,4,5,4,1,2,4,4,4,4,4,4,4,3,2,1,1,4,3,2,3,4,4,4,5,5,3,3,4,5,2,5,5,1,5,4,3,3,5,2,2,3,4,4,2,4,4,4,2,4,1,1,3,3,5,1,3,5,2,5,2,5,5,3,5,4,4,4,5,2,3,4,2,2,5,2,3,3,1,1,5,4,1,5,4,1,5
B1207,4,5,5,3,3,5,4,4,1,1,4,3,4,1,1,4,5,2,2,2,2,2,1,4,3,3,4,2,1,5,5,3,4,5,4,4,4,2,5,4,4,3,5,5,3,1,3,3,1,2,1,4,2,4,2,3,5,1,2,1,4,3,5,5,2,5,1,3,2,4,5,5,5,2,5,5,3,5,3,4,3,1,4,5,3,1,5,1,4,3,2,1,3,4,2,4,3,4,3,1
B1208,4,3,3,2,2,2,4,1,2,1,2,3,5,1,3,5,4,2,4,1,4,3,4,4,4,2,3,2,3,3,2,5,3,2,2,3,4,1,1,3,4,5,2,1,5,4,1,4,2,3,3,3,3,3,2,1,1,3,3,5,4,3,4,2,5,3,4,4,3,5,4,1,4,2,4,1,2,5,5,2,3,3,2,1,4,1,2,1,2,2,1,5,4,5,2,2,2,4,1,4
B1209,5,1,3,2,4,3,1,2,5,3,3,5,2,4,4,3,4,5,3,3,3,2,2,4,2,3,2,2,5,5,5,5,3,1,4,2,5,4,4,4,3,5,1,1,3,3,5,3,2,1,4,2,2,3,4,5,1,5,1,2,3,1,5,2,2,2,2,3,1,1,1,4,1,2,4,2,4,2,2,2,4,3,3,1,2,3,3,1,2,1,3,3,1,1,4,1,4,2,2,3
B1210,5,2,4,1,5,5,1,2,2,4,2,4,4,4,4,5,3,3,3,3,2,5,4,2,5,1,5,5,5,3,1,2,5,1,3,5,3,5,4,5,5,4,3,1,3,3,4,5,3,1,5,1,4,1,3,1,2,3,3,3,5,3,2,2,1,4,2,3,5,4,1,3,2,3,1,2,3,4,3,5,1,2,3,2,2,4,1,4,3,3,1,5,1,3,3,4,1,2,2,5
B1211,2,2,5,1,2,3,3,2,3,3,5,3,5,1,5,5,3,5,4,3,5,1,3,2,4,1,1,5,1,4,1,1,2,3,3,3,2,2,3,2,3,5,1,1,3,5,2,3,5,2,1,3,3,5,2,4,3,4,5,5,3,2,2,4,4,3,1,2,2,4,2,1,4,2,4,1,2,2,1,2,3,2,2,2,4,1,1,5,1,1,1,4,1,1,2,3,5,2,1,3
B1216,5,3,3,3,2,1,5,4,3,3,1,3,2,5,2,5,3,4,3,1,1,1,5,5,1,1,1,4,2,4,2,1,3,1,5,1,5,3,4,3,1,1,3,3,3,5,3,1,1,4,2,3,2,5,3,4,4,5,4,1,5,2,2,5,3,3,5,5,4,3,1,3,5,2,3,4,1,2,5,2,2,5,3,3,1,1,3,3,2,1,3,1,5,2,4,1,2,3,1,2
B1217,2,2,1,2,4,4,5,5,1,3,5,5,4,4,5,5,1,5,5,3,2,4,5,4,5,3,1,4,2,4,5,5,4,1,1,4,5,5,1,1,2,3,3,2,3,1,5,2,4,4,2,4,5,2,3,2,4,3,4,2,5,4,5,2,3,4,1,4,3,3,4,4,4,5,1,5,1,1,1,3,5,3,1,4,3,5,3,2,3,4,5,2,5,3,3,4,3,2,4,2
B1218,1,3,5,1,4,3,2,1,4,3,5,4,3,4,5,3,3,4,3,2,3,4,1,2,5,4,3,2,2,3,1,2,4,2,4,3,1,1,3,3,4,5,5,3,2,5,2,1,2,5,5,2,4,1,3,5,3,4,4,4,3,5,1,4,2,4,5,4,4,5,5,2,4,3,1,5,4,1,1,2,1,2,4,2,5,2,4,1,3,1,5,1,5,5,3,2,2,2,4,3
B1219,4,4,3,2,5,1,1,3,4,2,2,5,2,3,1,4,5,5,4,2,4,4,3,2,2,5,1,5,2,1,4,4,3,2,3,2,3,5,2,1,3,1,2,4,4,1,2,5,4,4,2,3,1,1,5,1,5,5,3,5,3,3,4,3,1,4,4,1,4,5,3,1,5,1,2,4,2,3,1,1,1,1,3,3,2,4,5,1,3,2,5,3,2,1,2,5,1,1,5,3
B1220,3,5,3,2,5,1,2,1,5,3,3,1,1,2,1,4,5,2,3,4,1,2,2,5,1,2,5,2,3,4,3,1,5,4,3,1,2,2,5,5,4,2,2,2,3,1,3,5,1,4,2,4,1,1,1,2,1,3,5,3,4,3,2,1,2,3,2,5,2,3,1,1,4,4,2,2,2,5,5,3,3,5,4,4,4,2,5,4,2,1,1,5,4,3,4,4,5,2,3,2
B1222,2,5,5,2,1,5,2,2,5,5,1,1,1,5,4,3,1,1,2,1,4,3,1,3,5,5,2,5,1,3,5,4,4,4,5,1,3,1,4,1,2,1,5,5,2,2,5,3,5,4,3,4,1,5,3,3,2,4,3,4,2,5,1,1,1,4,1,3,1,3,3,1,5,5,1,5,2,4,1,1,3,2,5,1,2,4,3,4,3,5,1,1,4,3,3,2,5,4,5,5
B1223,3,1,3,3,4,1,3,3,2,1,4,5,4,5,5,5,4,4,4,5,2,3,2,4,4,5,1,2,2,2,3,1,5,1,5,2,1,3,4,4,4,4,1,4,3,5,1,4,3,2,5,1,3,4,5,4,1,5,4,2,5,2,4,5,5,5,2,1,5,5,2,2,3,1,5,3,4,3,2,1,1,4,4,5,5,2,1,5,1,4,5,1,4,1,2,3,4,1,4,3
B1224,5,5,1,4,2,2,5,1,5,5,1,2,1,4,5,1,1,1,5,2,3,3,5,4,3,4,4,5,4,5,4,4,5,4,3,4,4,5,1,1,3,4,4,3,2,3,2,4,1,1,2,2,5,2,4,4,5,2,5,2,1,1,2,4,5,2,3,4,5,5,3,2,2,2,5,3,1,2,3,4,3,4,4,5,3,2,3,3,5,5,2,2,2,5,1,2,3,4,5,1
B1225,1,2,3,5,1,1,1,4,3,3,3,5,2,4,2,1,1,2,5,3,1,3,3,5,1,5,5,4,1,1,4,4,5,3,1,5,1,1,5,4,5,4,1,4,4,1,2,4,3,2,2,3,4,3,3,2,2,1,4,1,5,1,2,3,5,4,1,4,3,5,5,5,5,1,5,1,1,5,5,5,2,3,4,1,5,1,3,1,5,4,5,3,4,4,4,3,2,5,4,2
B1227,5,3,3,1,1,3,4,2,4,3,4,1,2,5,5,5,3,5,5,3,1,4,3,5,4,1,1,2,5,2,1,5,2,4,1,4,2,5,3,1,4,3,3,5,1,5,3,5,5,3,3,5,4,5,4,3,5,5,3,2,2,3,1,2,3,4,4,3,4,4,3,1,2,3,3,2,5,2,2,5,4,2,4,5,3,5,2,4,2,4,4,1,2,5,2,1,1,4,5,1
B1228,4,2,5,1,3,1,4,1,1,5,2,4,1,4,2,1,2,4,1,5,1,5,1,5,4,2,2,1,5,2,2,3,4,1,3,3,3,4,1,4,3,5,2,2,3,3,1,3,4,1,2,1,5,1,3,4,2,3,3,2,3,2,3,1,4,3,4,1,2,2,4,5,1,3,2,5,2,4,2,1,5,3,1,3,3,3,5,1,3,4,1,1,3,4,4,1,5,4,2,5
B1229,3,4,1,3,2,2,4,1,5,4,4,2,1,3,4,1,5,1,5,5,2,3,5,1,2,5,1,4,3,5,2,5,1,4,2,5,5,5,4,3,3,2,4,3,5,3,4,1,3,2,2,1,4,2,1,3,1,2,4,5,4,3,5,3,5,2,4,1,2,1,5,2,4,5,4,4,1,4,1,4,4,2,4,5,4,2,2,2,5,3,1,5,3,5,4,5,1,4,2,4
B1230,5,2,5,1,2,1,5,4,4,3,4,3,4,4,1,4,2,2,3,3,3,2,3,5,3,3,2,3,2,2,2,3,3,2,1,1,5,5,4,3,1,2,1,4,5,4,3,4,5,3,1,1,2,4,2,1,2,5,2,5,5,3,2,3,5,1,4,4,2,4,2,4,2,4,4,3,3,5,2,2,4,5,4,5,2,1,1,5,1,4,2,4,1,1,4,1,1,2,3,3
B1231,3,2,4,4,2,3,3,4,1,3,4,2,1,5,3,3,3,2,3,3,3,5,2,3,4,2,1,4,1,2,1,5,5,5,5,3,3,4,4,3,5,5,1,5,4,5,4,5,3,3,2,1,1,1,1,5,3,5,3,4,5,2,4,2,1,1,5,2,1,4,4,3,3,2,5,2,4,5,5,1,2,3,2,2,1,5,3,5,4,4,5,1,3,5,5,3,5,3,2,1
B1232,4,4,2,5,3,5,4,1,2,3,1,5,4,4,5,5,2,5,1,2,3,4,2,2,3,1,3,5,3,3,5,1,5,3,4,3,2,4,4,5,4,2,1,4,3,1,3,4,2,2,1,2,1,4,3,1,1,1,4,3,4,1,3,4,5,5,4,2,1,4,5,1,5,4,2,2,3,5,1,2,4,1,3,3,2,4,5,1,5,3,3,4,4,4,4,4,1,4,4,2
B1233,5,1,5,2,2,1,2,5,4,1,5,1,4,3,2,4,5,1,2,1,5,1,2,1,3,3,5,4,2,4,4,2,2,4,1,3,2,2,5,3,2,1,1,4,2,1,4,1,4,5,4,2,5,3,3,1,4,2,3,3,1,3,3,3,1,4,4,1,5,5,2,5,5,5,4,5,2,5,5,1,5,3,5,4,3,5,3,4,1,5,2,4,4,5,1,3,5,2,1,1
B1234,3,1,1,2,4,4,4,3,3,3,3,3,2,1,1,1,5,3,2,2,2,4,5,5,4,3,4,4,5,3,4,2,3,5,1,1,4,2,1,3,5,3,4,4,4,3,3,2,5,5,4,5,3,1,5,4,5,3,3,2,4,1,5,2,1,5,3,4,5,4,1,1,3,1,3,3,2,5,4,2,4,3,1,5,3,3,5,4,4,3,3,4,1,3,5,2,3,4,1,5
B1235,5,5,2,5,4,5,5,4,2,4,3,2,3,4,4,3,5,3,5,2,4,2,3,5,3,4,1,1,3,3,4,5,3,3,4,3,2,3,1,1,4,4,5,4,5,1,4,4,3,4,1,4,2,1,4,3,3,3,3,3,1,2,2,5,5,2,2,2,2,1,1,3,4,1,4,5,4,1,1,3,4,2,5,4,1,3,5,4,2,1,1,2,5,3,3,2,2,1,3,1
B1236,2,2,5,1,5,5,3,3,5,5,3,4,1,2,5,3,2,3,1,3,3,2,3,1,4,4,5,3,1,2,4,2,1,5,5,1,2,3,4,1,1,3,3,1,3,4,3,4,1,5,5,1,3,4,5,5,3,1,5,2,2,4,4,2,5,1,4,3,3,4,3,3,2,3,5,3,3,1,1,1,4,2,3,3,2,4,5,5,4,2,5,5,3,5,1,3,1,1,3,4
B1237,3,4,4,5,2,3,2,1,5,3,5,5,4,4,4,2,1,5,4,2,4,1,5,1,4,1,1,1,1,5,2,3,3,3,4,4,5,1,4,4,3,3,3,4,3,5,1,3,2,4,1,2,1,3,4,4,3,3,1,3,2,5,5,3,4,1,5,1,4,1,3,1,1,4,1,4,2,3,1,3,4,4,1,5,4,1,2,5,5,5,2,1,1,5,2,5,4,5,1,5
B1238,5,4,2,5,1,2,1,4,1,4,3,1,4,2,5,1,3,2,1,5,3,1,5,3,2,4,2,1,1,5,5,2,4,1,4,5,1,1,3,3,1,5,5,1,4,1,4,4,3,5,5,2,2,2,5,1,5,2,5,1,4,1,5,1,5,4,2,5,5,2,4,5,1,1,1,4,5,1,3,1,1,1,5,2,2,2,3,4,4,1,4,4,4,2,3,4,1,1,4,5
B1239,1,5,2,2,4,4,4,2,3,1,5,2,1,4,1,1,5,2,2,4,4,3,1,5,2,2,3,4,4,5,3,2,2,1,5,1,5,1,1,4,3,1,2,4,3,1,4,1,5,3,3,1,1,4,3,1,5,3,2,4,4,5,1,1,5,4,2,5,3,1,2,1,3,4,3,2,1,1,2,3,5,1,4,2,1,3,3,3,5,5,3,5,5,1,5,2,1,2,2,3
B1240,5,5,4,2,1,4,5,4,2,4,3,4,3,4,5,2,2,5,3,2,5,4,4,5,5,1,4,3,4,1,5,1,1,1,1,5,5,5,3,4,4,5,3,1,5,5,5,1,1,1,5,4,5,1,5,4,2,4,4,2,4,5,4,4,4,1,5,1,4,3,2,3,5,5,5,2,3,1,1,3,2,3,1,1,1,5,2,3,2,5,2,5,1,1,2,1,3,1,4,4
B1241,2,1,2,2,3,4,3,3,5,5,4,1,3,4,5,4,4,5,5,2,1,3,1,4,2,4,3,5,3,2,3,4,4,2,5,1,2,1,4,4,4,5,4,4,3,5,5,5,5,4,3,2,2,5,2,1,5,3,2,2,2,2,4,4,1,4,1,5,3,2,5,1,3,1,2,1,2,4,2,4,3,3,5,4,4,3,2,1,3,5,5,4,5,1,5,1,3,1,3,5
B1242,2,5,5,5,1,1,2,3,3,4,3,5,5,4,3,4,5,4,1,2,5,2,1,3,2,1,5,3,4,5,4,5,3,1,3,5,2,2,1,5,3,2,2,5,2,1,5,1,3,1,5,2,4,5,1,4,2,1,2,2,1,5,3,4,4,4,5,3,1,1,4,5,2,3,1,5,5,3,5,3,3,1,5,5,5,5,3,2,4,4,3,4,1,1,3,1,2,4,3,2
B1243,2,1,2,5,5,3,1,4,5,5,3,1,1,5,1,3,3,2,3,1,4,5,2,3,5,3,4,4,2,3,5,1,2,2,2,3,1,5,2,1,2,1,2,2,5,3,5,3,3,5,4,3,1,3,4,3,1,1,2,2,4,4,4,1,4,5,1,4,3,3,2,2,5,5,3,1,4,3,2,1,5,1,1,4,1,2,5,1,1,2,4,4,1,2,4,5,5,5,1,1
B1244,1,3,3,3,4,1,2,2,5,2,2,5,2,5,3,5,5,2,1,1,5,2,4,3,5,2,3,1,3,3,5,5,3,3,1,2,5,2,4,1,5,5,5,1,2,3,2,1,5,5,5,2,4,3,1,1,4,4,1,5,4,1,4,4,2,2,5,4,5,4,5,2,1,2,3,5,1,1,5,2,2,2,4,1,5,5,3,2,2,1,5,2,5,1,1,1,4,1,4,1
B1245,1,3,5,4,3,4,5,1,4,5,1,3,2,4,1,4,4,3,1,5,2,4,4,2,5,4,2,4,2,2,4,5,5,4,1,1,1,5,2,5,1,2,3,2,3,2,3,4,5,5,2,4,5,5,4,2,4,5,2,3,2,3,2,2,1,3,5,4,3,5,3,3,5,4,5,5,2,2,4,3,3,1,1,3,4,4,2,5,1,5,1,1,5,1,4,5,5,5,2,1
B1246,1,2,1,1,1,2,3,3,3,2,4,4,2,1,5,3,4,3,3,3,4,4,5,5,5,4,2,5,1,3,3,5,4,2,2,2,4,1,5,3,5,5,5,5,1,5,2,1,2,1,4,5,4,4,2,2,3,2,2,5,3,1,1,5,1,1,5,1,3,1,2,4,1,1,5,4,5,1,3,3,3,2,1,4,1,5,4,4,4,1,5,2,5,3,1,5,1,2,5,2
B1247,4,4,1,1,4,5,4,4,2,3,1,3,5,3,4,3,5,1,4,2,5,1,3,5,4,2,3,4,4,3,5,5,1,2,4,3,1,3,2,2,1,2,4,4,4,5,5,3,4,1,2,3,5,2,4,2,5,2,1,4,2,5,1,5,4,3,1,2,1,2,2,3,1,3,4,2,2,5,4,3,1,1,2,3,3,4,5,1,2,2,5,5,1,1,2,5,1,2,3,3
B1251,1,2,2,2,1,4,1,4,5,4,2,4,1,1,4,3,1,3,5,2,5,5,2,3,3,5,5,4,5,5,5,3,1,5,1,5,4,5,4,3,5,3,4,1,5,2,2,1,1,5,3,4,1,3,4,4,4,4,1,1,2,4,5,3,1,1,4,5,3,4,4,1,3,1,1,3,3,2,1,4,3,3,5,3,2,5,4,3,1,5,1,3,4,3,4,2,1,4,5,1
B1252,2,4,1,1,3,3,1,5,2,3,1,3,3,5,3,2,3,1,1,5,5,2,3,4,4,2,1,1,1,4,1,3,2,5,3,2,2,4,1,5,1,5,5,4,3,5,5,2,2,4,3,4,5,5,4,2,5,4,1,5,5,3,3,4,4,1,4,4,5,5,3,1,3,1,2,5,3,1,2,2,5,4,5,5,4,3,1,4,5,5,5,5,4,4,3,5,2,4,2,5
M1345,5,1,1,4,5,2,5,3,4,5,3,4,1,2,2,2,1,5,2,1,3,4,5,5,2,4,4,5,5,1,2,3,5,5,1,2,2,1,2,3,5,3,4,1,2,2,4,5,3,3,4,3,1,1,1,3,5,2,2,4,5,4,1,5,1,5,3,5,3,1,5,3,4,3,1,3,5,5,4,5,1,1,4,2,2,5,3,1,4,2,2,2,4,4,2,4,3,4,5,5
M1347,2,4,5,5,1,2,1,3,3,5,3,2,5,2,4,4,4,2,2,4,4,4,2,1,4,3,5,3,5,5,2,3,2,1,4,5,5,1,2,5,2,2,3,1,5,1,3,3,5,4,4,2,1,2,2,2,1,2,2,1,1,2,5,5,3,1,4,2,5,2,2,5,4,1,2,4,2,3,3,1,5,4,3,4,3,3,2,1,4,4,4,1,1,2,2,4,1,1,1,5
M1351,4,5,3,5,4,4,2,4,5,1,4,3,1,5,1,2,1,5,1,3,5,3,4,4,4,5,2,5,2,2,3,2,1,1,4,4,1,3,3,5,1,4,1,2,1,3,3,5,3,3,1,3,2,3,2,3,3,1,4,2,1,1,2,2,4,2,4,3,5,1,4,5,4,1,3,3,3,2,2,4,3,5,3,4,4,5,1,3,5,3,1,5,2,5,4,4,4,5,4,4
M1352,1,1,2,3,5,2,1,3,2,3,2,1,2,1,5,1,3,5,4,3,1,1,5,2,1,1,2,3,3,5,2,4,5,1,2,3,4,5,5,1,3,4,4,3,2,3,3,5,4,2,5,4,4,4,5,4,2,5,1,2,4,2,4,2,3,2,2,2,2,3,2,2,3,5,2,2,1,2,5,5,1,4,2,2,5,4,1,5,4,3,4,3,2,3,2,3,5,5,3,1
M1353,3,5,5,5,4,3,2,5,3,1,3,3,1,5,1,1,4,3,2,5,4,4,2,5,3,1,1,3,2,1,3,5,2,3,2,4,2,3,3,5,5,4,2,1,3,1,2,4,5,2,1,3,3,1,2,5,4,1,5,5,3,4,1,4,5,1,3,3,1,4,2,4,4,2,5,1,2,5,2,3,3,4,4,3,5,2,1,4,3,4,4,3,4,3,3,1,2,4,1,4
M1354,4,4,3,5,5,1,5,2,1,5,4,5,2,4,1,2,4,5,5,4,3,2,5,3,4,3,4,5,2,5,2,3,5,4,2,2,5,1,2,4,4,1,4,5,1,1,5,3,4,2,2,2,4,5,4,5,5,4,5,2,4,1,2,1,1,3,5,1,2,5,2,3,1,3,3,4,1,2,4,2,2,2,2,4,4,5,4,3,5,3,1,4,3,5,3,3,4,1,1,5
M1356,4,3,5,5,2,4,1,1,2,2,4,3,2,5,4,4,1,3,2,5,5,1,2,1,2,1,2,5,4,3,3,5,1,5,4,4,4,2,4,2,5,4,2,3,1,2,2,4,5,4,3,3,2,3,2,5,5,4,4,4,5,2,4,3,5,4,3,2,2,2,1,2,3,4,1,2,3,2,1,5,1,5,4,2,4,4,4,3,5,3,3,2,5,4,1,2,3,1,1,1
M1357,2,2,3,5,3,3,4,2,1,1,4,1,5,1,2,3,4,3,1,3,1,2,2,5,5,1,1,3,3,5,2,5,3,5,4,1,3,1,1,1,2,4,5,3,1,2,5,3,2,5,4,2,5,3,2,3,4,3,1,2,2,3,4,1,4,1,5,4,3,3,1,2,2,4,5,2,2,2,4,4,2,4,4,5,3,1,1,3,2,5,5,5,1,1,1,1,2,2,5,4
M1358,1,5,4,3,5,1,5,3,5,4,4,3,5,2,3,4,5,1,1,4,4,2,5,5,2,3,4,1,4,4,4,4,5,3,3,2,1,4,1,3,1,5,2,1,4,1,1,3,5,4,3,3,4,4,3,1,2,2,4,4,2,5,2,5,2,2,5,4,5,5,2,1,3,3,2,1,5,1,1,4,2,2,2,2,2,2,4,5,3,2,1,5,1,4,4,4,3,4,5,1
M1359,1,5,4,2,1,3,4,4,3,4,2,2,1,3,5,3,4,4,3,5,5,3,3,5,4,3,1,3,4,2,3,2,5,3,3,2,4,1,2,2,5,3,5,2,5,5,4,4,1,2,1,2,5,4,3,3,4,5,4,3,4,1,2,5,3,2,1,2,1,2,3,5,3,4,1,2,1,2,4,4,4,5,2,1,1,1,4,3,3,1,3,1,2,1,2,1,3,5,4,2
M1360,4,3,2,3,5,1,2,2,1,3,2,4,2,5,2,4,3,1,4,3,3,5,2,2,3,2,4,3,3,4,1,2,5,2,2,2,1,1,5,5,1,4,2,3,1,5,5,2,4,2,5,4,4,5,5,5,2,1,4,2,1,3,1,1,1,5,3,1,3,1,3,5,4,4,3,3,3,4,4,5,5,5,5,2,2,5,2,1,4,4,3,1,4,2,4,3,2,4,4,1
M1361,5,5,2,2,2,4,4,3,2,1,1,2,1,1,1,2,2,2,4,3,4,5,1,4,3,3,2,3,5,1,4,3,2,2,5,2,3,5,3,2,4,5,2,3,3,1,3,5,5,3,3,1,5,2,1,4,1,1,2,2,1,3,5,5,1,3,1,1,5,2,5,3,5,1,2,2,5,2,2,3,1,2,5,5,2,2,4,3,2,3,5,5,4,5,1,5,1,4,3,2
M1362,1,2,5,2,4,4,5,5,3,2,4,3,1,1,1,1,5,2,3,4,5,1,5,2,5,2,3,2,3,3,3,5,5,5,4,5,3,5,2,3,3,2,1,1,2,5,3,1,1,1,1,5,1,2,1,5,5,5,4,2,5,4,5,1,5,1,2,4,4,4,2,2,5,2,5,1,1,5,3,3,3,2,5,4,5,3,2,4,1,1,5,1,2,4,1,1,2,3,2,4
M1363,5,3,3,5,3,5,5,2,2,1,2,5,2,2,5,2,3,4,5,5,4,1,2,3,5,5,1,1,3,5,3,3,5,5,2,2,4,4,5,2,5,4,5,1,4,4,1,4,1,1,5,5,5,3,5,5,4,5,1,5,2,2,5,2,1,1,4,3,3,3,2,1,3,1,5,4,3,5,2,3,1,4,3,5,5,4,5,5,1,5,5,1,4,3,2,3,4,5,4,5
M1364,1,2,1,1,4,3,1,1,4,1,2,1,2,4,1,2,3,2,2,3,5,5,5,4,4,4,1,2,1,4,1,3,5,4,5,2,5,1,3,2,5,4,4,2,3,2,3,1,2,2,4,2,3,2,4,3,1,2,2,3,5,2,1,2,2,1,3,3,3,5,3,3,1,3,3,4,4,3,4,2,3,2,2,1,1,3,5,3,2,2,2,5,4,2,2,5,5,3,2,1
M1365,3,1,3,3,1,1,2,5,5,5,2,4,1,4,1,5,5,2,4,2,2,2,2,5,1,1,4,1,2,1,3,5,1,5,3,1,4,4,4,1,1,3,2,1,2,5,3,2,3,2,4,5,3,1,4,1,2,2,4,5,2,4,3,3,1,5,1,3,2,5,2,5,2,5,1,1,4,2,3,4,3,1,5,2,5,5,1,2,2,3,4,3,3,3,1,5,4,4,5,4
M1366,1,1,1,5,5,4,2,2,5,5,1,5,3,5,1,1,1,1,1,3,1,2,3,1,3,2,1,2,5,4,1,5,5,5,1,1,5,3,4,3,5,1,5,4,2,2,1,1,3,5,3,1,4,1,5,1,5,4,4,4,1,1,3,4,3,2,4,1,4,1,2,1,4,3,4,5,1,4,4,2,5,1,3,1,2,2,4,5,4,2,2,1,4,2,3,1,5,5,4,3
M1367,5,2,1,4,3,3,3,4,4,3,2,2,2,3,3,5,5,3,5,2,3,4,4,3,4,3,4,3,2,2,4,1,3,5,2,4,4,4,5,2,1,5,2,5,3,2,4,2,4,2,1,4,4,3,5,3,5,4,5,2,4,3,1,1,5,4,1,2,1,3,5,4,4,2,5,2,3,5,3,1,4,2,1,3,4,3,5,3,1,5,4,3,5,1,5,2,2,2,3,1
M1368,4,5,3,2,2,3,3,1,4,5,3,5,4,2,1,3,3,5,2,1,3,1,4,2,2,5,4,1,3,2,4,4,4,5,2,3,2,3,2,5,1,1,2,1,4,5,1,2,3,4,5,5,2,3,1,5,5,3,5,2,4,3,3,4,5,5,4,5,4,1,2,5,3,1,4,1,4,1,5,1,2,2,1,3,2,2,1,3,4,2,1,4,2,5,1,3,5,3,2,2
M1370,1,4,5,5,3,4,3,3,3,2,1,3,4,2,4,4,2,5,5,4,4,3,5,5,1,4,1,1,3,3,3,2,2,2,1,2,3,4,5,5,1,4,5,4,2,2,4,2,3,4,4,1,3,4,5,2,1,3,1,5,5,2,4,2,4,1,1,4,3,4,5,5,3,4,2,1,2,5,4,4,5,5,3,2,1,4,5,4,1,5,5,5,1,2,1,1,3,5,4,3
M1371,5,4,1,4,1,4,5,3,4,4,3,4,2,3,1,2,1,5,4,1,3,1,1,4,4,1,4,5,1,3,2,4,3,1,2,4,3,5,2,2,3,1,4,4,5,1,4,1,3,2,4,4,4,2,2,1,3,5,4,2,2,5,4,1,3,4,3,1,1,2,3,3,4,4,5,2,3,5,5,3,5,1,4,4,2,5,2,5,4,4,2,3,2,3,5,5,5,2,3,2
M1378,2,4,5,3,2,2,4,5,5,2,2,3,5,2,4,2,2,5,5,4,1,5,5,2,3,1,5,2,1,1,5,1,5,4,4,3,4,3,4,2,3,1,1,2,3,5,2,2,5,4,2,4,3,4,1,2,3,4,3,5,3,2,1,4,3,5,3,4,3,4,5,3,5,3,2,1,2,1,3,5,2,4,4,2,4,4,3,2,4,3,1,3,2,5,2,5,1,3,5,2
M1379,1,5,3,5,2,5,1,5,4,5,3,5,1,3,1,2,2,2,1,4,2,3,5,1,4,5,3,2,5,3,1,4,2,4,1,3,2,1,2,4,2,1,4,1,1,4,4,1,3,4,1,4,2,5,5,4,2,3,1,4,2,4,1,5,3,1,4,3,1,2,5,5,4,5,1,5,1,2,4,5,2,3,3,3,3,3,1,2,2,5,3,2,4,2,3,5,5,5,1,2
M1380,5,5,4,4,1,5,2,2,1,2,5,1,1,1,3,5,5,1,2,5,1,1,1,1,3,1,5,1,4,2,5,1,1,2,5,5,2,4,5,2,4,5,1,3,5,3,3,1,3,1,5,2,5,4,4,1,5,2,3,2,3,2,3,2,5,3,1,2,4,2,2,4,4,2,1,4,3,1,5,5,2,1,2,1,2,2,3,5,5,4,5,4,3,4,2,4,3,1,5,2
M1383,5,3,3,1,2,1,1,2,1,5,1,2,4,2,3,4,5,3,5,4,2,3,4,4,1,5,3,1,2,3,4,3,1,1,3,2,4,5,5,5,3,2,1,4,2,5,2,2,5,3,4,1,1,1,3,4,1,4,2,3,3,2,1,3,1,2,4,2,5,3,2,2,2,5,3,2,3,5,1,3,2,4,2,5,1,3,1,2,3,5,5,5,2,4,2,4,2,1,1,3
M1385,5,2,2,5,2,5,3,3,1,1,3,5,5,3,5,4,2,1,5,2,5,4,4,1,3,1,2,1,3,4,4,2,5,2,2,3,2,5,5,4,3,3,2,5,5,4,4,4,4,3,4,1,4,3,1,1,5,2,5,5,5,2,4,2,2,5,1,4,2,5,1,2,2,4,3,1,3,5,5,4,3,1,4,3,1,5,1,2,5,4,5,1,4,2,1,2,1,2,1,4
M1404,3,1,3,1,3,1,4,4,2,5,3,1,4,2,5,4,5,5,5,3,3,4,1,3,1,1,5,5,1,4,5,4,5,2,2,2,3,4,4,5,3,5,2,2,5,1,4,3,5,5,5,2,3,4,4,2,4,3,3,1,1,5,3,4,2,3,2,2,5,5,2,2,1,5,5,1,3,3,4,5,2,3,2,2,1,4,3,4,3,5,1,1,1,2,1,2,4,1,3,1
M1405,3,4,3,1,3,5,5,4,3,4,4,1,5,2,4,4,4,4,3,1,1,1,4,4,4,4,4,3,4,2,2,2,1,4,1,5,2,4,5,2,1,4,3,2,1,4,3,3,4,1,1,3,4,3,2,1,1,2,4,1,5,5,5,2,4,2,4,5,1,2,3,1,1,5,2,2,2,3,5,1,2,2,5,4,2,4,3,1,5,3,5,5,1,3,4,4,5,1,5,3
M1406,5,3,4,2,5,2,2,3,1,2,1,5,2,1,1,1,2,5,5,3,1,3,1,2,1,3,3,4,3,1,5,4,5,4,1,1,5,2,4,1,4,3,3,2,2,2,1,5,2,3,1,2,2,1,4,2,5,3,2,4,5,1,4,5,4,2,2,5,3,2,3,4,1,4,4,4,4,2,3,4,1,5,2,4,1,2,5,3,4,4,2,2,5,5,1,3,2,2,5,4
M1407,1,2,4,1,5,5,4,3,1,4,4,1,3,5,2,5,2,5,3,4,3,4,4,3,4,3,1,2,3,5,2,1,1,2,1,2,3,1,3,2,2,1,2,1,3,3,5,3,3,1,2,2,4,3,3,5,3,4,2,5,2,2,5,4,3,3,3,4,1,4,3,1,5,3,5,4,5,2,2,2,1,2,5,5,2,5,1,5,1,4,4,1,2,2,5,2,3,5,5,4
M1408,3,5,1,4,2,4,5,3,2,3,5,3,2,2,4,5,4,5,3,3,2,1,5,4,1,1,4,2,3,2,4,5,4,1,5,1,3,4,1,1,5,1,3,3,1,2,2,5,4,4,3,4,5,1,1,3,5,5,4,4,3,5,2,2,4,3,2,4,4,1,4,1,2,4,1,1,2,3,1,4,3,4,3,2,5,3,1,3,3,5,3,5,4,1,5,2,3,3,3,3
M1410,5,3,1,1,1,4,5,5,5,3,5,4,4,2,5,4,5,3,4,5,1,2,4,3,2,3,5,1,5,5,3,4,3,4,2,1,4,2,5,1,4,2,4,5,5,4,3,1,5,1,5,5,3,3,2,5,2,5,3,1,4,1,5,4,5,3,1,1,4,3,5,5,2,1,4,5,1,5,3,2,4,2,5,2,2,1,1,4,1,2,2,4,1,5,3,3,5,4,3,2
M1412,2,3,2,4,1,2,5,5,3,2,1,3,4,1,3,3,2,5,5,5,4,1,3,5,2,1,3,5,4,5,4,4,3,1,3,3,4,5,2,3,4,3,3,1,3,4,1,2,4,3,2,1,5,3,1,3,1,3,5,4,3,2,2,3,2,1,5,1,4,5,3,2,4,1,2,4,2,2,2,1,3,4,3,3,1,4,2,3,1,1,1,3,2,1,1,2,1,3,1,3
M1413,4,5,4,5,4,5,1,4,2,1,5,3,5,4,1,1,4,5,2,4,5,2,1,2,4,4,3,2,4,4,1,2,3,1,3,4,2,5,5,3,1,1,5,4,5,3,5,3,2,5,3,5,4,4,5,4,2,5,2,4,1,1,4,4,4,5,5,4,1,5,2,1,1,4,2,4,3,1,3,4,2,5,2,1,5,1,5,4,2,3,2,3,1,4,3,5,5,5,4,3
M1414,3,2,5,5,4,3,5,4,4,5,5,5,4,5,2,4,2,1,4,1,2,1,2,2,5,5,2,1,5,3,1,2,5,3,3,5,1,5,1,1,5,4,2,4,3,3,5,2,1,2,1,4,4,5,2,3,3,4,1,1,2,4,5,3,1,2,4,5,3,5,4,3,5,5,4,3,2,5,2,5,2,5,4,5,5,5,3,5,1,2,4,1,5,3,5,2,1,3,4,3
M1417,5,2,3,5,2,5,3,1,3,1,4,5,5,5,2,5,5,5,5,1,5,2,3,3,3,5,2,4,2,1,2,5,4,2,2,3,4,1,1,1,3,1,5,4,2,2,5,1,2,5,5,1,3,5,5,1,4,1,2,1,5,5,4,3,4,2,5,2,5,2,5,1,5,4,5,1,1,4,3,5,5,1,3,3,2,4,3,3,3,2,4,3,2,2,4,1,2,5,2,5
M1419,1,4,1,1,5,1,4,3,3,1,1,2,2,1,5,2,5,5,5,5,2,1,2,2,2,2,3,1,4,3,3,1,5,3,4,3,2,1,3,4,1,2,2,1,1,5,3,2,2,3,3,4,1,5,2,5,4,5,5,5,1,2,2,1,2,2,5,4,1,2,2,4,1,3,4,1,2,2,2,5,2,3,5,4,4,3,3,2,4,3,3,5,4,4,5,2,2,5,1,1
M1420,2,5,1,2,3,3,4,5,3,1,1,5,5,5,2,1,1,3,3,2,3,3,3,1,3,5,2,5,5,4,4,2,3,4,3,3,4,5,3,1,5,1,5,3,2,1,1,2,2,5,1,3,2,5,3,5,5,3,4,1,1,1,4,2,5,3,2,4,1,3,4,3,2,4,5,1,5,3,1,2,4,3,5,1,5,5,5,1,3,1,5,3,2,1,1,4,4,3,3,5
M1425,4,3,2,2,4,2,3,5,1,2,2,2,3,2,5,4,1,4,4,1,5,5,3,3,5,4,3,3,4,1,5,5,3,1,5,5,3,1,4,2,3,1,4,2,3,5,4,2,4,4,2,3,1,1,3,3,3,4,2,5,1,3,4,4,3,2,1,5,5,1,2,1,1,4,1,4,1,1,3,1,4,3,4,5,1,4,3,4,5,3,5,3,3,2,2,1,5,1,2,3
M1428,4,5,1,4,4,4,1,2,3,3,4,5,3,1,2,2,3,3,4,5,2,1,5,4,1,2,2,5,3,5,5,1,5,3,4,4,5,3,5,1,4,1,4,1,1,4,3,1,4,5,1,1,4,4,5,1,4,3,1,3,3,5,1,2,4,5,4,4,3,5,4,5,3,2,1,2,4,3,3,1,5,1,1,3,4,3,3,1,1,2,2,2,5,4,2,4,5,5,5,4
M1429,5,1,1,2,5,5,3,1,3,4,1,4,1,1,2,5,3,3,1,3,4,1,1,3,4,1,1,1,3,4,3,5,2,4,1,1,1,5,3,2,3,3,4,1,3,1,2,2,3,5,1,2,3,5,1,4,5,1,5,3,5,2,1,2,4,3,2,4,4,3,2,1,1,1,3,2,5,5,2,3,2,2,5,2,3,2,2,2,1,4,3,4,3,2,4,1,2,1,3,2
M1430,1,2,2,3,2,4,2,3,3,2,3,4,1,2,3,3,1,5,3,2,5,4,2,4,4,5,5,3,5,2,4,3,4,5,1,5,5,1,1,2,1,3,1,1,2,3,4,1,4,3,2,4,4,2,1,3,3,5,3,2,4,4,2,2,4,5,5,1,5,1,3,3,1,2,2,4,2,5,2,2,4,4,5,3,5,1,5,5,2,1,2,5,2,3,5,2,2,3,5,3
M1431,4,1,2,5,1,3,5,3,1,1,5,2,3,4,5,1,4,4,4,5,1,1,1,4,5,2,2,4,1,4,5,3,4,1,4,1,1,2,1,3,3,3,4,5,5,3,5,5,5,2,3,4,5,2,1,2,1,4,2,3,3,1,2,1,3,1,2,1,2,1,1,4,2,4,3,1,3,2,1,4,3,4,2,3,2,1,5,4,5,1,4,3,4,4,3,4,3,3,5,1
M1432,5,4,3,2,3,5,4,5,2,4,3,4,4,4,2,4,1,4,5,3,2,3,4,1,3,5,2,5,5,5,4,4,5,3,3,3,5,4,2,5,1,2,5,3,3,4,2,1,4,5,2,1,4,1,4,3,4,2,1,1,2,1,2,5,4,1,2,4,3,2,2,5,5,3,4,3,4,1,1,5,5,3,3,3,4,5,4,4,4,3,5,4,5,4,4,3,4,1,2,1
M1433,5,5,5,2,3,1,3,5,4,1,2,1,2,1,3,2,4,4,1,2,2,4,4,1,4,1,3,1,5,5,5,3,4,4,5,3,2,3,4,3,4,4,4,2,2,5,3,2,3,1,1,2,5,2,4,3,4,3,2,1,2,2,3,1,4,3,3,3,1,5,4,2,5,1,1,3,3,5,3,1,1,3,5,1,3,4,1,4,1,2,2,1,4,4,1,2,4,5,5,2
M1438,4,4,1,2,4,1,2,1,2,2,4,2,4,1,1,1,2,3,5,4,4,2,5,1,1,3,4,3,2,3,3,3,4,3,3,3,1,4,5,5,4,3,5,3,4,4,2,2,3,5,4,3,2,1,2,5,4,2,2,3,5,4,5,3,1,3,5,5,1,1,5,2,1,5,2,1,3,5,1,3,5,5,2,3,1,4,5,4,1,1,1,2,1,5,1,3,3,3,3,1
M1463,4,1,3,3,1,4,3,3,5,4,4,1,4,5,3,4,4,4,1,1,5,3,1,5,2,2,4,2,5,4,2,4,4,3,5,1,3,1,2,1,5,3,4,1,3,2,1,3,2,3,5,5,3,3,3,1,3,2,2,3,4,5,1,4,1,4,5,4,3,1,4,3,3,2,3,4,1,5,5,5,5,5,1,2,2,4,4,4,2,3,4,1,1,2,5,3,1,3,3,3
M1464,2,1,4,2,2,4,4,5,1,2,2,3,4,1,5,2,4,2,5,2,5,5,5,2,4,5,3,4,1,1,1,4,4,3,2,3,3,1,2,1,4,3,4,4,4,4,3,2,3,3,2,5,2,5,2,3,5,4,1,2,3,5,3,4,2,2,1,5,2,2,4,5,1,4,1,3,5,2,3,3,3,2,1,5,4,1,1,3,5,4,4,1,5,4,3,3,5,3,2,4
M1465,3,4,2,5,1,5,2,1,3,4,5,5,3,2,1,5,3,1,2,5,2,1,4,3,3,3,1,3,1,1,3,5,3,1,4,2,4,2,2,2,2,5,3,4,3,4,4,3,2,2,3,5,5,2,5,5,2,4,3,5,4,4,4,3,5,3,2,4,5,5,1,2,4,2,5,5,1,2,5,3,5,1,5,1,4,3,1,3,3,1,4,4,3,1,1,4,2,2,4,1
M1466,1,4,1,3,3,2,5,2,5,3,4,2,2,4,5,1,2,1,2,3,5,2,5,1,5,4,2,1,3,4,1,3,2,5,1,2,3,2,5,5,4,5,3,2,2,3,5,2,1,1,1,3,2,3,2,3,3,1,1,1,3,3,4,1,3,1,2,3,1,4,5,5,1,2,4,1,4,3,3,2,2,4,1,2,4,4,4,5,5,2,4,1,2,4,5,1,3,4,4,1
M1467,2,2,5,1,4,2,5,1,2,3,3,4,2,2,4,2,5,2,1,3,4,5,5,1,1,5,4,1,3,5,1,3,1,2,5,4,3,1,1,5,2,5,2,2,2,3,1,3,4,5,3,1,2,1,1,3,2,5,2,1,3,3,3,4,4,3,4,5,1,1,3,3,3,4,4,4,5,4,2,1,2,5,2,3,2,3,3,3,4,2,3,5,2,4,1,5,1,1,5,2
M1469,5,2,2,1,1,5,4,5,2,2,2,5,4,4,4,3,1,1,5,4,5,5,2,4,5,2,1,1,2,5,1,4,5,5,3,2,4,1,1,4,2,3,2,5,3,1,3,5,5,4,1,4,3,2,3,2,5,2,3,2,5,2,4,3,3,1,3,5,4,1,2,1,2,1,3,1,2,4,1,2,4,3,1,1,1,5,2,3,2,4,3,2,1,4,5,5,2,4,5,3
M1470,1,5,3,2,4,1,1,5,5,2,3,3,1,1,5,3,2,4,5,3,4,3,5,2,1,2,2,4,5,1,1,5,5,2,4,2,5,3,3,3,2,3,2,4,4,5,3,3,3,5,1,4,5,3,2,5,2,5,1,2,5,3,2,5,3,5,1,2,4,1,4,5,3,1,2,2,1,1,2,1,1,4,1,5,5,4,2,5,1,5,2,3,2,1,4,2,3,3,4,3
M1471,4,4,3,1,1,5,4,3,4,4,3,2,4,2,2,5,1,4,5,3,4,3,2,5,1,4,5,5,3,1,3,1,3,4,2,3,5,3,5,4,4,2,3,3,1,1,1,1,1,1,2,1,5,2,2,1,3,1,5,1,1,5,1,3,4,5,1,5,5,4,2,2,2,3,3,4,5,3,2,2,3,5,5,3,5,1,3,3,4,2,2,4,1,2,3,3,3,2,5,5
M1476,4,5,1,4,4,2,1,5,4,4,1,1,2,2,1,2,4,3,5,4,1,4,3,5,3,4,4,4,2,2,5,3,4,5,3,3,2,4,3,4,1,5,2,4,3,3,4,4,3,1,5,2,1,1,4,2,3,4,2,1,1,3,1,3,1,1,4,3,2,1,3,3,5,3,1,3,3,4,3,4,3,4,1,5,3,1,5,2,5,2,4,4,3,1,5,3,5,1,2,3
M1478,1,1,5,2,2,5,1,4,1,1,5,2,5,1,1,3,2,4,2,1,4,5,3,4,1,3,5,4,5,4,3,2,1,4,1,3,2,5,4,1,3,2,5,4,1,5,5,5,4,4,5,1,1,4,1,5,3,3,2,3,3,3,3,4,4,5,2,1,5,5,3,2,1,3,3,5,4,2,4,4,3,4,1,5,4,2,5,2,5,1,1,2,5,3,1,4,2,2,2,2
M1479,1,3,3,1,4,2,2,2,4,1,4,1,2,2,1,4,5,1,5,3,4,2,2,5,1,4,4,5,1,4,4,5,2,3,5,5,2,3,2,1,1,1,1,4,5,3,2,3,3,1,2,4,5,5,1,3,1,1,2,1,2,5,4,2,1,5,4,2,5,2,2,2,1,3,2,5,1,3,4,3,4,1,1,1,2,3,5,2,1,3,1,1,3,2,5,1,3,3,3,4
M1480,1,5,3,2,4,1,3,1,1,5,2,5,2,1,5,1,5,4,2,2,1,2,2,5,2,4,3,1,5,5,5,3,3,3,4,5,1,4,3,2,2,2,5,1,5,1,5,5,5,2,5,5,3,3,2,3,1,5,1,3,2,4,2,5,1,5,4,3,5,5,2,1,3,4,1,3,4,1,2,2,3,1,3,1,1,5,5,2,4,1,1,2,1,3,3,4,5,4,1,1
